HMMER3/f [3.4 | Aug 2023]
NAME  A
LENG  50
ALPH  amino
RF    no
MM    no
CONS  yes
CS    no
MAP   yes
DATE  Fri Jul  5 21:59:11 2024
NSEQ  260
EFFN  5.820007
CKSUM 2790748595
STATS LOCAL MSV       -8.4299  0.71919
STATS LOCAL VITERBI   -8.6947  0.71919
STATS LOCAL FORWARD   -4.0008  0.71919
HMM          A        C        D        E        F        G        H        I        K        L        M        N        P        Q        R        S        T        V        W        Y   
            m->m     m->i     m->d     i->m     i->i     d->m     d->d
  COMPO   2.51104  4.69346  3.16517  3.09820  2.94946  2.98233  4.21738  2.99199  3.01479  2.25239  2.56670  3.30992  3.89916  3.53767  2.75710  2.64887  2.55921  2.25257  5.28220  4.15270
          2.68618  4.42225  2.77519  2.73123  3.46354  2.40513  3.72494  3.29354  2.67741  2.69355  4.24690  2.90347  2.73739  3.18146  2.89801  2.37887  2.77519  2.98518  4.58477  3.61503
          0.16475  3.68062  2.06605  0.61958  0.77255  0.00000        *
      1   2.73760  4.35557  3.69395  3.29669  3.12610  3.56420  4.10583  2.27948  3.06791  1.81462  2.19046  3.60207  4.05500  3.49264  3.30333  3.03833  3.05370  2.23608  4.90064  3.60994      1 l - - -
          2.68618  4.42225  2.77519  2.73123  3.46354  2.40513  3.72494  3.29354  2.67741  2.69355  4.24690  2.90347  2.73739  3.18146  2.89801  2.37887  2.77519  2.98518  4.58477  3.61503
          0.04321  3.55908  4.28142  0.61958  0.77255  0.56850  0.83557
      2   2.35898  4.11895  2.95745  2.83686  3.89731  1.45312  3.94232  3.44421  2.96243  3.13882  4.14534  3.13215  3.49951  3.32393  3.20302  2.52891  2.81688  3.04590  5.04819  3.99932      2 g - - -
          2.68618  4.42225  2.77519  2.73123  3.46354  2.40513  3.72494  3.29354  2.67741  2.69355  4.24690  2.90347  2.73739  3.18146  2.89801  2.37887  2.77519  2.98518  4.58477  3.61503
          0.04321  3.55908  4.28142  0.61958  0.77255  0.49734  0.93687
      3   4.66746  6.04818  5.83930  5.69542  4.67259  5.12629  6.16248  4.05745  5.45714  3.21192  0.15658  5.79530  5.70570  5.78145  5.47287  5.05365  5.06415  4.18814  6.48862  5.37642      3 M - - -
          2.68618  4.42225  2.77519  2.73123  3.46354  2.40513  3.72494  3.29354  2.67741  2.69355  4.24690  2.90347  2.73739  3.18146  2.89801  2.37887  2.77519  2.98518  4.58477  3.61503
          0.00847  5.17158  5.89392  0.61958  0.77255  0.52583  0.89419
      4   4.03161  5.82725  4.84732  4.78172  6.09633  0.16425  5.81953  5.85070  4.65885  5.36123  6.28731  4.95487  5.22904  5.18395  3.26359  4.20541  4.54818  5.17884  7.03094  6.15016      4 G - - -
          2.68618  4.42225  2.77519  2.73123  3.46354  2.40513  3.72494  3.29354  2.67741  2.69355  4.24690  2.90347  2.73739  3.18146  2.89801  2.37887  2.77519  2.98518  4.58477  3.61503
          0.00847  5.17158  5.89392  0.61958  0.77255  0.52583  0.89419
      5   3.90497  5.54078  4.73872  4.35507  4.45855  4.59684  5.04837  3.77985  2.89617  3.16277  0.37086  4.61309  5.11017  4.37406  3.78606  4.15247  4.21087  3.73296  6.07078  4.86404      5 M - - -
          2.68618  4.42225  2.77519  2.73123  3.46354  2.40513  3.72494  3.29354  2.67741  2.69355  4.24690  2.90347  2.73739  3.18146  2.89801  2.37887  2.77519  2.98518  4.58477  3.61503
          0.00847  5.17158  5.89392  0.61958  0.77255  0.52583  0.89419
      6   5.08255  6.51394  5.68405  5.12463  6.24830  5.09972  5.58426  6.06194  3.84193  5.33546  6.40315  5.35457  5.63838  4.85261  0.09666  5.18919  5.33048  5.74051  6.87160  6.07770      6 R - - -
          2.68618  4.42225  2.77519  2.73123  3.46354  2.40513  3.72494  3.29354  2.67741  2.69355  4.24690  2.90347  2.73739  3.18146  2.89801  2.37887  2.77519  2.98518  4.58477  3.61503
          0.00847  5.17158  5.89392  0.61958  0.77255  0.52583  0.89419
      7   4.27427  5.56744  6.03984  5.58318  3.84652  5.46437  5.97341  2.54913  5.29888  2.15227  0.41702  5.73173  5.68699  5.38636  5.31767  4.94954  4.54163  3.06965  6.05352  4.96723      7 M - - -
          2.68618  4.42225  2.77519  2.73123  3.46354  2.40513  3.72494  3.29354  2.67741  2.69355  4.24690  2.90347  2.73739  3.18146  2.89801  2.37887  2.77519  2.98518  4.58477  3.61503
          0.00843  5.17594  5.89828  0.61958  0.77255  0.52583  0.89419
      8   4.42823  5.67520  6.39929  5.89551  4.07128  5.77645  6.32409  2.72001  5.70335  2.33247  0.38032  6.04471  5.93003  5.68412  5.69701  5.22600  4.68273  2.58655  6.33169  5.31971      8 M - - -
          2.68618  4.42225  2.77519  2.73123  3.46354  2.40513  3.72494  3.29354  2.67741  2.69355  4.24690  2.90347  2.73739  3.18146  2.89801  2.37887  2.77519  2.98518  4.58477  3.61503
          0.00662  5.41664  6.13898  0.61958  0.77255  0.52583  0.89419
      9   4.17288  5.52075  5.82826  5.44199  0.36650  5.15769  4.91351  3.56542  5.23984  2.54014  4.30920  5.22941  5.54150  5.23781  5.22249  3.72302  4.45512  3.04363  5.08542  3.45584      9 F - - -
          2.68618  4.42225  2.77519  2.73123  3.46354  2.40513  3.72494  3.29354  2.67741  2.69355  4.24690  2.90347  2.73739  3.18146  2.89801  2.37887  2.77519  2.98518  4.58477  3.61503
          0.00662  5.41664  6.13898  0.61958  0.77255  0.52583  0.89419
     10   3.21121  4.98983  5.27172  4.83967  4.53413  4.32257  5.40394  1.99952  4.69970  3.42540  4.46172  4.77943  4.95724  4.92637  4.83773  3.45670  0.53484  2.72248  6.14195  4.96261     10 T - - -
          2.68618  4.42225  2.77519  2.73123  3.46354  2.40513  3.72494  3.29354  2.67741  2.69355  4.24690  2.90347  2.73739  3.18146  2.89801  2.37887  2.77519  2.98518  4.58477  3.61503
          0.00662  5.41746  6.13981  0.61958  0.77255  0.52583  0.89419
     11   3.65990  5.27905  6.14947  5.65283  4.47731  5.60899  6.23272  2.40124  5.56159  2.67935  2.16720  5.77738  5.82961  5.74233  5.66712  5.01933  4.31738  0.46174  6.52864  5.36319     11 V - - -
          2.68618  4.42225  2.77519  2.73123  3.46354  2.40513  3.72494  3.29354  2.67741  2.69355  4.24690  2.90347  2.73739  3.18146  2.89801  2.37887  2.77519  2.98518  4.58477  3.61503
          0.00654  5.42908  6.15142  0.61958  0.77255  0.52583  0.89419
     12   4.05523  4.34617  5.82743  5.54985  0.26714  4.01529  4.89769  4.08158  5.32909  3.25756  4.81042  5.15969  5.44158  5.33484  5.29366  4.32463  4.44146  3.94508  5.08477  3.41181     12 F - - -
          2.68618  4.42225  2.77519  2.73123  3.46354  2.40513  3.72494  3.29354  2.67741  2.69355  4.24690  2.90347  2.73739  3.18146  2.89801  2.37887  2.77519  2.98518  4.58477  3.61503
          0.00654  5.42908  6.15142  0.61958  0.77255  0.52583  0.89419
     13   4.57226  5.80245  6.45331  5.88438  3.90710  5.89053  6.22376  3.17211  5.70140  0.25620  3.01412  6.08957  3.94999  5.56317  5.63796  5.30356  4.78312  3.23004  6.17780  5.25595     13 L - - -
          2.68618  4.42225  2.77519  2.73123  3.46354  2.40513  3.72494  3.29354  2.67741  2.69355  4.24690  2.90347  2.73739  3.18146  2.89801  2.37887  2.77519  2.98518  4.58477  3.61503
          0.00654  5.42908  6.15142  0.61958  0.77255  0.52583  0.89419
     14   4.38151  5.68416  6.13082  5.67058  2.87579  5.51630  5.63201  3.30978  5.49332  0.27837  3.80453  5.69012  5.74459  5.42563  5.45291  3.68971  4.63169  3.54621  5.73502  4.37958     14 L - - -
          2.68618  4.42225  2.77519  2.73123  3.46354  2.40513  3.72494  3.29354  2.67741  2.69355  4.24690  2.90347  2.73739  3.18146  2.89801  2.37887  2.77519  2.98518  4.58477  3.61503
          0.00654  5.42908  6.15142  0.61958  0.77255  0.52583  0.89419
     15   3.42702  5.19601  5.94256  5.49883  4.66734  4.30796  6.12439  2.41228  5.38750  2.96391  4.45677  5.53974  5.64173  5.64746  5.52404  4.66359  4.18808  0.31854  6.59808  5.37317     15 V - - -
          2.68618  4.42225  2.77519  2.73123  3.46354  2.40513  3.72494  3.29354  2.67741  2.69355  4.24690  2.90347  2.73739  3.18146  2.89801  2.37887  2.77519  2.98518  4.58477  3.61503
          0.00654  5.42908  6.15142  0.61958  0.77255  0.52583  0.89419
     16   2.45546  4.84444  5.11722  4.62479  4.23182  3.25072  5.10101  3.03501  4.48941  3.10983  4.21131  4.61429  4.82861  4.68511  4.61257  2.87012  3.62787  0.54661  5.77803  4.59802     16 V - - -
          2.68618  4.42225  2.77519  2.73123  3.46354  2.40513  3.72494  3.29354  2.67741  2.69355  4.24690  2.90347  2.73739  3.18146  2.89801  2.37887  2.77519  2.98518  4.58477  3.61503
          0.00654  5.42908  6.15142  0.61958  0.77255  0.46150  0.99517
     17   4.55402  5.78905  6.42547  5.89054  2.71360  5.83069  6.03942  3.21241  5.73054  0.29775  3.69240  6.02116  5.90666  5.56753  5.65097  5.24556  3.17246  3.50645  6.02695  4.90143     17 L - - -
          2.68618  4.42225  2.77519  2.73123  3.46354  2.40513  3.72494  3.29354  2.67741  2.69355  4.24690  2.90347  2.73739  3.18146  2.89801  2.37887  2.77519  2.98518  4.58477  3.61503
          0.00648  5.43847  6.16082  0.61958  0.77255  0.48576  0.95510
     18   0.42941  4.97885  4.95347  4.51620  4.68985  4.02474  5.20626  4.06498  4.40688  3.80312  4.68685  4.49282  4.72632  4.64791  4.60855  2.94718  2.77494  3.38787  3.33430  4.96613     18 A - - -
          2.68618  4.42225  2.77519  2.73123  3.46354  2.40513  3.72494  3.29354  2.67741  2.69355  4.24690  2.90347  2.73739  3.18146  2.89801  2.37887  2.77519  2.98518  4.58477  3.61503
          0.00649  5.43707  6.15942  0.61958  0.77255  0.48576  0.95510
     19   2.98191  5.19978  3.72535  3.21192  4.56447  3.97344  4.35926  3.28696  3.20541  3.60679  4.44306  3.23778  4.09325  2.90721  3.63425  2.53770  0.76482  3.64219  5.88386  4.58818     19 t - - -
          2.68618  4.42225  2.77519  2.73123  3.46354  2.40513  3.72494  3.29354  2.67741  2.69355  4.24690  2.90347  2.73739  3.18146  2.89801  2.37887  2.77519  2.98518  4.58477  3.61503
          0.00653  5.43069  6.15303  0.61958  0.77255  0.48576  0.95510
     20   2.60856  5.09238  3.96212  3.43254  4.52597  3.98413  4.49378  3.31769  3.36505  3.58114  4.43375  3.47594  4.49419  3.72254  2.96009  2.72685  0.70507  3.59201  5.88201  4.62081     20 t - - -
          2.68618  4.42225  2.77519  2.73123  3.46354  2.40513  3.72494  3.29354  2.67741  2.69355  4.24690  2.90347  2.73739  3.18146  2.89801  2.37887  2.77519  2.98518  4.58477  3.61503
          0.00672  5.40210  6.12445  0.61958  0.77255  0.48576  0.95510
     21   3.33355  4.85613  4.08522  4.68870  4.07892  3.98591  5.15091  2.57001  4.56564  2.11883  4.01488  4.80898  5.06988  4.76869  4.68824  4.03963  3.73560  0.55101  5.71884  4.52451     21 V - - -
          2.68618  4.42225  2.77519  2.73123  3.46354  2.40513  3.72494  3.29354  2.67741  2.69355  4.24690  2.90347  2.73739  3.18146  2.89801  2.37887  2.77519  2.98518  4.58477  3.61503
          0.00679  5.39122  6.11356  0.61958  0.77255  0.48576  0.95510
     22   2.88773  4.70375  4.13516  4.25124  3.90783  3.64507  4.79255  2.69034  4.13923  2.76990  3.88390  4.42002  4.75784  4.35932  4.31094  3.66904  2.74515  0.63740  5.46310  4.26948     22 V - - -
          2.68618  4.42225  2.77519  2.73123  3.46354  2.40513  3.72494  3.29354  2.67741  2.69355  4.24690  2.90347  2.73739  3.18146  2.89801  2.37887  2.77519  2.98518  4.58477  3.61503
          0.00728  5.32257  6.04491  0.61958  0.77255  0.48576  0.95510
     23   2.60481  4.55761  3.57902  3.13006  3.53727  3.38750  4.20325  3.64560  3.12971  3.32230  4.17286  3.45284  3.00921  3.44676  3.50691  0.96777  2.70997  3.25501  5.59441  4.32451     23 s - - -
          2.68618  4.42225  2.77519  2.73123  3.46354  2.40513  3.72494  3.29354  2.67741  2.69355  4.24690  2.90347  2.73739  3.18146  2.89801  2.37887  2.77519  2.98518  4.58477  3.61503
          0.01620  4.52680  5.24914  0.61958  0.77255  0.48576  0.95510
     24   2.80508  4.23820  4.43293  3.85871  1.59882  3.93578  4.28261  1.82998  3.71564  2.29801  3.31658  3.99848  4.31199  3.91290  3.84957  2.86298  2.82920  2.18721  4.86891  3.64834     24 f - - -
          2.68618  4.42225  2.77519  2.73123  3.46354  2.40513  3.72494  3.29354  2.67741  2.69355  4.24690  2.90347  2.73739  3.18146  2.89801  2.37887  2.77519  2.98518  4.58477  3.61503
          0.01704  4.47626  5.19861  0.61958  0.77255  0.48576  0.95510
     25   2.58484  4.57550  3.45257  3.09436  4.44628  3.31822  4.24271  3.86282  3.14291  3.51833  4.34429  3.11056  2.16185  3.46628  3.51745  2.50143  1.14530  3.40109  5.76346  4.50540     25 t - - -
          2.68618  4.42225  2.77519  2.73123  3.46354  2.40513  3.72494  3.29354  2.67741  2.69355  4.24690  2.90347  2.73739  3.18146  2.89801  2.37887  2.77519  2.98518  4.58477  3.61503
          0.01703  4.47696  5.19930  0.61958  0.77255  0.48576  0.95510
     26   2.56550  4.47311  3.54310  3.21570  4.03174  3.29695  4.23427  3.48368  3.16216  2.68224  4.17292  3.47205  3.97155  3.53899  3.46721  0.93444  2.99556  3.13146  5.48330  4.14699     26 s - - -
          2.68618  4.42225  2.77519  2.73123  3.46354  2.40513  3.72494  3.29354  2.67741  2.69355  4.24690  2.90347  2.73739  3.18146  2.89801  2.37887  2.77519  2.98518  4.58477  3.61503
          0.02083  4.27747  4.99982  0.61958  0.77255  0.48576  0.95510
     27   2.99548  5.27363  0.90875  2.29708  4.74822  2.93883  3.94970  4.31560  3.02893  3.88055  4.78720  2.86158  3.91105  3.15764  3.59184  2.93639  3.33679  3.88976  5.91374  4.53807     27 d - - -
          2.68618  4.42225  2.77519  2.73123  3.46354  2.40513  3.72494  3.29354  2.67741  2.69355  4.24690  2.90347  2.73739  3.18146  2.89801  2.37887  2.77519  2.98518  4.58477  3.61503
          0.02711  4.01722  4.73957  0.61958  0.77255  0.48576  0.95510
     28   2.93767  4.77850  3.42223  2.94819  4.11734  3.43582  3.78341  3.65588  2.21848  3.18326  4.18639  3.31201  3.94263  3.00800  1.07798  3.02563  3.20867  3.38285  5.22642  4.05955     28 r - - -
          2.68618  4.42225  2.77519  2.73123  3.46354  2.40513  3.72494  3.29354  2.67741  2.69355  4.24690  2.90347  2.73739  3.18146  2.89801  2.37887  2.77519  2.98518  4.58477  3.61503
          0.08968  3.81027  2.75459  0.61958  0.77255  0.48576  0.95510
     29   1.69853  4.43886  2.79121  2.31141  3.99106  3.12298  3.82310  3.18551  2.68240  2.99243  3.93191  2.99315  3.73705  3.05493  3.04246  2.58986  2.83393  2.87550  5.35075  4.06669     29 a - - -
          2.68618  4.42225  2.77519  2.73123  3.46354  2.40513  3.72494  3.29354  2.67741  2.69355  4.24690  2.90347  2.73739  3.18146  2.89801  2.37887  2.77519  2.98518  4.58477  3.61503
          0.03633  3.72912  4.45146  0.61958  0.77255  0.53014  0.88800
     30   2.25499  4.17000  3.09096  2.90609  3.93467  2.90293  4.01696  3.44051  2.96948  3.17447  4.11757  3.15048  3.63111  3.33196  3.25588  1.33083  2.72541  3.00795  5.32038  4.01872     30 s - - -
          2.68618  4.42225  2.77519  2.73123  3.46354  2.40513  3.72494  3.29354  2.67741  2.69355  4.24690  2.90347  2.73739  3.18146  2.89801  2.37887  2.77519  2.98518  4.58477  3.61503
          0.03633  3.72912  4.45146  0.61958  0.77255  0.53014  0.88800
     31   1.64269  4.22045  2.93446  2.71713  3.96764  2.95141  3.90050  3.28041  2.80237  3.07762  3.98789  2.61246  3.63770  3.16425  3.12995  2.42693  2.70542  2.89362  5.34443  4.05179     31 a - - -
          2.68618  4.42225  2.77519  2.73123  3.46354  2.40513  3.72494  3.29354  2.67741  2.69355  4.24690  2.90347  2.73739  3.18146  2.89801  2.37887  2.77519  2.98518  4.58477  3.61503
          0.03803  3.68421  4.40656  0.61958  0.77255  0.53014  0.88800
     32   2.47029  4.45955  2.82072  2.55170  3.67349  3.12925  3.07338  3.41961  2.55273  3.04365  3.94006  2.96814  3.72086  2.97550  2.89162  1.87745  2.81976  3.06760  5.07301  3.65974     32 s - - -
          2.68618  4.42225  2.77519  2.73123  3.46354  2.40513  3.72494  3.29354  2.67741  2.69355  4.24690  2.90347  2.73739  3.18146  2.89801  2.37887  2.77519  2.98518  4.58477  3.61503
          0.03803  3.68421  4.40656  0.61958  0.77255  0.53014  0.88800
     33   2.76245  4.81575  2.93242  2.29166  4.14257  3.36655  3.58605  3.54256  2.08455  3.11395  4.01748  2.98541  3.83123  2.76182  1.75818  2.79786  2.99850  3.24545  5.26730  4.02160     33 r - - -
          2.68618  4.42225  2.77519  2.73123  3.46354  2.40513  3.72494  3.29354  2.67741  2.69355  4.24690  2.90347  2.73739  3.18146  2.89801  2.37887  2.77519  2.98518  4.58477  3.61503
          0.03803  3.68421  4.40656  0.61958  0.77255  0.53014  0.88800
     34   2.58006  4.55250  2.63649  2.50805  3.88697  3.06663  3.79565  3.56602  2.68884  3.23883  4.20380  1.54542  3.71440  3.07737  3.02891  2.66055  2.96129  3.20801  5.21710  3.85574     34 n - - -
          2.68618  4.42225  2.77519  2.73123  3.46354  2.40513  3.72494  3.29354  2.67741  2.69355  4.24690  2.90347  2.73739  3.18146  2.89801  2.37887  2.77519  2.98518  4.58477  3.61503
          0.03803  3.68421  4.40656  0.61958  0.77255  0.53014  0.88800
     35   1.73308  4.29306  3.12659  2.77716  3.87382  3.09308  3.82849  3.15665  2.58468  2.89395  3.84451  3.11000  3.71039  3.07620  2.52190  2.53261  2.75958  2.83764  5.23461  3.97834     35 a - - -
          2.68618  4.42225  2.77519  2.73123  3.46354  2.40513  3.72494  3.29354  2.67741  2.69355  4.24690  2.90347  2.73739  3.18146  2.89801  2.37887  2.77519  2.98518  4.58477  3.61503
          0.03803  3.68421  4.40656  0.61958  0.77255  0.53014  0.88800
     36   1.73308  4.29306  3.12659  2.77716  3.87382  3.09308  3.82849  3.15665  2.58468  2.89395  3.84451  3.11000  3.71039  3.07620  2.52190  2.53261  2.75958  2.83764  5.23461  3.97834     36 a - - -
          2.68618  4.42225  2.77519  2.73123  3.46354  2.40513  3.72494  3.29354  2.67741  2.69355  4.24690  2.90347  2.73739  3.18146  2.89801  2.37887  2.77519  2.98518  4.58477  3.61503
          0.03803  3.68421  4.40656  0.61958  0.77255  0.53014  0.88800
     37   2.00162  4.09648  3.27838  2.99953  3.90434  2.95407  4.04941  2.92385  2.96462  2.85138  3.85032  3.21174  3.65819  3.33602  3.24900  2.41681  1.81910  2.60295  5.36215  4.12800     37 t - - -
          2.68618  4.42225  2.77519  2.73123  3.46354  2.40513  3.72494  3.29354  2.67741  2.69355  4.24690  2.90347  2.73739  3.18146  2.89801  2.37887  2.77519  2.98518  4.58477  3.61503
          0.03803  3.68421  4.40656  0.61958  0.77255  0.53014  0.88800
     38   2.61202  4.82899  1.67419  2.16922  4.25714  3.06064  3.70072  3.74327  2.68888  3.38801  4.27196  2.70205  3.69247  2.90203  3.19232  2.33453  2.95302  3.35545  5.55284  4.13334     38 d - - -
          2.68618  4.42225  2.77519  2.73123  3.46354  2.40513  3.72494  3.29354  2.67741  2.69355  4.24690  2.90347  2.73739  3.18146  2.89801  2.37887  2.77519  2.98518  4.58477  3.61503
          0.03803  3.68421  4.40656  0.61958  0.77255  0.53014  0.88800
     39   2.70986  5.01832  1.60732  2.08970  4.33580  3.08090  3.67080  3.88428  2.66883  3.48242  4.36308  2.35621  3.70667  2.86624  3.19538  2.66558  3.02762  3.49543  5.60368  4.15752     39 d - - -
          2.68618  4.42225  2.77519  2.73123  3.46354  2.40513  3.72494  3.29354  2.67741  2.69355  4.24690  2.90347  2.73739  3.18146  2.89801  2.37887  2.77519  2.98518  4.58477  3.61503
          0.03803  3.68421  4.40656  0.61958  0.77255  0.53014  0.88800
     40   2.80985  4.85443  3.08403  2.60533  4.20738  3.42223  3.55786  3.60155  1.53683  3.14406  4.04508  3.03183  3.86160  2.72425  2.02179  2.84283  3.02905  3.30341  5.26607  4.04348     40 k - - -
          2.68618  4.42225  2.77519  2.73123  3.46354  2.40513  3.72494  3.29354  2.67741  2.69355  4.24690  2.90347  2.73739  3.18146  2.89801  2.37887  2.77519  2.98518  4.58477  3.61503
          0.03803  3.68421  4.40656  0.61958  0.77255  0.53014  0.88800
     41   1.79788  4.19669  3.52144  3.13733  3.58248  3.27097  4.09537  2.19322  3.03846  2.40301  3.53691  3.40151  3.87417  3.41148  3.32674  2.68990  2.81564  2.21711  5.19273  3.92819     41 a - - -
          2.68618  4.42225  2.77519  2.73123  3.46354  2.40513  3.72494  3.29354  2.67741  2.69355  4.24690  2.90347  2.73739  3.18146  2.89801  2.37887  2.77519  2.98518  4.58477  3.61503
          0.03803  3.68421  4.40656  0.61958  0.77255  0.53014  0.88800
     42   2.20974  4.16424  2.99360  2.75859  4.01286  2.89013  3.91806  3.45758  2.83229  3.15123  4.03055  3.04904  2.90944  3.18209  3.15773  1.66205  2.65782  3.00531  5.36364  4.08793     42 s - - -
          2.68618  4.42225  2.77519  2.73123  3.46354  2.40513  3.72494  3.29354  2.67741  2.69355  4.24690  2.90347  2.73739  3.18146  2.89801  2.37887  2.77519  2.98518  4.58477  3.61503
          0.09581  3.68421  2.71443  0.61958  0.77255  0.53014  0.88800
     43   2.76371  4.77060  2.44504  1.44526  4.09117  3.12992  3.72312  3.49550  2.57373  3.16293  4.16879  2.84820  3.72893  2.95838  2.93994  2.78663  3.07377  3.21278  5.31296  4.05603     43 e - - -
          2.68618  4.42225  2.77519  2.73123  3.46354  2.40513  3.72494  3.29354  2.67741  2.69355  4.24690  2.90347  2.73739  3.18146  2.89801  2.37887  2.77519  2.98518  4.58477  3.61503
          0.04025  3.62865  4.35100  0.61958  0.77255  0.56850  0.83557
     44   2.88757  4.43285  3.77687  3.43752  3.06914  3.64045  4.17023  2.29029  3.20751  1.25715  3.20755  3.73249  4.13340  3.63704  3.41548  3.21174  3.20225  2.25936  4.83879  3.50115     44 l - - -
          2.68618  4.42225  2.77519  2.73123  3.46354  2.40513  3.72494  3.29354  2.67741  2.69355  4.24690  2.90347  2.73739  3.18146  2.89801  2.37887  2.77519  2.98518  4.58477  3.61503
          0.04025  3.62865  4.35100  0.61958  0.77255  0.56850  0.83557
     45   2.76105  4.67798  2.92276  2.61590  4.00666  3.25779  3.66632  3.42476  1.44624  3.05488  4.04952  3.04431  3.79187  2.88733  2.45490  2.83083  3.04427  3.15260  5.17920  3.96160     45 k - - -
          2.68618  4.42225  2.77519  2.73123  3.46354  2.40513  3.72494  3.29354  2.67741  2.69355  4.24690  2.90347  2.73739  3.18146  2.89801  2.37887  2.77519  2.98518  4.58477  3.61503
          0.04025  3.62865  4.35100  0.61958  0.77255  0.56850  0.83557
     46   1.44109  4.10012  3.22901  3.02893  3.81663  2.92594  4.07704  2.91254  3.03784  2.79904  3.87790  3.23649  3.64305  3.40884  3.29471  2.46263  2.72327  2.61403  5.27079  4.04547     46 a - - -
          2.68618  4.42225  2.77519  2.73123  3.46354  2.40513  3.72494  3.29354  2.67741  2.69355  4.24690  2.90347  2.73739  3.18146  2.89801  2.37887  2.77519  2.98518  4.58477  3.61503
          0.04025  3.62865  4.35100  0.61958  0.77255  0.56850  0.83557
     47   2.88757  4.43285  3.77687  3.43752  3.06914  3.64045  4.17023  2.29029  3.20751  1.25715  3.20755  3.73249  4.13340  3.63704  3.41548  3.21174  3.20225  2.25936  4.83879  3.50115     47 l - - -
          2.68618  4.42225  2.77519  2.73123  3.46354  2.40513  3.72494  3.29354  2.67741  2.69355  4.24690  2.90347  2.73739  3.18146  2.89801  2.37887  2.77519  2.98518  4.58477  3.61503
          0.04025  3.62865  4.35100  0.61958  0.77255  0.56850  0.83557
     48   2.53927  4.49636  2.62897  2.49825  3.82138  3.03216  3.76731  3.49457  2.65957  3.17782  4.15005  1.68899  3.68104  3.05634  2.99125  2.62676  2.92292  3.14329  5.16033  3.79932     48 n - - -
          2.68618  4.42225  2.77519  2.73123  3.46354  2.40513  3.72494  3.29354  2.67741  2.69355  4.24690  2.90347  2.73739  3.18146  2.89801  2.37887  2.77519  2.98518  4.58477  3.61503
          0.04025  3.62865  4.35100  0.61958  0.77255  0.56850  0.83557
     49   2.83357  4.34676  3.94144  3.56561  3.22546  3.75793  4.34891  1.45491  3.38578  1.89202  3.22853  3.84375  4.23205  3.77219  3.60993  3.24695  3.14633  1.90332  5.04817  3.75000     49 i - - -
          2.68618  4.42225  2.77519  2.73123  3.46354  2.40513  3.72494  3.29354  2.67741  2.69355  4.24690  2.90347  2.73739  3.18146  2.89801  2.37887  2.77519  2.98518  4.58477  3.61503
          0.04025  3.62865  4.35100  0.61958  0.77255  0.50417  0.92636
     50   2.80622  4.63867  3.27893  2.84568  3.94490  3.31657  3.71759  3.48206  2.20882  3.03370  4.04982  3.21477  3.83810  2.95709  1.31531  2.90562  3.09176  3.21693  5.11145  3.92354     50 r - - -
          2.68618  4.42225  2.77519  2.73123  3.46354  2.40513  3.72494  3.29354  2.67741  2.69355  4.24690  2.90347  2.73739  3.18146  2.89801  2.37887  2.77519  2.98518  4.58477  3.61503
          0.02576  3.67194        *  0.61958  0.77255  0.00000        *
//
HMMER3/f [3.4 | Aug 2023]
NAME  B1
LENG  23
ALPH  amino
RF    no
MM    no
CONS  yes
CS    no
MAP   yes
DATE  Fri Jul  5 21:59:31 2024
NSEQ  53
EFFN  4.085632
CKSUM 596075430
STATS LOCAL MSV       -6.2656  0.72026
STATS LOCAL VITERBI   -6.6730  0.72026
STATS LOCAL FORWARD   -4.3999  0.72026
HMM          A        C        D        E        F        G        H        I        K        L        M        N        P        Q        R        S        T        V        W        Y   
            m->m     m->i     m->d     i->m     i->i     d->m     d->d
  COMPO   3.52649  3.94789  4.04008  4.41361  2.66990  2.94686  3.03096  2.98438  4.34504  1.38457  2.92125  4.45778  3.21356  3.49060  4.07991  3.45676  2.51219  2.51505  5.57279  2.43905
          2.68618  4.42225  2.77519  2.73123  3.46354  2.40513  3.72494  3.29354  2.67741  2.69355  4.24690  2.90347  2.73739  3.18146  2.89801  2.37887  2.77519  2.98518  4.58477  3.61503
          0.03607  5.17620  3.51409  0.61958  0.77255  0.00000        *
      1   4.62760  6.01198  5.80385  5.65443  4.63173  5.09852  6.12434  4.01098  5.41271  3.16939  0.16381  5.75605  5.67545  5.73840  5.43210  5.01474  5.02231  4.14028  6.45361  5.33726      1 M - - -
          2.68618  4.42225  2.77519  2.73123  3.46354  2.40513  3.72494  3.29354  2.67741  2.69355  4.24690  2.90347  2.73739  3.18146  2.89801  2.37887  2.77519  2.98518  4.58477  3.61503
          0.00866  5.14879  5.87114  0.61958  0.77255  0.57277  0.83002
      2   3.92816  6.06511  3.68117  3.43377  4.76900  4.32967  1.15506  5.00350  3.05259  4.38710  5.32588  3.90204  4.84147  0.94320  3.30028  3.88594  4.16279  4.66145  6.03652  4.57539      2 q - - -
          2.68618  4.42225  2.77519  2.73123  3.46354  2.40513  3.72494  3.29354  2.67741  2.69355  4.24690  2.90347  2.73739  3.18146  2.89801  2.37887  2.77519  2.98518  4.58477  3.61503
          0.00866  5.14879  5.87114  0.61958  0.77255  0.57277  0.83002
      3   3.42723  5.10101  4.88099  4.58904  4.13930  4.25154  5.23571  3.49801  4.44207  0.54575  4.14681  4.63834  4.88864  4.73001  4.58760  1.77829  3.84075  3.43569  5.90918  4.66688      3 L - - -
          2.68618  4.42225  2.77519  2.73123  3.46354  2.40513  3.72494  3.29354  2.67741  2.69355  4.24690  2.90347  2.73739  3.18146  2.89801  2.37887  2.77519  2.98518  4.58477  3.61503
          0.00866  5.14879  5.87114  0.61958  0.77255  0.57277  0.83002
      4   5.37211  6.18863  6.06096  6.09010  1.45980  5.71762  4.26479  4.88525  5.85430  3.95375  5.37909  5.21232  5.96182  5.41438  5.58947  5.15060  5.55617  4.86545  4.32908  0.41840      4 Y - - -
          2.68618  4.42225  2.77519  2.73123  3.46354  2.40513  3.72494  3.29354  2.67741  2.69355  4.24690  2.90347  2.73739  3.18146  2.89801  2.37887  2.77519  2.98518  4.58477  3.61503
          0.00866  5.14879  5.87114  0.61958  0.77255  0.57277  0.83002
      5   3.73362  5.53126  5.22554  5.19728  5.77503  4.29572  6.01577  5.19255  5.19295  4.95102  5.98112  5.05294  5.10391  5.50424  5.26733  3.95442  0.14198  4.66065  6.97149  6.01481      5 T - - -
          2.68618  4.42225  2.77519  2.73123  3.46354  2.40513  3.72494  3.29354  2.67741  2.69355  4.24690  2.90347  2.73739  3.18146  2.89801  2.37887  2.77519  2.98518  4.58477  3.61503
          0.00866  5.14879  5.87114  0.61958  0.77255  0.57277  0.83002
      6   4.29666  1.86689  5.38654  5.05620  2.81830  5.05320  2.44830  4.24272  4.78802  3.66606  4.83207  4.83526  5.42555  4.88385  4.83825  4.43876  4.54974  4.09214  4.48153  0.62770      6 Y - - -
          2.68618  4.42225  2.77519  2.73123  3.46354  2.40513  3.72494  3.29354  2.67741  2.69355  4.24690  2.90347  2.73739  3.18146  2.89801  2.37887  2.77519  2.98518  4.58477  3.61503
          0.00866  5.14879  5.87114  0.61958  0.77255  0.57277  0.83002
      7   4.67951  5.81049  6.57796  6.01180  3.68472  6.12373  6.33688  2.97406  5.84832  0.41326  1.74878  6.32454  5.94180  5.55053  5.70769  5.60218  4.85910  3.36934  6.06349  5.19445      7 L - - -
          2.68618  4.42225  2.77519  2.73123  3.46354  2.40513  3.72494  3.29354  2.67741  2.69355  4.24690  2.90347  2.73739  3.18146  2.89801  2.37887  2.77519  2.98518  4.58477  3.61503
          0.00866  5.14879  5.87114  0.61958  0.77255  0.57277  0.83002
      8   4.28635  1.59359  5.67939  5.49087  3.16436  4.91398  4.66654  4.45042  5.23476  3.91387  5.13693  5.10746  5.46390  5.28011  5.19969  4.47011  4.66402  4.27691  4.82220  0.49434      8 Y - - -
          2.68618  4.42225  2.77519  2.73123  3.46354  2.40513  3.72494  3.29354  2.67741  2.69355  4.24690  2.90347  2.73739  3.18146  2.89801  2.37887  2.77519  2.98518  4.58477  3.61503
          0.00866  5.14879  5.87114  0.61958  0.77255  0.43496  1.04211
      9   4.94576  6.10092  6.23043  5.99587  4.19537  5.61500  6.35583  3.53814  5.83755  0.14084  4.03139  6.22170  5.93626  5.84922  5.75853  5.61252  5.21414  3.86357  6.33697  5.32623      9 L - - -
          2.68618  4.42225  2.77519  2.73123  3.46354  2.40513  3.72494  3.29354  2.67741  2.69355  4.24690  2.90347  2.73739  3.18146  2.89801  2.37887  2.77519  2.98518  4.58477  3.61503
          0.00843  5.17620  5.89854  0.61958  0.77255  0.48576  0.95510
     10   4.94576  6.10092  6.23043  5.99587  4.19537  5.61500  6.35583  3.53814  5.83755  0.14084  4.03139  6.22170  5.93626  5.84922  5.75853  5.61252  5.21414  3.86357  6.33697  5.32623     10 L - - -
          2.68618  4.42225  2.77519  2.73123  3.46354  2.40513  3.72494  3.29354  2.67741  2.69355  4.24690  2.90347  2.73739  3.18146  2.89801  2.37887  2.77519  2.98518  4.58477  3.61503
          0.00843  5.17620  5.89854  0.61958  0.77255  0.48576  0.95510
     11   2.89192  5.08842  5.62256  5.37656  4.78562  4.63916  6.13016  2.57658  5.30195  3.30959  4.56653  5.23302  5.28704  5.57186  5.42595  4.14350  4.00984  0.32258  6.75762  5.53351     11 V - - -
          2.68618  4.42225  2.77519  2.73123  3.46354  2.40513  3.72494  3.29354  2.67741  2.69355  4.24690  2.90347  2.73739  3.18146  2.89801  2.37887  2.77519  2.98518  4.58477  3.61503
          0.00843  5.17620  5.89854  0.61958  0.77255  0.48576  0.95510
     12   3.32702  5.23783  4.59045  4.59634  5.73469  3.95225  5.68558  5.39708  4.83288  5.04045  5.87648  4.56046  0.25878  5.06877  4.99892  2.79258  3.89620  4.58795  6.99735  5.88087     12 P - - -
          2.68618  4.42225  2.77519  2.73123  3.46354  2.40513  3.72494  3.29354  2.67741  2.69355  4.24690  2.90347  2.73739  3.18146  2.89801  2.37887  2.77519  2.98518  4.58477  3.61503
          0.00843  5.17620  5.89854  0.61958  0.77255  0.48576  0.95510
     13   4.94576  6.10092  6.23043  5.99587  4.19537  5.61500  6.35583  3.53814  5.83755  0.14084  4.03139  6.22170  5.93626  5.84922  5.75853  5.61252  5.21414  3.86357  6.33697  5.32623     13 L - - -
          2.68618  4.42225  2.77519  2.73123  3.46354  2.40513  3.72494  3.29354  2.67741  2.69355  4.24690  2.90347  2.73739  3.18146  2.89801  2.37887  2.77519  2.98518  4.58477  3.61503
          0.00843  5.17620  5.89854  0.61958  0.77255  0.48576  0.95510
     14   4.04273  5.25584  6.08309  5.63108  4.22418  5.54879  6.24594  2.41260  5.52420  1.50326  3.98001  5.77381  5.76210  5.67289  5.61706  5.01065  4.30695  0.55172  6.41040  5.26541     14 V - - -
          2.68618  4.42225  2.77519  2.73123  3.46354  2.40513  3.72494  3.29354  2.67741  2.69355  4.24690  2.90347  2.73739  3.18146  2.89801  2.37887  2.77519  2.98518  4.58477  3.61503
          0.00843  5.17620  5.89854  0.61958  0.77255  0.48576  0.95510
     15   2.80667  4.69198  4.83833  4.33100  1.97786  4.12200  4.82739  3.05586  4.20327  2.92610  3.94237  4.39016  4.65507  4.40878  4.35169  3.49769  0.84774  2.43131  5.48794  4.26476     15 t - - -
          2.68618  4.42225  2.77519  2.73123  3.46354  2.40513  3.72494  3.29354  2.67741  2.69355  4.24690  2.90347  2.73739  3.18146  2.89801  2.37887  2.77519  2.98518  4.58477  3.61503
          0.00843  5.17620  5.89854  0.61958  0.77255  0.48576  0.95510
     16   5.31803  6.34893  6.06760  6.07567  0.12134  5.42850  5.10172  4.94700  6.02210  4.06172  5.51741  5.72955  5.93329  5.90408  5.84940  5.43549  5.65028  4.99036  5.19714  3.50527     16 F - - -
          2.68618  4.42225  2.77519  2.73123  3.46354  2.40513  3.72494  3.29354  2.67741  2.69355  4.24690  2.90347  2.73739  3.18146  2.89801  2.37887  2.77519  2.98518  4.58477  3.61503
          0.00843  5.17620  5.89854  0.61958  0.77255  0.48576  0.95510
     17   4.18038  5.92897  4.09842  3.90796  3.17536  4.67380  0.47915  4.68864  3.85633  4.02114  5.15866  2.96157  5.14629  4.26031  4.12219  4.15181  4.43211  4.47770  4.81195  2.45445     17 H - - -
          2.68618  4.42225  2.77519  2.73123  3.46354  2.40513  3.72494  3.29354  2.67741  2.69355  4.24690  2.90347  2.73739  3.18146  2.89801  2.37887  2.77519  2.98518  4.58477  3.61503
          0.00843  5.17620  5.89854  0.61958  0.77255  0.48576  0.95510
     18   4.94576  6.10092  6.23043  5.99587  4.19537  5.61500  6.35583  3.53814  5.83755  0.14084  4.03139  6.22170  5.93626  5.84922  5.75853  5.61252  5.21414  3.86357  6.33697  5.32623     18 L - - -
          2.68618  4.42225  2.77519  2.73123  3.46354  2.40513  3.72494  3.29354  2.67741  2.69355  4.24690  2.90347  2.73739  3.18146  2.89801  2.37887  2.77519  2.98518  4.58477  3.61503
          0.00843  5.17620  5.89854  0.61958  0.77255  0.48576  0.95510
     19   1.82705  5.06375  5.56191  5.22310  4.52857  4.73413  5.89668  0.54030  5.11919  3.07621  4.33767  5.19191  5.29516  5.37515  5.24973  4.20796  3.99074  2.37697  6.45609  5.25057     19 I - - -
          2.68618  4.42225  2.77519  2.73123  3.46354  2.40513  3.72494  3.29354  2.67741  2.69355  4.24690  2.90347  2.73739  3.18146  2.89801  2.37887  2.77519  2.98518  4.58477  3.61503
          0.00843  5.17620  5.89854  0.61958  0.77255  0.48576  0.95510
     20   3.84895  5.28992  5.11335  4.58230  3.77956  4.93699  5.22247  3.02477  4.27360  0.61944  3.60062  4.87500  5.21188  1.89416  4.44229  4.29148  4.07967  2.58465  5.75990  4.65833     20 L - - -
          2.68618  4.42225  2.77519  2.73123  3.46354  2.40513  3.72494  3.29354  2.67741  2.69355  4.24690  2.90347  2.73739  3.18146  2.89801  2.37887  2.77519  2.98518  4.58477  3.61503
          0.03367  5.17620  3.59500  0.61958  0.77255  0.48576  0.95510
     21   3.28324  5.27294  4.16253  3.86251  5.49429  0.61487  4.87444  4.96359  3.41788  4.50906  5.33468  4.09969  4.63153  4.07583  1.73995  2.96804  3.73875  4.35668  6.57821  5.40379     21 G - - -
          2.68618  4.42225  2.77519  2.73123  3.46354  2.40513  3.72494  3.29354  2.67741  2.69355  4.24690  2.90347  2.73739  3.18146  2.89801  2.37887  2.77519  2.98518  4.58477  3.61503
          0.24302  5.15117  1.56089  0.61958  0.77255  0.56562  0.83935
     22   2.83400  4.71600  4.11506  3.66892  4.46861  3.62781  4.62681  3.80306  3.60442  3.53221  3.30830  3.87314  4.29472  3.92177  3.91942  1.57855  0.91115  3.42533  5.87491  4.65435     22 t - - -
          2.68618  4.42225  2.77519  2.73123  3.46354  2.40513  3.72494  3.29354  2.67741  2.69355  4.24690  2.90347  2.73739  3.18146  2.89801  2.37887  2.77519  2.98518  4.58477  3.61503
          0.01091  4.91906  5.64141  0.61958  0.77255  1.05251  0.42934
     23   3.75597  6.00922  1.37962  3.05969  5.80808  0.66052  4.81596  5.46529  4.02705  4.94946  5.87019  3.61829  4.66477  4.04105  4.65413  3.70246  4.16071  4.90375  6.90353  5.54662     23 G - - -
          2.68569  4.42255  2.77528  2.73153  3.46384  2.40489  3.72377  3.29384  2.67771  2.69285  4.24564  2.90377  2.73770  3.18177  2.89831  2.37917  2.77451  2.98549  4.58507  3.61533
          0.21475  1.64372        *  1.35120  0.29966  0.00000        *
//
HMMER3/f [3.4 | Aug 2023]
NAME  B2
LENG  17
ALPH  amino
RF    no
MM    no
CONS  yes
CS    no
MAP   yes
DATE  Fri Jul  5 21:59:44 2024
NSEQ  3
EFFN  3.000000
CKSUM 1918924299
STATS LOCAL MSV       -6.3555  0.72665
STATS LOCAL VITERBI   -6.3390  0.72665
STATS LOCAL FORWARD   -4.1115  0.72665
HMM          A        C        D        E        F        G        H        I        K        L        M        N        P        Q        R        S        T        V        W        Y   
            m->m     m->i     m->d     i->m     i->i     d->m     d->d
  COMPO   1.46211  2.84585  5.09347  4.92760  4.31634  4.32621  5.50517  2.38717  4.70704  1.54242  2.87417  4.91078  4.96140  5.08035  2.86442  2.75791  3.61135  2.44111  6.05482  3.28462
          2.68618  4.42225  2.77519  2.73123  3.46354  2.40513  3.72494  3.29354  2.67741  2.69355  4.24690  2.90347  2.73739  3.18146  2.89801  2.37887  2.77519  2.98518  4.58477  3.61503
          0.01083  4.92694  5.64929  0.61958  0.77255  0.00000        *
      1   4.25112  5.66746  5.45821  5.25250  4.25670  4.83375  5.75580  3.58523  4.98633  2.78386  0.25191  5.37670  5.38471  5.32431  5.04119  4.64540  4.62574  3.69840  6.12261  4.97173      1 M - - -
          2.68618  4.42225  2.77519  2.73123  3.46354  2.40513  3.72494  3.29354  2.67741  2.69355  4.24690  2.90347  2.73739  3.18146  2.89801  2.37887  2.77519  2.98518  4.58477  3.61503
          0.01083  4.92694  5.64929  0.61958  0.77255  0.48576  0.95510
      2   4.57244  5.77793  5.86877  5.60417  3.91541  5.31675  5.99152  3.23369  5.41069  0.20074  3.76813  5.82127  5.64163  5.48987  5.37872  5.20096  4.84423  3.51574  6.03970  4.98030      2 L - - -
          2.68618  4.42225  2.77519  2.73123  3.46354  2.40513  3.72494  3.29354  2.67741  2.69355  4.24690  2.90347  2.73739  3.18146  2.89801  2.37887  2.77519  2.98518  4.58477  3.61503
          0.01083  4.92694  5.64929  0.61958  0.77255  0.48576  0.95510
      3   4.63269  6.17031  5.23627  4.65723  5.83104  4.75957  5.16203  5.57076  3.40946  4.88757  5.93594  4.90413  5.28406  4.40770  0.15346  4.72514  4.87591  5.25930  6.52707  5.64972      3 R - - -
          2.68618  4.42225  2.77519  2.73123  3.46354  2.40513  3.72494  3.29354  2.67741  2.69355  4.24690  2.90347  2.73739  3.18146  2.89801  2.37887  2.77519  2.98518  4.58477  3.61503
          0.01083  4.92694  5.64929  0.61958  0.77255  0.48576  0.95510
      4   4.57244  5.77793  5.86877  5.60417  3.91541  5.31675  5.99152  3.23369  5.41069  0.20074  3.76813  5.82127  5.64163  5.48987  5.37872  5.20096  4.84423  3.51574  6.03970  4.98030      4 L - - -
          2.68618  4.42225  2.77519  2.73123  3.46354  2.40513  3.72494  3.29354  2.67741  2.69355  4.24690  2.90347  2.73739  3.18146  2.89801  2.37887  2.77519  2.98518  4.58477  3.61503
          0.01083  4.92694  5.64929  0.61958  0.77255  0.48576  0.95510
      5   4.03276  5.28593  5.68929  5.42310  4.36140  5.12978  6.07788  0.30585  5.30548  2.82748  4.22785  5.56348  5.55700  5.60112  5.40490  4.84191  4.34432  2.41811  6.37488  5.16997      5 I - - -
          2.68618  4.42225  2.77519  2.73123  3.46354  2.40513  3.72494  3.29354  2.67741  2.69355  4.24690  2.90347  2.73739  3.18146  2.89801  2.37887  2.77519  2.98518  4.58477  3.61503
          0.01083  4.92694  5.64929  0.61958  0.77255  0.48576  0.95510
      6   3.40167  4.83664  5.15657  4.74061  4.17294  4.52917  5.40028  0.81073  4.59361  2.79110  4.01959  4.82548  5.02674  4.88118  4.75425  3.96276  1.55520  2.22550  6.01220  4.80690      6 i - - -
          2.68618  4.42225  2.77519  2.73123  3.46354  2.40513  3.72494  3.29354  2.67741  2.69355  4.24690  2.90347  2.73739  3.18146  2.89801  2.37887  2.77519  2.98518  4.58477  3.61503
          0.01083  4.92694  5.64929  0.61958  0.77255  0.48576  0.95510
      7   0.19989  5.09609  4.90943  4.86817  5.47834  3.87778  5.69414  4.82779  4.92219  4.62846  5.59295  4.64391  4.70631  5.15250  5.00494  3.47075  3.81778  4.24261  6.74111  5.74319      7 A - - -
          2.68618  4.42225  2.77519  2.73123  3.46354  2.40513  3.72494  3.29354  2.67741  2.69355  4.24690  2.90347  2.73739  3.18146  2.89801  2.37887  2.77519  2.98518  4.58477  3.61503
          0.01083  4.92694  5.64929  0.61958  0.77255  0.48576  0.95510
      8   0.19989  5.09609  4.90943  4.86817  5.47834  3.87778  5.69414  4.82779  4.92219  4.62846  5.59295  4.64391  4.70631  5.15250  5.00494  3.47075  3.81778  4.24261  6.74111  5.74319      8 A - - -
          2.68618  4.42225  2.77519  2.73123  3.46354  2.40513  3.72494  3.29354  2.67741  2.69355  4.24690  2.90347  2.73739  3.18146  2.89801  2.37887  2.77519  2.98518  4.58477  3.61503
          0.01083  4.92694  5.64929  0.61958  0.77255  0.48576  0.95510
      9   3.81074  5.18723  5.53612  5.31808  4.61167  4.79531  6.03761  2.58028  5.23451  3.17087  4.49373  5.34410  5.36627  5.55797  5.34702  4.44980  4.18522  0.27818  6.51146  5.29766      9 V - - -
          2.68618  4.42225  2.77519  2.73123  3.46354  2.40513  3.72494  3.29354  2.67741  2.69355  4.24690  2.90347  2.73739  3.18146  2.89801  2.37887  2.77519  2.98518  4.58477  3.61503
          0.01083  4.92694  5.64929  0.61958  0.77255  0.48576  0.95510
     10   4.57244  5.77793  5.86877  5.60417  3.91541  5.31675  5.99152  3.23369  5.41069  0.20074  3.76813  5.82127  5.64163  5.48987  5.37872  5.20096  4.84423  3.51574  6.03970  4.98030     10 L - - -
          2.68618  4.42225  2.77519  2.73123  3.46354  2.40513  3.72494  3.29354  2.67741  2.69355  4.24690  2.90347  2.73739  3.18146  2.89801  2.37887  2.77519  2.98518  4.58477  3.61503
          0.01083  4.92694  5.64929  0.61958  0.77255  0.48576  0.95510
     11   0.81894  4.74036  4.95642  4.64777  4.53397  3.90456  5.33606  2.93980  4.55440  3.32619  4.42648  4.49839  4.63103  4.78720  4.70028  3.37437  3.50665  1.28899  6.19551  5.01542     11 a - - -
          2.68618  4.42225  2.77519  2.73123  3.46354  2.40513  3.72494  3.29354  2.67741  2.69355  4.24690  2.90347  2.73739  3.18146  2.89801  2.37887  2.77519  2.98518  4.58477  3.61503
          0.01083  4.92694  5.64929  0.61958  0.77255  0.48576  0.95510
     12   3.20488  5.08928  4.55393  4.52410  5.40775  3.81848  5.51279  5.14253  4.68514  4.79455  5.67446  4.46164  4.64594  4.93377  4.83796  0.22583  3.76883  4.40181  6.67484  5.53906     12 S - - -
          2.68618  4.42225  2.77519  2.73123  3.46354  2.40513  3.72494  3.29354  2.67741  2.69355  4.24690  2.90347  2.73739  3.18146  2.89801  2.37887  2.77519  2.98518  4.58477  3.61503
          0.01083  4.92694  5.64929  0.61958  0.77255  0.48576  0.95510
     13   0.19989  5.09609  4.90943  4.86817  5.47834  3.87778  5.69414  4.82779  4.92219  4.62846  5.59295  4.64391  4.70631  5.15250  5.00494  3.47075  3.81778  4.24261  6.74111  5.74319     13 A - - -
          2.68618  4.42225  2.77519  2.73123  3.46354  2.40513  3.72494  3.29354  2.67741  2.69355  4.24690  2.90347  2.73739  3.18146  2.89801  2.37887  2.77519  2.98518  4.58477  3.61503
          0.01083  4.92694  5.64929  0.61958  0.77255  0.48576  0.95510
     14   4.29855  0.10028  5.77903  5.78110  5.77175  4.59606  6.25487  5.29727  5.71123  5.04500  6.22088  5.61060  5.34072  6.00555  5.61979  4.56287  4.83824  4.91742  6.78097  6.01854     14 C - - -
          2.68618  4.42225  2.77519  2.73123  3.46354  2.40513  3.72494  3.29354  2.67741  2.69355  4.24690  2.90347  2.73739  3.18146  2.89801  2.37887  2.77519  2.98518  4.58477  3.61503
          0.01083  4.92694  5.64929  0.61958  0.77255  0.48576  0.95510
     15   4.57244  5.77793  5.86877  5.60417  3.91541  5.31675  5.99152  3.23369  5.41069  0.20074  3.76813  5.82127  5.64163  5.48987  5.37872  5.20096  4.84423  3.51574  6.03970  4.98030     15 L - - -
          2.68618  4.42225  2.77519  2.73123  3.46354  2.40513  3.72494  3.29354  2.67741  2.69355  4.24690  2.90347  2.73739  3.18146  2.89801  2.37887  2.77519  2.98518  4.58477  3.61503
          0.01083  4.92694  5.64929  0.61958  0.77255  0.48576  0.95510
     16   0.19989  5.09609  4.90943  4.86817  5.47834  3.87778  5.69414  4.82779  4.92219  4.62846  5.59295  4.64391  4.70631  5.15250  5.00494  3.47075  3.81778  4.24261  6.74111  5.74319     16 A - - -
          2.68618  4.42225  2.77519  2.73123  3.46354  2.40513  3.72494  3.29354  2.67741  2.69355  4.24690  2.90347  2.73739  3.18146  2.89801  2.37887  2.77519  2.98518  4.58477  3.61503
          0.33150  4.92694  1.29133  0.61958  0.77255  0.48576  0.95510
     17   4.45898  5.64378  5.00278  4.91003  2.70007  4.74829  4.20891  4.40002  4.76157  3.65210  4.99673  4.73637  5.22394  4.86776  4.77040  4.49939  4.75879  4.30819  4.35442  0.28739     17 Y - - -
          2.68618  4.42225  2.77519  2.73123  3.46354  2.40513  3.72494  3.29354  2.67741  2.69355  4.24690  2.90347  2.73739  3.18146  2.89801  2.37887  2.77519  2.98518  4.58477  3.61503
          0.01005  4.60549        *  0.61958  0.77255  0.00000        *
//
HMMER3/f [3.4 | Aug 2023]
NAME  B3
LENG  28
ALPH  amino
RF    no
MM    no
CONS  yes
CS    no
MAP   yes
DATE  Fri Jul  5 21:59:49 2024
NSEQ  1
EFFN  1.000000
CKSUM 1624801887
STATS LOCAL MSV       -7.2049  0.73082
STATS LOCAL VITERBI   -7.7331  0.73082
STATS LOCAL FORWARD   -3.6394  0.73082
HMM          A        C        D        E        F        G        H        I        K        L        M        N        P        Q        R        S        T        V        W        Y   
            m->m     m->i     m->d     i->m     i->i     d->m     d->d
  COMPO   2.76507  3.50429  3.91865  3.20979  3.71746  3.01585  3.55940  2.98575  3.54418  1.49313  3.33977  3.93078  4.23627  3.98386  2.86221  2.18620  2.77357  2.54374  3.62331  4.16237
          2.68618  4.42225  2.77519  2.73123  3.46354  2.40513  3.72494  3.29354  2.67741  2.69355  4.24690  2.90347  2.73739  3.18146  2.89801  2.37887  2.77519  2.98518  4.58477  3.61503
          0.02276  4.18987  4.91222  0.61958  0.77255  0.00000        *
      1   3.25222  4.75661  4.40951  4.03909  3.39126  4.08269  4.70091  2.60085  3.78687  1.94755  0.87716  4.27371  4.55506  4.15310  3.95236  3.62896  3.56913  2.64181  5.26720  4.05226      1 m - - -
          2.68618  4.42225  2.77519  2.73123  3.46354  2.40513  3.72494  3.29354  2.67741  2.69355  4.24690  2.90347  2.73739  3.18146  2.89801  2.37887  2.77519  2.98518  4.58477  3.61503
          0.02276  4.18987  4.91222  0.61958  0.77255  0.48576  0.95510
      2   3.26802  5.40762  2.67404  0.64535  4.80028  3.51013  4.14108  4.32072  3.06560  3.89139  4.86473  3.16607  4.13378  3.35846  3.49831  3.22514  3.57896  3.97634  5.91045  4.64973      2 E - - -
          2.68618  4.42225  2.77519  2.73123  3.46354  2.40513  3.72494  3.29354  2.67741  2.69355  4.24690  2.90347  2.73739  3.18146  2.89801  2.37887  2.77519  2.98518  4.58477  3.61503
          0.02276  4.18987  4.91222  0.61958  0.77255  0.48576  0.95510
      3   2.61912  4.46078  3.74967  3.53206  4.28883  3.28581  4.52002  3.45705  3.48154  3.30872  4.34787  3.67861  4.01894  3.86246  3.71613  2.82516  0.72895  3.11550  5.69669  4.50919      3 t - - -
          2.68618  4.42225  2.77519  2.73123  3.46354  2.40513  3.72494  3.29354  2.67741  2.69355  4.24690  2.90347  2.73739  3.18146  2.89801  2.37887  2.77519  2.98518  4.58477  3.61503
          0.02276  4.18987  4.91222  0.61958  0.77255  0.48576  0.95510
      4   3.53219  4.90705  4.69875  4.35172  3.28930  4.38188  4.90956  2.52153  4.11714  0.56381  3.23352  4.59702  4.76998  4.40760  4.23639  4.00847  3.81594  2.63910  5.27109  4.06384      4 L - - -
          2.68618  4.42225  2.77519  2.73123  3.46354  2.40513  3.72494  3.29354  2.67741  2.69355  4.24690  2.90347  2.73739  3.18146  2.89801  2.37887  2.77519  2.98518  4.58477  3.61503
          0.02276  4.18987  4.91222  0.61958  0.77255  0.48576  0.95510
      5   2.61912  4.46078  3.74967  3.53206  4.28883  3.28581  4.52002  3.45705  3.48154  3.30872  4.34787  3.67861  4.01894  3.86246  3.71613  2.82516  0.72895  3.11550  5.69669  4.50919      5 t - - -
          2.68618  4.42225  2.77519  2.73123  3.46354  2.40513  3.72494  3.29354  2.67741  2.69355  4.24690  2.90347  2.73739  3.18146  2.89801  2.37887  2.77519  2.98518  4.58477  3.61503
          0.02276  4.18987  4.91222  0.61958  0.77255  0.48576  0.95510
      6   3.53219  4.90705  4.69875  4.35172  3.28930  4.38188  4.90956  2.52153  4.11714  0.56381  3.23352  4.59702  4.76998  4.40760  4.23639  4.00847  3.81594  2.63910  5.27109  4.06384      6 L - - -
          2.68618  4.42225  2.77519  2.73123  3.46354  2.40513  3.72494  3.29354  2.67741  2.69355  4.24690  2.90347  2.73739  3.18146  2.89801  2.37887  2.77519  2.98518  4.58477  3.61503
          0.02276  4.18987  4.91222  0.61958  0.77255  0.48576  0.95510
      7   3.53219  4.90705  4.69875  4.35172  3.28930  4.38188  4.90956  2.52153  4.11714  0.56381  3.23352  4.59702  4.76998  4.40760  4.23639  4.00847  3.81594  2.63910  5.27109  4.06384      7 L - - -
          2.68618  4.42225  2.77519  2.73123  3.46354  2.40513  3.72494  3.29354  2.67741  2.69355  4.24690  2.90347  2.73739  3.18146  2.89801  2.37887  2.77519  2.98518  4.58477  3.61503
          0.02276  4.18987  4.91222  0.61958  0.77255  0.48576  0.95510
      8   3.91807  5.16896  4.61108  4.40411  3.06639  4.11604  4.34929  3.96996  4.12797  3.30442  4.58651  4.49322  4.66220  4.49827  4.19603  4.11845  4.23725  3.86830  0.43240  3.05388      8 W - - -
          2.68618  4.42225  2.77519  2.73123  3.46354  2.40513  3.72494  3.29354  2.67741  2.69355  4.24690  2.90347  2.73739  3.18146  2.89801  2.37887  2.77519  2.98518  4.58477  3.61503
          0.02276  4.18987  4.91222  0.61958  0.77255  0.48576  0.95510
      9   3.40184  5.19446  3.92838  3.38722  4.63204  3.81259  4.10738  4.20674  2.43586  3.66497  4.66691  3.71718  4.30889  3.32078  0.58595  3.47711  3.65193  3.91932  5.59128  4.50174      9 R - - -
          2.68618  4.42225  2.77519  2.73123  3.46354  2.40513  3.72494  3.29354  2.67741  2.69355  4.24690  2.90347  2.73739  3.18146  2.89801  2.37887  2.77519  2.98518  4.58477  3.61503
          0.02276  4.18987  4.91222  0.61958  0.77255  0.48576  0.95510
     10   0.63821  4.38336  3.81718  3.63781  4.40030  3.19683  4.61755  3.57590  3.66322  3.44164  4.44765  3.69681  3.96722  3.97650  3.88271  2.73571  3.03580  3.17318  5.79420  4.63502     10 A - - -
          2.68618  4.42225  2.77519  2.73123  3.46354  2.40513  3.72494  3.29354  2.67741  2.69355  4.24690  2.90347  2.73739  3.18146  2.89801  2.37887  2.77519  2.98518  4.58477  3.61503
          0.02276  4.18987  4.91222  0.61958  0.77255  0.48576  0.95510
     11   2.50290  4.42108  3.51861  3.36211  4.41329  3.14686  4.45616  3.98573  3.45836  3.68510  4.59157  3.52531  3.91437  3.78381  3.72517  0.69670  3.00903  3.44843  5.76176  4.50243     11 s - - -
          2.68618  4.42225  2.77519  2.73123  3.46354  2.40513  3.72494  3.29354  2.67741  2.69355  4.24690  2.90347  2.73739  3.18146  2.89801  2.37887  2.77519  2.98518  4.58477  3.61503
          0.02276  4.18987  4.91222  0.61958  0.77255  0.48576  0.95510
     12   2.50290  4.42108  3.51861  3.36211  4.41329  3.14686  4.45616  3.98573  3.45836  3.68510  4.59157  3.52531  3.91437  3.78381  3.72517  0.69670  3.00903  3.44843  5.76176  4.50243     12 s - - -
          2.68618  4.42225  2.77519  2.73123  3.46354  2.40513  3.72494  3.29354  2.67741  2.69355  4.24690  2.90347  2.73739  3.18146  2.89801  2.37887  2.77519  2.98518  4.58477  3.61503
          0.02276  4.18987  4.91222  0.61958  0.77255  0.48576  0.95510
     13   2.50290  4.42108  3.51861  3.36211  4.41329  3.14686  4.45616  3.98573  3.45836  3.68510  4.59157  3.52531  3.91437  3.78381  3.72517  0.69670  3.00903  3.44843  5.76176  4.50243     13 s - - -
          2.68618  4.42225  2.77519  2.73123  3.46354  2.40513  3.72494  3.29354  2.67741  2.69355  4.24690  2.90347  2.73739  3.18146  2.89801  2.37887  2.77519  2.98518  4.58477  3.61503
          0.02276  4.18987  4.91222  0.61958  0.77255  0.48576  0.95510
     14   3.00466  0.47450  4.57818  4.39870  4.33313  3.54972  4.97771  3.54355  4.23313  3.43780  4.57334  4.30380  4.27967  4.56637  4.29664  3.27520  3.49877  3.26299  5.66639  4.61507     14 C - - -
          2.68618  4.42225  2.77519  2.73123  3.46354  2.40513  3.72494  3.29354  2.67741  2.69355  4.24690  2.90347  2.73739  3.18146  2.89801  2.37887  2.77519  2.98518  4.58477  3.61503
          0.02276  4.18987  4.91222  0.61958  0.77255  0.48576  0.95510
     15   3.53219  4.90705  4.69875  4.35172  3.28930  4.38188  4.90956  2.52153  4.11714  0.56381  3.23352  4.59702  4.76998  4.40760  4.23639  4.00847  3.81594  2.63910  5.27109  4.06384     15 L - - -
          2.68618  4.42225  2.77519  2.73123  3.46354  2.40513  3.72494  3.29354  2.67741  2.69355  4.24690  2.90347  2.73739  3.18146  2.89801  2.37887  2.77519  2.98518  4.58477  3.61503
          0.02276  4.18987  4.91222  0.61958  0.77255  0.48576  0.95510
     16   3.53219  4.90705  4.69875  4.35172  3.28930  4.38188  4.90956  2.52153  4.11714  0.56381  3.23352  4.59702  4.76998  4.40760  4.23639  4.00847  3.81594  2.63910  5.27109  4.06384     16 L - - -
          2.68618  4.42225  2.77519  2.73123  3.46354  2.40513  3.72494  3.29354  2.67741  2.69355  4.24690  2.90347  2.73739  3.18146  2.89801  2.37887  2.77519  2.98518  4.58477  3.61503
          0.02276  4.18987  4.91222  0.61958  0.77255  0.48576  0.95510
     17   3.06814  4.53666  4.55675  4.24109  3.80509  4.04348  4.99558  2.09190  4.11452  2.44351  3.73220  4.37728  4.59470  4.45659  4.29516  3.57621  3.42714  0.70040  5.63939  4.38629     17 v - - -
          2.68618  4.42225  2.77519  2.73123  3.46354  2.40513  3.72494  3.29354  2.67741  2.69355  4.24690  2.90347  2.73739  3.18146  2.89801  2.37887  2.77519  2.98518  4.58477  3.61503
          0.02276  4.18987  4.91222  0.61958  0.77255  0.48576  0.95510
     18   3.06814  4.53666  4.55675  4.24109  3.80509  4.04348  4.99558  2.09190  4.11452  2.44351  3.73220  4.37728  4.59470  4.45659  4.29516  3.57621  3.42714  0.70040  5.63939  4.38629     18 v - - -
          2.68618  4.42225  2.77519  2.73123  3.46354  2.40513  3.72494  3.29354  2.67741  2.69355  4.24690  2.90347  2.73739  3.18146  2.89801  2.37887  2.77519  2.98518  4.58477  3.61503
          0.02276  4.18987  4.91222  0.61958  0.77255  0.48576  0.95510
     19   3.53219  4.90705  4.69875  4.35172  3.28930  4.38188  4.90956  2.52153  4.11714  0.56381  3.23352  4.59702  4.76998  4.40760  4.23639  4.00847  3.81594  2.63910  5.27109  4.06384     19 L - - -
          2.68618  4.42225  2.77519  2.73123  3.46354  2.40513  3.72494  3.29354  2.67741  2.69355  4.24690  2.90347  2.73739  3.18146  2.89801  2.37887  2.77519  2.98518  4.58477  3.61503
          0.02276  4.18987  4.91222  0.61958  0.77255  0.48576  0.95510
     20   2.50290  4.42108  3.51861  3.36211  4.41329  3.14686  4.45616  3.98573  3.45836  3.68510  4.59157  3.52531  3.91437  3.78381  3.72517  0.69670  3.00903  3.44843  5.76176  4.50243     20 s - - -
          2.68618  4.42225  2.77519  2.73123  3.46354  2.40513  3.72494  3.29354  2.67741  2.69355  4.24690  2.90347  2.73739  3.18146  2.89801  2.37887  2.77519  2.98518  4.58477  3.61503
          0.02276  4.18987  4.91222  0.61958  0.77255  0.48576  0.95510
     21   3.40950  5.14835  3.49960  3.30281  3.56002  3.76069  0.61957  4.16319  3.13974  3.61095  4.68829  3.69450  4.33610  3.67660  3.38020  3.48092  3.72865  3.89256  5.01736  3.50433     21 H - - -
          2.68618  4.42225  2.77519  2.73123  3.46354  2.40513  3.72494  3.29354  2.67741  2.69355  4.24690  2.90347  2.73739  3.18146  2.89801  2.37887  2.77519  2.98518  4.58477  3.61503
          0.02276  4.18987  4.91222  0.61958  0.77255  0.48576  0.95510
     22   2.50290  4.42108  3.51861  3.36211  4.41329  3.14686  4.45616  3.98573  3.45836  3.68510  4.59157  3.52531  3.91437  3.78381  3.72517  0.69670  3.00903  3.44843  5.76176  4.50243     22 s - - -
          2.68618  4.42225  2.77519  2.73123  3.46354  2.40513  3.72494  3.29354  2.67741  2.69355  4.24690  2.90347  2.73739  3.18146  2.89801  2.37887  2.77519  2.98518  4.58477  3.61503
          0.02276  4.18987  4.91222  0.61958  0.77255  0.48576  0.95510
     23   3.53219  4.90705  4.69875  4.35172  3.28930  4.38188  4.90956  2.52153  4.11714  0.56381  3.23352  4.59702  4.76998  4.40760  4.23639  4.00847  3.81594  2.63910  5.27109  4.06384     23 L - - -
          2.68618  4.42225  2.77519  2.73123  3.46354  2.40513  3.72494  3.29354  2.67741  2.69355  4.24690  2.90347  2.73739  3.18146  2.89801  2.37887  2.77519  2.98518  4.58477  3.61503
          0.02276  4.18987  4.91222  0.61958  0.77255  0.48576  0.95510
     24   3.53219  4.90705  4.69875  4.35172  3.28930  4.38188  4.90956  2.52153  4.11714  0.56381  3.23352  4.59702  4.76998  4.40760  4.23639  4.00847  3.81594  2.63910  5.27109  4.06384     24 L - - -
          2.68618  4.42225  2.77519  2.73123  3.46354  2.40513  3.72494  3.29354  2.67741  2.69355  4.24690  2.90347  2.73739  3.18146  2.89801  2.37887  2.77519  2.98518  4.58477  3.61503
          0.02276  4.18987  4.91222  0.61958  0.77255  0.48576  0.95510
     25   3.40184  5.19446  3.92838  3.38722  4.63204  3.81259  4.10738  4.20674  2.43586  3.66497  4.66691  3.71718  4.30889  3.32078  0.58595  3.47711  3.65193  3.91932  5.59128  4.50174     25 R - - -
          2.68618  4.42225  2.77519  2.73123  3.46354  2.40513  3.72494  3.29354  2.67741  2.69355  4.24690  2.90347  2.73739  3.18146  2.89801  2.37887  2.77519  2.98518  4.58477  3.61503
          0.02276  4.18987  4.91222  0.61958  0.77255  0.48576  0.95510
     26   3.53219  4.90705  4.69875  4.35172  3.28930  4.38188  4.90956  2.52153  4.11714  0.56381  3.23352  4.59702  4.76998  4.40760  4.23639  4.00847  3.81594  2.63910  5.27109  4.06384     26 L - - -
          2.68618  4.42225  2.77519  2.73123  3.46354  2.40513  3.72494  3.29354  2.67741  2.69355  4.24690  2.90347  2.73739  3.18146  2.89801  2.37887  2.77519  2.98518  4.58477  3.61503
          0.02276  4.18987  4.91222  0.61958  0.77255  0.48576  0.95510
     27   3.53219  4.90705  4.69875  4.35172  3.28930  4.38188  4.90956  2.52153  4.11714  0.56381  3.23352  4.59702  4.76998  4.40760  4.23639  4.00847  3.81594  2.63910  5.27109  4.06384     27 L - - -
          2.68618  4.42225  2.77519  2.73123  3.46354  2.40513  3.72494  3.29354  2.67741  2.69355  4.24690  2.90347  2.73739  3.18146  2.89801  2.37887  2.77519  2.98518  4.58477  3.61503
          0.02276  4.18987  4.91222  0.61958  0.77255  0.48576  0.95510
     28   3.10948  4.84107  3.84719  3.79257  4.90565  0.37306  4.88139  4.59443  4.01632  4.20398  5.19076  4.01300  4.24120  4.31596  4.20612  3.29233  3.61514  4.06116  5.90481  5.02236     28 G - - -
          2.68618  4.42225  2.77519  2.73123  3.46354  2.40513  3.72494  3.29354  2.67741  2.69355  4.24690  2.90347  2.73739  3.18146  2.89801  2.37887  2.77519  2.98518  4.58477  3.61503
          0.01538  4.18249        *  0.61958  0.77255  0.00000        *
//
HMMER3/f [3.4 | Aug 2023]
NAME  C
LENG  22
ALPH  amino
RF    no
MM    no
CONS  yes
CS    no
MAP   yes
DATE  Fri Jul  5 21:59:56 2024
NSEQ  5
EFFN  2.172852
CKSUM 2922280236
STATS LOCAL MSV       -6.6292  0.72030
STATS LOCAL VITERBI   -7.0670  0.72030
STATS LOCAL FORWARD   -4.6648  0.72030
HMM          A        C        D        E        F        G        H        I        K        L        M        N        P        Q        R        S        T        V        W        Y   
            m->m     m->i     m->d     i->m     i->i     d->m     d->d
  COMPO   2.29088  5.14249  4.47904  3.08647  4.12606  2.67418  5.04321  2.79899  4.09926  2.58379  1.82127  4.45212  3.04078  3.61539  4.00345  2.93031  2.96513  2.14701  2.80751  3.14860
          2.68618  4.42225  2.77519  2.73123  3.46354  2.40513  3.72494  3.29354  2.67741  2.69355  4.24690  2.90347  2.73739  3.18146  2.89801  2.37887  2.77519  2.98518  4.58477  3.61503
          0.01382  4.68401  5.40636  0.61958  0.77255  0.00000        *
      1   3.87182  5.31805  5.08677  4.81872  3.90193  4.56011  5.36882  3.18321  4.54426  2.42881  0.39344  4.97670  5.08129  4.89318  4.63741  4.26794  4.22450  3.27463  5.79108  4.61278      1 M - - -
          2.68618  4.42225  2.77519  2.73123  3.46354  2.40513  3.72494  3.29354  2.67741  2.69355  4.24690  2.90347  2.73739  3.18146  2.89801  2.37887  2.77519  2.98518  4.58477  3.61503
          0.01382  4.68401  5.40636  0.61958  0.77255  0.48576  0.95510
      2   3.47218  5.60202  3.76789  3.17257  5.05670  4.03335  4.01448  4.47345  2.28702  3.86760  4.74952  3.57864  4.42690  0.89311  1.71064  3.45512  3.64606  4.14169  5.86676  4.68967      2 q - - -
          2.68618  4.42225  2.77519  2.73123  3.46354  2.40513  3.72494  3.29354  2.67741  2.69355  4.24690  2.90347  2.73739  3.18146  2.89801  2.37887  2.77519  2.98518  4.58477  3.61503
          0.01382  4.68401  5.40636  0.61958  0.77255  0.48576  0.95510
      3   2.92740  4.62642  4.25058  3.80134  3.89301  3.80587  4.59795  2.99092  3.63419  2.68575  2.13711  3.99779  4.38401  3.98043  3.87372  3.20890  0.92308  2.82668  5.51887  4.31510      3 t - - -
          2.68618  4.42225  2.77519  2.73123  3.46354  2.40513  3.72494  3.29354  2.67741  2.69355  4.24690  2.90347  2.73739  3.18146  2.89801  2.37887  2.77519  2.98518  4.58477  3.61503
          0.01382  4.68401  5.40636  0.61958  0.77255  0.48576  0.95510
      4   0.29452  4.82664  4.52170  4.43249  5.09581  3.61822  5.31677  4.37592  4.47718  4.20510  5.18470  4.30490  4.43253  4.73834  4.61121  3.19268  3.52693  3.85867  6.41264  5.35120      4 A - - -
          2.68618  4.42225  2.77519  2.73123  3.46354  2.40513  3.72494  3.29354  2.67741  2.69355  4.24690  2.90347  2.73739  3.18146  2.89801  2.37887  2.77519  2.98518  4.58477  3.61503
          0.01382  4.68401  5.40636  0.61958  0.77255  0.48576  0.95510
      5   4.58604  5.74188  5.12093  5.04579  2.77216  4.84152  4.28864  4.52561  4.89990  3.75853  5.11366  4.84282  5.31835  4.98451  4.89066  4.61618  4.88720  4.43689  4.42615  0.25610      5 Y - - -
          2.68618  4.42225  2.77519  2.73123  3.46354  2.40513  3.72494  3.29354  2.67741  2.69355  4.24690  2.90347  2.73739  3.18146  2.89801  2.37887  2.77519  2.98518  4.58477  3.61503
          0.01382  4.68401  5.40636  0.61958  0.77255  0.48576  0.95510
      6   4.94598  5.96870  5.46772  5.40424  3.92261  4.78288  5.21305  5.12402  5.19450  4.34804  5.69732  5.44561  5.36868  5.52568  5.15548  5.14822  5.29925  5.02190  0.14645  3.89575      6 W - - -
          2.68618  4.42225  2.77519  2.73123  3.46354  2.40513  3.72494  3.29354  2.67741  2.69355  4.24690  2.90347  2.73739  3.18146  2.89801  2.37887  2.77519  2.98518  4.58477  3.61503
          0.01382  4.68401  5.40636  0.61958  0.77255  0.48576  0.95510
      7   3.54202  4.94051  5.21645  4.96397  4.31434  4.54221  5.68523  2.36601  4.86039  2.89391  4.20639  5.02009  5.10309  5.18855  4.99366  4.15015  3.91004  0.38212  6.20505  4.97318      7 V - - -
          2.68618  4.42225  2.77519  2.73123  3.46354  2.40513  3.72494  3.29354  2.67741  2.69355  4.24690  2.90347  2.73739  3.18146  2.89801  2.37887  2.77519  2.98518  4.58477  3.61503
          0.01382  4.68401  5.40636  0.61958  0.77255  0.48576  0.95510
      8   3.87182  5.31805  5.08677  4.81872  3.90193  4.56011  5.36882  3.18321  4.54426  2.42881  0.39344  4.97670  5.08129  4.89318  4.63741  4.26794  4.22450  3.27463  5.79108  4.61278      8 M - - -
          2.68618  4.42225  2.77519  2.73123  3.46354  2.40513  3.72494  3.29354  2.67741  2.69355  4.24690  2.90347  2.73739  3.18146  2.89801  2.37887  2.77519  2.98518  4.58477  3.61503
          0.01382  4.68401  5.40636  0.61958  0.77255  0.48576  0.95510
      9   3.54202  4.94051  5.21645  4.96397  4.31434  4.54221  5.68523  2.36601  4.86039  2.89391  4.20639  5.02009  5.10309  5.18855  4.99366  4.15015  3.91004  0.38212  6.20505  4.97318      9 V - - -
          2.68618  4.42225  2.77519  2.73123  3.46354  2.40513  3.72494  3.29354  2.67741  2.69355  4.24690  2.90347  2.73739  3.18146  2.89801  2.37887  2.77519  2.98518  4.58477  3.61503
          0.01382  4.68401  5.40636  0.61958  0.77255  0.48576  0.95510
     10   3.87182  5.31805  5.08677  4.81872  3.90193  4.56011  5.36882  3.18321  4.54426  2.42881  0.39344  4.97670  5.08129  4.89318  4.63741  4.26794  4.22450  3.27463  5.79108  4.61278     10 M - - -
          2.68618  4.42225  2.77519  2.73123  3.46354  2.40513  3.72494  3.29354  2.67741  2.69355  4.24690  2.90347  2.73739  3.18146  2.89801  2.37887  2.77519  2.98518  4.58477  3.61503
          0.01382  4.68401  5.40636  0.61958  0.77255  0.48576  0.95510
     11   3.87182  5.31805  5.08677  4.81872  3.90193  4.56011  5.36882  3.18321  4.54426  2.42881  0.39344  4.97670  5.08129  4.89318  4.63741  4.26794  4.22450  3.27463  5.79108  4.61278     11 M - - -
          2.68618  4.42225  2.77519  2.73123  3.46354  2.40513  3.72494  3.29354  2.67741  2.69355  4.24690  2.90347  2.73739  3.18146  2.89801  2.37887  2.77519  2.98518  4.58477  3.61503
          0.01382  4.68401  5.40636  0.61958  0.77255  0.48576  0.95510
     12   3.87182  5.31805  5.08677  4.81872  3.90193  4.56011  5.36882  3.18321  4.54426  2.42881  0.39344  4.97670  5.08129  4.89318  4.63741  4.26794  4.22450  3.27463  5.79108  4.61278     12 M - - -
          2.68618  4.42225  2.77519  2.73123  3.46354  2.40513  3.72494  3.29354  2.67741  2.69355  4.24690  2.90347  2.73739  3.18146  2.89801  2.37887  2.77519  2.98518  4.58477  3.61503
          0.01382  4.68401  5.40636  0.61958  0.77255  0.48576  0.95510
     13   3.54202  4.94051  5.21645  4.96397  4.31434  4.54221  5.68523  2.36601  4.86039  2.89391  4.20639  5.02009  5.10309  5.18855  4.99366  4.15015  3.91004  0.38212  6.20505  4.97318     13 V - - -
          2.68622  4.42229  2.77523  2.73127  3.46358  2.40517  3.72498  3.29358  2.67745  2.69359  4.24405  2.90351  2.73744  3.18150  2.89805  2.37891  2.77523  2.98522  4.58481  3.61507
          0.16380  1.92007  5.40636  0.21044  1.66194  0.48576  0.95510
     14   3.68628  5.31637  4.60919  4.37547  4.08740  1.10766  4.94155  4.49670  4.27136  4.04830  5.07519  4.54911  4.82446  4.64057  4.44504  3.88635  4.09844  4.17997  0.83145  4.09951     15 w - - -
          2.68618  4.42225  2.77519  2.73123  3.46354  2.40513  3.72494  3.29354  2.67741  2.69355  4.24690  2.90347  2.73739  3.18146  2.89801  2.37887  2.77519  2.98518  4.58477  3.61503
          0.01382  4.68401  5.40636  0.61958  0.77255  0.48576  0.95510
     15   3.76005  5.03716  5.38905  5.08771  4.08063  4.88592  5.74198  0.41917  4.94808  2.56173  3.95192  5.24225  5.30049  5.25034  5.06632  4.52870  4.06589  2.19820  6.08635  4.86601     16 I - - -
          2.68618  4.42225  2.77519  2.73123  3.46354  2.40513  3.72494  3.29354  2.67741  2.69355  4.24690  2.90347  2.73739  3.18146  2.89801  2.37887  2.77519  2.98518  4.58477  3.61503
          0.01382  4.68401  5.40636  0.61958  0.77255  0.48576  0.95510
     16   1.23082  4.53558  4.30545  4.03301  4.79265  3.37531  4.92812  4.02227  4.00297  3.85855  4.72876  3.95655  4.16969  4.26426  4.22488  2.84916  0.94075  3.50303  6.19077  5.03515     17 t - - -
          2.68618  4.42225  2.77519  2.73123  3.46354  2.40513  3.72494  3.29354  2.67741  2.69355  4.24690  2.90347  2.73739  3.18146  2.89801  2.37887  2.77519  2.98518  4.58477  3.61503
          0.01382  4.68401  5.40636  0.61958  0.77255  0.48576  0.95510
     17   0.29452  4.82664  4.52170  4.43249  5.09581  3.61822  5.31677  4.37592  4.47718  4.20510  5.18470  4.30490  4.43253  4.73834  4.61121  3.19268  3.52693  3.85867  6.41264  5.35120     18 A - - -
          2.68618  4.42225  2.77519  2.73123  3.46354  2.40513  3.72494  3.29354  2.67741  2.69355  4.24690  2.90347  2.73739  3.18146  2.89801  2.37887  2.77519  2.98518  4.58477  3.61503
          0.01382  4.68401  5.40636  0.61958  0.77255  0.48576  0.95510
     18   4.14537  5.68781  4.83337  4.82028  5.64917  4.33476  5.75685  5.49979  4.96393  4.98447  6.10806  5.02589  0.13527  5.31608  5.05187  4.35083  4.65023  5.03312  6.52916  5.79892     19 P - - -
          2.68618  4.42225  2.77519  2.73123  3.46354  2.40513  3.72494  3.29354  2.67741  2.69355  4.24690  2.90347  2.73739  3.18146  2.89801  2.37887  2.77519  2.98518  4.58477  3.61503
          0.01382  4.68401  5.40636  0.61958  0.77255  0.48576  0.95510
     19   4.21320  5.47090  5.49458  5.19980  3.67239  5.01311  5.62968  2.96372  4.98202  0.28295  3.54708  5.41687  5.35114  5.13308  4.99972  4.79677  4.48846  3.19644  5.76449  4.65705     20 L - - -
          2.68618  4.42225  2.77519  2.73123  3.46354  2.40513  3.72494  3.29354  2.67741  2.69355  4.24690  2.90347  2.73739  3.18146  2.89801  2.37887  2.77519  2.98518  4.58477  3.61503
          0.01382  4.68401  5.40636  0.61958  0.77255  0.48576  0.95510
     20   2.93795  4.83540  4.17609  4.10252  5.05630  3.56228  5.13641  4.73456  4.24230  4.40436  5.29266  4.12158  4.37435  4.52070  4.44048  0.32930  3.48599  4.06263  6.35740  5.17090     21 S - - -
          2.68618  4.42225  2.77519  2.73123  3.46354  2.40513  3.72494  3.29354  2.67741  2.69355  4.24690  2.90347  2.73739  3.18146  2.89801  2.37887  2.77519  2.98518  4.58477  3.61503
          0.01382  4.68401  5.40636  0.61958  0.77255  0.48576  0.95510
     21   3.98318  6.03302  3.20241  0.27627  5.53884  4.05196  4.80764  5.20178  3.83037  4.69792  5.71778  3.76939  4.71366  4.05711  4.27468  3.91930  4.31821  4.82262  6.52218  5.36958     22 E - - -
          2.68618  4.42225  2.77519  2.73123  3.46354  2.40513  3.72494  3.29354  2.67741  2.69355  4.24690  2.90347  2.73739  3.18146  2.89801  2.37887  2.77519  2.98518  4.58477  3.61503
          0.01382  4.68401  5.40636  0.61958  0.77255  0.48576  0.95510
     22   3.94614  5.57020  4.76772  4.78685  5.78433  0.13490  5.77651  5.65339  5.06490  5.16239  6.19263  4.93570  4.97079  5.32701  5.14481  4.14984  4.48040  5.02940  6.59838  5.93551     23 G - - -
          2.68618  4.42225  2.77519  2.73123  3.46354  2.40513  3.72494  3.29354  2.67741  2.69355  4.24690  2.90347  2.73739  3.18146  2.89801  2.37887  2.77519  2.98518  4.58477  3.61503
          0.00933  4.67951        *  0.61958  0.77255  0.00000        *
//
HMMER3/f [3.4 | Aug 2023]
NAME  conodipine
LENG  24
ALPH  amino
RF    no
MM    no
CONS  yes
CS    no
MAP   yes
DATE  Fri Jul  5 22:00:17 2024
NSEQ  5
EFFN  1.840820
CKSUM 3645241567
STATS LOCAL MSV       -6.7957  0.72020
STATS LOCAL VITERBI   -6.9090  0.72020
STATS LOCAL FORWARD   -4.3105  0.72020
HMM          A        C        D        E        F        G        H        I        K        L        M        N        P        Q        R        S        T        V        W        Y   
            m->m     m->i     m->d     i->m     i->i     d->m     d->d
  COMPO   1.80667  5.05395  3.20824  4.29121  4.15675  2.95327  5.12738  3.23818  3.21693  1.74692  2.76641  4.44034  3.12720  4.59725  4.37360  2.98174  3.04068  2.05190  2.65731  4.64829
          2.68618  4.42225  2.77519  2.73123  3.46354  2.40513  3.72494  3.29354  2.67741  2.69355  4.24690  2.90347  2.73739  3.18146  2.89801  2.37887  2.77519  2.98518  4.58477  3.61503
          0.01555  4.56705  5.28940  0.61958  0.77255  0.00000        *
      1   3.70522  5.16500  4.91465  4.61837  3.75488  4.43653  5.19375  3.01644  4.34570  2.28541  0.48197  4.79448  4.94403  4.69903  4.45685  4.09954  4.04802  3.09640  5.64717  4.45857      1 M - - -
          2.68618  4.42225  2.77519  2.73123  3.46354  2.40513  3.72494  3.29354  2.67741  2.69355  4.24690  2.90347  2.73739  3.18146  2.89801  2.37887  2.77519  2.98518  4.58477  3.61503
          0.01555  4.56705  5.28940  0.61958  0.77255  0.48576  0.95510
      2   3.80463  5.66605  4.02210  3.57186  5.22639  4.14651  4.38110  4.72376  0.37431  4.15383  5.12505  3.94401  4.63587  3.56671  2.84978  3.83005  4.02653  4.40978  6.01927  4.96944      2 K - - -
          2.68618  4.42225  2.77519  2.73123  3.46354  2.40513  3.72494  3.29354  2.67741  2.69355  4.24690  2.90347  2.73739  3.18146  2.89801  2.37887  2.77519  2.98518  4.58477  3.61503
          0.01555  4.56705  5.28940  0.61958  0.77255  0.48576  0.95510
      3   4.04416  5.32819  5.30852  4.99959  3.56730  4.86390  5.45537  2.84481  4.77416  0.33351  3.45498  5.22010  5.21127  4.95995  4.81636  4.60394  4.32116  3.05173  5.63856  4.50780      3 L - - -
          2.68618  4.42225  2.77519  2.73123  3.46354  2.40513  3.72494  3.29354  2.67741  2.69355  4.24690  2.90347  2.73739  3.18146  2.89801  2.37887  2.77519  2.98518  4.58477  3.61503
          0.01555  4.56705  5.28940  0.61958  0.77255  0.48576  0.95510
      4   4.04416  5.32819  5.30852  4.99959  3.56730  4.86390  5.45537  2.84481  4.77416  0.33351  3.45498  5.22010  5.21127  4.95995  4.81636  4.60394  4.32116  3.05173  5.63856  4.50780      4 L - - -
          2.68618  4.42225  2.77519  2.73123  3.46354  2.40513  3.72494  3.29354  2.67741  2.69355  4.24690  2.90347  2.73739  3.18146  2.89801  2.37887  2.77519  2.98518  4.58477  3.61503
          0.01555  4.56705  5.28940  0.61958  0.77255  0.48576  0.95510
      5   0.35496  4.70743  4.34156  4.22868  4.91776  3.50415  5.13890  4.16883  4.26852  4.00891  4.99499  4.14839  4.30958  4.54357  4.42593  3.06972  3.39662  3.68201  6.25678  5.16807      5 A - - -
          2.68618  4.42225  2.77519  2.73123  3.46354  2.40513  3.72494  3.29354  2.67741  2.69355  4.24690  2.90347  2.73739  3.18146  2.89801  2.37887  2.77519  2.98518  4.58477  3.61503
          0.01555  4.56705  5.28940  0.61958  0.77255  0.48576  0.95510
      6   3.92032  5.50161  4.60104  4.56747  5.42639  4.15353  5.53288  5.22284  4.69772  4.73573  5.84599  4.78665  0.17398  5.05733  4.81456  4.11948  4.41829  4.77389  6.35800  5.57072      6 P - - -
          2.68618  4.42225  2.77519  2.73123  3.46354  2.40513  3.72494  3.29354  2.67741  2.69355  4.24690  2.90347  2.73739  3.18146  2.89801  2.37887  2.77519  2.98518  4.58477  3.61503
          0.01555  4.56705  5.28940  0.61958  0.77255  0.48576  0.95510
      7   3.42121  4.83272  5.06125  4.79229  4.18179  4.42233  5.51715  2.28091  4.68110  2.77351  4.08039  4.86561  4.97931  5.01177  4.82492  4.00999  3.78640  0.44287  6.06273  4.82463      7 V - - -
          2.68618  4.42225  2.77519  2.73123  3.46354  2.40513  3.72494  3.29354  2.67741  2.69355  4.24690  2.90347  2.73739  3.18146  2.89801  2.37887  2.77519  2.98518  4.58477  3.61503
          0.01555  4.56705  5.28940  0.61958  0.77255  0.48576  0.95510
      8   4.04416  5.32819  5.30852  4.99959  3.56730  4.86390  5.45537  2.84481  4.77416  0.33351  3.45498  5.22010  5.21127  4.95995  4.81636  4.60394  4.32116  3.05173  5.63856  4.50780      8 L - - -
          2.68618  4.42225  2.77519  2.73123  3.46354  2.40513  3.72494  3.29354  2.67741  2.69355  4.24690  2.90347  2.73739  3.18146  2.89801  2.37887  2.77519  2.98518  4.58477  3.61503
          0.01555  4.56705  5.28940  0.61958  0.77255  0.48576  0.95510
      9   4.70231  5.78047  5.27006  5.17548  3.70403  4.62474  5.00044  4.84134  4.94200  4.09187  5.42670  5.22060  5.20262  5.28373  4.92849  4.90239  5.04793  4.74165  0.18789  3.67961      9 W - - -
          2.68618  4.42225  2.77519  2.73123  3.46354  2.40513  3.72494  3.29354  2.67741  2.69355  4.24690  2.90347  2.73739  3.18146  2.89801  2.37887  2.77519  2.98518  4.58477  3.61503
          0.01555  4.56705  5.28940  0.61958  0.77255  0.48576  0.95510
     10   0.35496  4.70743  4.34156  4.22868  4.91776  3.50415  5.13890  4.16883  4.26852  4.00891  4.99499  4.14839  4.30958  4.54357  4.42593  3.06972  3.39662  3.68201  6.25678  5.16807     10 A - - -
          2.68618  4.42225  2.77519  2.73123  3.46354  2.40513  3.72494  3.29354  2.67741  2.69355  4.24690  2.90347  2.73739  3.18146  2.89801  2.37887  2.77519  2.98518  4.58477  3.61503
          0.01555  4.56705  5.28940  0.61958  0.77255  0.48576  0.95510
     11   3.70522  5.16500  4.91465  4.61837  3.75488  4.43653  5.19375  3.01644  4.34570  2.28541  0.48197  4.79448  4.94403  4.69903  4.45685  4.09954  4.04802  3.09640  5.64717  4.45857     11 M - - -
          2.68618  4.42225  2.77519  2.73123  3.46354  2.40513  3.72494  3.29354  2.67741  2.69355  4.24690  2.90347  2.73739  3.18146  2.89801  2.37887  2.77519  2.98518  4.58477  3.61503
          0.01555  4.56705  5.28940  0.61958  0.77255  0.48576  0.95510
     12   0.35496  4.70743  4.34156  4.22868  4.91776  3.50415  5.13890  4.16883  4.26852  4.00891  4.99499  4.14839  4.30958  4.54357  4.42593  3.06972  3.39662  3.68201  6.25678  5.16807     12 A - - -
          2.68618  4.42225  2.77519  2.73123  3.46354  2.40513  3.72494  3.29354  2.67741  2.69355  4.24690  2.90347  2.73739  3.18146  2.89801  2.37887  2.77519  2.98518  4.58477  3.61503
          0.01555  4.56705  5.28940  0.61958  0.77255  0.48576  0.95510
     13   0.35496  4.70743  4.34156  4.22868  4.91776  3.50415  5.13890  4.16883  4.26852  4.00891  4.99499  4.14839  4.30958  4.54357  4.42593  3.06972  3.39662  3.68201  6.25678  5.16807     13 A - - -
          2.68618  4.42225  2.77519  2.73123  3.46354  2.40513  3.72494  3.29354  2.67741  2.69355  4.24690  2.90347  2.73739  3.18146  2.89801  2.37887  2.77519  2.98518  4.58477  3.61503
          0.01555  4.56705  5.28940  0.61958  0.77255  0.48576  0.95510
     14   4.04416  5.32819  5.30852  4.99959  3.56730  4.86390  5.45537  2.84481  4.77416  0.33351  3.45498  5.22010  5.21127  4.95995  4.81636  4.60394  4.32116  3.05173  5.63856  4.50780     14 L - - -
          2.68618  4.42225  2.77519  2.73123  3.46354  2.40513  3.72494  3.29354  2.67741  2.69355  4.24690  2.90347  2.73739  3.18146  2.89801  2.37887  2.77519  2.98518  4.58477  3.61503
          0.01555  4.56705  5.28940  0.61958  0.77255  0.48576  0.95510
     15   3.73958  5.39222  4.54471  4.54824  5.57763  0.17057  5.56597  5.40191  4.81621  4.93800  5.95600  4.71245  4.79464  5.08669  4.92441  3.93824  4.26874  4.79714  6.43669  5.72016     15 G - - -
          2.68618  4.42225  2.77519  2.73123  3.46354  2.40513  3.72494  3.29354  2.67741  2.69355  4.24690  2.90347  2.73739  3.18146  2.89801  2.37887  2.77519  2.98518  4.58477  3.61503
          0.01555  4.56705  5.28940  0.61958  0.77255  0.48576  0.95510
     16   3.42121  4.83272  5.06125  4.79229  4.18179  4.42233  5.51715  2.28091  4.68110  2.77351  4.08039  4.86561  4.97931  5.01177  4.82492  4.00999  3.78640  0.44287  6.06273  4.82463     16 V - - -
          2.68618  4.42225  2.77519  2.73123  3.46354  2.40513  3.72494  3.29354  2.67741  2.69355  4.24690  2.90347  2.73739  3.18146  2.89801  2.37887  2.77519  2.98518  4.58477  3.61503
          0.01555  4.56705  5.28940  0.61958  0.77255  0.48576  0.95510
     17   2.97858  4.80835  4.26151  4.11374  4.80222  3.60951  5.04837  4.03856  4.07487  3.86926  4.90725  4.15205  4.38131  4.43698  4.25747  3.19161  0.39207  3.63794  6.15469  5.03249     17 T - - -
          2.68618  4.42225  2.77519  2.73123  3.46354  2.40513  3.72494  3.29354  2.67741  2.69355  4.24690  2.90347  2.73739  3.18146  2.89801  2.37887  2.77519  2.98518  4.58477  3.61503
          0.01555  4.56705  5.28940  0.61958  0.77255  0.48576  0.95510
     18   4.70231  5.78047  5.27006  5.17548  3.70403  4.62474  5.00044  4.84134  4.94200  4.09187  5.42670  5.22060  5.20262  5.28373  4.92849  4.90239  5.04793  4.74165  0.18789  3.67961     18 W - - -
          2.68618  4.42225  2.77519  2.73123  3.46354  2.40513  3.72494  3.29354  2.67741  2.69355  4.24690  2.90347  2.73739  3.18146  2.89801  2.37887  2.77519  2.98518  4.58477  3.61503
          0.01555  4.56705  5.28940  0.61958  0.77255  0.48576  0.95510
     19   4.04416  5.32819  5.30852  4.99959  3.56730  4.86390  5.45537  2.84481  4.77416  0.33351  3.45498  5.22010  5.21127  4.95995  4.81636  4.60394  4.32116  3.05173  5.63856  4.50780     19 L - - -
          2.68618  4.42225  2.77519  2.73123  3.46354  2.40513  3.72494  3.29354  2.67741  2.69355  4.24690  2.90347  2.73739  3.18146  2.89801  2.37887  2.77519  2.98518  4.58477  3.61503
          0.01555  4.56705  5.28940  0.61958  0.77255  0.48576  0.95510
     20   3.42121  4.83272  5.06125  4.79229  4.18179  4.42233  5.51715  2.28091  4.68110  2.77351  4.08039  4.86561  4.97931  5.01177  4.82492  4.00999  3.78640  0.44287  6.06273  4.82463     20 V - - -
          2.68618  4.42225  2.77519  2.73123  3.46354  2.40513  3.72494  3.29354  2.67741  2.69355  4.24690  2.90347  2.73739  3.18146  2.89801  2.37887  2.77519  2.98518  4.58477  3.61503
          0.01555  4.56705  5.28940  0.61958  0.77255  0.48576  0.95510
     21   0.35496  4.70743  4.34156  4.22868  4.91776  3.50415  5.13890  4.16883  4.26852  4.00891  4.99499  4.14839  4.30958  4.54357  4.42593  3.06972  3.39662  3.68201  6.25678  5.16807     21 A - - -
          2.68618  4.42225  2.77519  2.73123  3.46354  2.40513  3.72494  3.29354  2.67741  2.69355  4.24690  2.90347  2.73739  3.18146  2.89801  2.37887  2.77519  2.98518  4.58477  3.61503
          0.01555  4.56705  5.28940  0.61958  0.77255  0.48576  0.95510
     22   3.42121  4.83272  5.06125  4.79229  4.18179  4.42233  5.51715  2.28091  4.68110  2.77351  4.08039  4.86561  4.97931  5.01177  4.82492  4.00999  3.78640  0.44287  6.06273  4.82463     22 V - - -
          2.68618  4.42225  2.77519  2.73123  3.46354  2.40513  3.72494  3.29354  2.67741  2.69355  4.24690  2.90347  2.73739  3.18146  2.89801  2.37887  2.77519  2.98518  4.58477  3.61503
          0.01555  4.56705  5.28940  0.61958  0.77255  0.48576  0.95510
     23   3.91831  5.98820  0.28931  3.04890  5.50220  3.90910  4.76312  5.28929  4.00390  4.77773  5.82008  3.62370  4.60750  4.03584  4.57534  3.83473  4.28503  4.86647  6.50324  5.32492     23 D - - -
          2.68618  4.42225  2.77519  2.73123  3.46354  2.40513  3.72494  3.29354  2.67741  2.69355  4.24690  2.90347  2.73739  3.18146  2.89801  2.37887  2.77519  2.98518  4.58477  3.61503
          0.01555  4.56705  5.28940  0.61958  0.77255  0.48576  0.95510
     24   2.82056  4.72386  4.00422  3.90900  4.89290  3.44989  4.96117  4.54403  4.03791  4.22146  5.11380  3.96616  4.25264  4.32923  4.25585  0.39471  3.35949  3.90574  6.20754  5.00010     24 S - - -
          2.68618  4.42225  2.77519  2.73123  3.46354  2.40513  3.72494  3.29354  2.67741  2.69355  4.24690  2.90347  2.73739  3.18146  2.89801  2.37887  2.77519  2.98518  4.58477  3.61503
          0.01050  4.56199        *  0.61958  0.77255  0.00000        *
//
HMMER3/f [3.4 | Aug 2023]
NAME  D
LENG  24
ALPH  amino
RF    no
MM    no
CONS  yes
CS    no
MAP   yes
DATE  Fri Jul  5 22:00:30 2024
NSEQ  35
EFFN  4.345093
CKSUM 1872585952
STATS LOCAL MSV       -6.3832  0.72019
STATS LOCAL VITERBI   -6.7338  0.72019
STATS LOCAL FORWARD   -4.3727  0.72019
HMM          A        C        D        E        F        G        H        I        K        L        M        N        P        Q        R        S        T        V        W        Y   
            m->m     m->i     m->d     i->m     i->i     d->m     d->d
  COMPO   2.59198  4.63286  3.84537  3.30527  3.26837  2.75232  4.62062  2.77332  3.24574  1.30606  2.46028  4.45805  2.52825  4.57474  4.10594  3.46263  4.13263  2.48429  5.94345  3.31361
          2.68618  4.42225  2.77519  2.73123  3.46354  2.40513  3.72494  3.29354  2.67741  2.69355  4.24690  2.90347  2.73739  3.18146  2.89801  2.37887  2.77519  2.98518  4.58477  3.61503
          0.00800  5.22758  5.94993  0.61958  0.77255  0.00000        *
      1   4.76618  6.13755  5.92624  5.79570  4.77463  5.19490  6.25621  4.17362  5.56656  3.31854  0.14005  5.89181  5.78025  5.88746  5.57330  5.14993  5.16767  4.30749  6.57526  5.47378      1 M - - -
          2.68618  4.42225  2.77519  2.73123  3.46354  2.40513  3.72494  3.29354  2.67741  2.69355  4.24690  2.90347  2.73739  3.18146  2.89801  2.37887  2.77519  2.98518  4.58477  3.61503
          0.00800  5.22758  5.94993  0.61958  0.77255  0.48576  0.95510
      2   4.11498  5.80088  5.17973  5.05476  5.06720  4.64407  5.83153  4.60555  4.92086  2.44567  5.32079  5.16219  0.24416  5.34234  5.05435  4.34980  4.59099  4.44906  6.59206  5.38735      2 P - - -
          2.68618  4.42225  2.77519  2.73123  3.46354  2.40513  3.72494  3.29354  2.67741  2.69355  4.24690  2.90347  2.73739  3.18146  2.89801  2.37887  2.77519  2.98518  4.58477  3.61503
          0.00800  5.22758  5.94993  0.61958  0.77255  0.48576  0.95510
      3   4.36427  6.28695  5.19606  4.06664  6.03401  4.78830  4.44484  5.21719  0.41905  4.47256  5.39708  4.30451  5.07998  3.57110  1.74661  4.32517  4.40768  4.93448  6.35221  5.36667      3 K - - -
          2.68618  4.42225  2.77519  2.73123  3.46354  2.40513  3.72494  3.29354  2.67741  2.69355  4.24690  2.90347  2.73739  3.18146  2.89801  2.37887  2.77519  2.98518  4.58477  3.61503
          0.00800  5.22758  5.94993  0.61958  0.77255  0.48576  0.95510
      4   5.02283  6.16797  6.30200  6.07341  4.25655  5.67460  6.42961  3.60392  5.92327  0.13088  4.08975  6.30186  5.99640  5.92243  5.83523  5.69635  5.29053  3.93730  6.39977  5.39897      4 L - - -
          2.68618  4.42225  2.77519  2.73123  3.46354  2.40513  3.72494  3.29354  2.67741  2.69355  4.24690  2.90347  2.73739  3.18146  2.89801  2.37887  2.77519  2.98518  4.58477  3.61503
          0.00800  5.22758  5.94993  0.61958  0.77255  0.48576  0.95510
      5   1.67928  5.90618  3.22412  0.55225  5.66594  4.03108  4.79546  5.11925  3.79458  4.70320  5.57695  3.71616  4.71144  3.98515  4.30733  3.63901  4.03170  4.63035  6.85105  5.44781      5 E - - -
          2.68618  4.42225  2.77519  2.73123  3.46354  2.40513  3.72494  3.29354  2.67741  2.69355  4.24690  2.90347  2.73739  3.18146  2.89801  2.37887  2.77519  2.98518  4.58477  3.61503
          0.00800  5.22758  5.94993  0.61958  0.77255  0.48576  0.95510
      6   3.97526  5.26935  5.94161  5.47827  4.13226  5.28309  5.97748  2.60472  5.30572  2.51726  0.83293  5.56469  5.59546  5.45229  5.37339  4.72674  4.25730  1.19157  6.22897  5.10406      6 m - - -
          2.68618  4.42225  2.77519  2.73123  3.46354  2.40513  3.72494  3.29354  2.67741  2.69355  4.24690  2.90347  2.73739  3.18146  2.89801  2.37887  2.77519  2.98518  4.58477  3.61503
          0.00800  5.22758  5.94993  0.61958  0.77255  0.48576  0.95510
      7   3.99969  5.31362  5.93605  5.47881  4.08219  5.25589  5.95717  2.68536  5.28733  2.45234  0.65789  5.55897  5.58175  5.42233  5.34493  4.70605  4.28814  1.51352  6.19251  5.07998      7 M - - -
          2.68618  4.42225  2.77519  2.73123  3.46354  2.40513  3.72494  3.29354  2.67741  2.69355  4.24690  2.90347  2.73739  3.18146  2.89801  2.37887  2.77519  2.98518  4.58477  3.61503
          0.00800  5.22758  5.94993  0.61958  0.77255  0.48576  0.95510
      8   5.02283  6.16797  6.30200  6.07341  4.25655  5.67460  6.42961  3.60392  5.92327  0.13088  4.08975  6.30186  5.99640  5.92243  5.83523  5.69635  5.29053  3.93730  6.39977  5.39897      8 L - - -
          2.68618  4.42225  2.77519  2.73123  3.46354  2.40513  3.72494  3.29354  2.67741  2.69355  4.24690  2.90347  2.73739  3.18146  2.89801  2.37887  2.77519  2.98518  4.58477  3.61503
          0.00800  5.22758  5.94993  0.61958  0.77255  0.48576  0.95510
      9   4.47711  5.67228  6.41416  5.91393  3.86456  5.86619  6.31495  2.87426  5.76257  0.33836  3.60182  6.12440  5.90039  5.61635  5.69980  5.34596  4.70707  2.10128  6.18560  5.22890      9 L - - -
          2.68618  4.42225  2.77519  2.73123  3.46354  2.40513  3.72494  3.29354  2.67741  2.69355  4.24690  2.90347  2.73739  3.18146  2.89801  2.37887  2.77519  2.98518  4.58477  3.61503
          0.00800  5.22758  5.94993  0.61958  0.77255  0.48576  0.95510
     10   4.17758  5.53317  5.92771  5.74988  5.01799  5.11699  6.47035  2.91294  5.69684  3.56321  4.89545  5.75063  5.70251  6.01404  5.78397  4.83771  4.56044  0.18331  6.90128  5.72384     10 V - - -
          2.68618  4.42225  2.77519  2.73123  3.46354  2.40513  3.72494  3.29354  2.67741  2.69355  4.24690  2.90347  2.73739  3.18146  2.89801  2.37887  2.77519  2.98518  4.58477  3.61503
          0.00800  5.22758  5.94993  0.61958  0.77255  0.48576  0.95510
     11   5.02283  6.16797  6.30200  6.07341  4.25655  5.67460  6.42961  3.60392  5.92327  0.13088  4.08975  6.30186  5.99640  5.92243  5.83523  5.69635  5.29053  3.93730  6.39977  5.39897     11 L - - -
          2.68618  4.42225  2.77519  2.73123  3.46354  2.40513  3.72494  3.29354  2.67741  2.69355  4.24690  2.90347  2.73739  3.18146  2.89801  2.37887  2.77519  2.98518  4.58477  3.61503
          0.00800  5.22758  5.94993  0.61958  0.77255  0.48576  0.95510
     12   5.02283  6.16797  6.30200  6.07341  4.25655  5.67460  6.42961  3.60392  5.92327  0.13088  4.08975  6.30186  5.99640  5.92243  5.83523  5.69635  5.29053  3.93730  6.39977  5.39897     12 L - - -
          2.68618  4.42225  2.77519  2.73123  3.46354  2.40513  3.72494  3.29354  2.67741  2.69355  4.24690  2.90347  2.73739  3.18146  2.89801  2.37887  2.77519  2.98518  4.58477  3.61503
          0.00800  5.22758  5.94993  0.61958  0.77255  0.48576  0.95510
     13   4.23263  5.40429  6.27245  5.82973  4.21375  5.81737  6.45943  0.38513  5.72213  2.02867  3.96299  6.01984  5.93866  5.82766  5.79884  5.31268  4.48540  2.41681  6.48661  5.35838     13 I - - -
          2.68618  4.42225  2.77519  2.73123  3.46354  2.40513  3.72494  3.29354  2.67741  2.69355  4.24690  2.90347  2.73739  3.18146  2.89801  2.37887  2.77519  2.98518  4.58477  3.61503
          0.00800  5.22758  5.94993  0.61958  0.77255  0.48576  0.95510
     14   4.80295  5.91398  6.58507  6.10497  2.28183  6.12650  5.91796  3.13911  5.97140  0.30221  3.56234  6.23177  6.00927  5.62298  5.80025  5.62310  4.98495  3.53385  5.77640  4.48519     14 L - - -
          2.68618  4.42225  2.77519  2.73123  3.46354  2.40513  3.72494  3.29354  2.67741  2.69355  4.24690  2.90347  2.73739  3.18146  2.89801  2.37887  2.77519  2.98518  4.58477  3.61503
          0.04478  5.22758  3.25906  0.61958  0.77255  0.48576  0.95510
     15   5.11858  6.47441  5.79650  5.84582  6.55539  5.10358  6.64671  6.63508  6.03486  5.98275  7.16334  6.01923  0.04957  6.35297  5.99877  5.35249  5.63658  6.10839  7.22345  6.72974     15 P - - -
          2.68618  4.42225  2.77519  2.73123  3.46354  2.40513  3.72494  3.29354  2.67741  2.69355  4.24690  2.90347  2.73739  3.18146  2.89801  2.37887  2.77519  2.98518  4.58477  3.61503
          0.00830  5.19111  5.91345  0.61958  0.77255  0.60516  0.78963
     16   4.96812  6.12036  6.25130  6.01848  4.21301  5.63236  6.37728  3.55713  5.86250  0.13787  4.04818  6.24505  5.95373  5.87048  5.78084  5.63688  5.23630  3.88489  6.35514  5.34729     16 L - - -
          2.68618  4.42225  2.77519  2.73123  3.46354  2.40513  3.72494  3.29354  2.67741  2.69355  4.24690  2.90347  2.73739  3.18146  2.89801  2.37887  2.77519  2.98518  4.58477  3.61503
          0.00830  5.19111  5.91345  0.61958  0.77255  0.60516  0.78963
     17   3.03518  2.11065  4.37374  3.81547  2.49216  4.05174  4.44068  3.13522  3.72160  2.86834  3.78555  4.05057  2.32862  3.96589  3.95482  1.37032  3.30214  2.92142  5.19213  3.38569     17 s - - -
          2.68618  4.42225  2.77519  2.73123  3.46354  2.40513  3.72494  3.29354  2.67741  2.69355  4.24690  2.90347  2.73739  3.18146  2.89801  2.37887  2.77519  2.98518  4.58477  3.61503
          0.00830  5.19111  5.91345  0.61958  0.77255  0.60516  0.78963
     18   4.49529  5.89599  4.96075  4.75634  2.86874  5.07443  2.64116  4.64467  4.63095  3.93294  5.16557  4.73906  5.48855  4.81455  4.76763  2.88090  4.76143  4.49292  4.53417  0.39234     18 Y - - -
          2.68618  4.42225  2.77519  2.73123  3.46354  2.40513  3.72494  3.29354  2.67741  2.69355  4.24690  2.90347  2.73739  3.18146  2.89801  2.37887  2.77519  2.98518  4.58477  3.61503
          0.00830  5.19111  5.91345  0.61958  0.77255  0.60516  0.78963
     19   3.73841  3.45281  5.65941  5.14212  0.75724  4.95441  5.11301  1.60979  4.96611  2.56219  3.84630  5.10210  5.26896  5.02903  4.97490  4.32228  3.98891  2.69634  5.37587  3.95050     19 f - - -
          2.68618  4.42225  2.77519  2.73123  3.46354  2.40513  3.72494  3.29354  2.67741  2.69355  4.24690  2.90347  2.73739  3.18146  2.89801  2.37887  2.77519  2.98518  4.58477  3.61503
          0.00830  5.19111  5.91345  0.61958  0.77255  0.60516  0.78963
     20   3.08484  5.39371  1.16541  2.78435  4.63708  3.81740  4.07573  2.94124  2.88997  3.67292  4.47358  2.67561  4.25044  3.21660  3.37650  2.16151  3.32490  3.74735  5.86878  3.04908     20 d - - -
          2.68618  4.42225  2.77519  2.73123  3.46354  2.40513  3.72494  3.29354  2.67741  2.69355  4.24690  2.90347  2.73739  3.18146  2.89801  2.37887  2.77519  2.98518  4.58477  3.61503
          0.00830  5.19111  5.91345  0.61958  0.77255  0.41775  1.07449
     21   0.34010  4.83925  5.00105  4.82567  5.05896  3.73913  5.53017  3.91532  4.73946  3.98750  5.01113  4.48825  4.56241  4.95297  4.84496  3.23639  3.53687  2.70353  6.59194  5.44963     21 A - - -
          2.68618  4.42225  2.77519  2.73123  3.46354  2.40513  3.72494  3.29354  2.67741  2.69355  4.24690  2.90347  2.73739  3.18146  2.89801  2.37887  2.77519  2.98518  4.58477  3.61503
          0.00971  5.03564  5.75798  0.61958  0.77255  0.48576  0.95510
     22   0.63239  4.88789  4.77702  4.71141  5.58692  1.25803  5.59649  5.06330  4.83704  4.77094  5.55094  4.41998  4.51968  4.98301  4.95614  3.18233  3.54988  4.23356  6.89331  5.84410     22 A - - -
          2.68618  4.42225  2.77519  2.73123  3.46354  2.40513  3.72494  3.29354  2.67741  2.69355  4.24690  2.90347  2.73739  3.18146  2.89801  2.37887  2.77519  2.98518  4.58477  3.61503
          0.00971  5.03564  5.75798  0.61958  0.77255  0.48576  0.95510
     23   3.63685  5.43344  4.74875  4.66524  5.23276  0.25593  5.59668  4.82871  4.71563  2.77617  5.54582  4.74102  4.96440  5.05519  4.87981  3.84291  4.15468  4.41119  6.57072  5.40590     23 G - - -
          2.68618  4.42225  2.77519  2.73123  3.46354  2.40513  3.72494  3.29354  2.67741  2.69355  4.24690  2.90347  2.73739  3.18146  2.89801  2.37887  2.77519  2.98518  4.58477  3.61503
          0.12617  5.03564  2.18898  0.61958  0.77255  0.48576  0.95510
     24   3.04400  5.26411  3.08610  2.27483  4.50116  1.16989  2.70613  3.96924  2.81913  2.81541  4.38595  3.26061  4.18923  3.18702  3.25591  3.05535  3.29200  3.63525  5.75496  4.39616     24 g - - -
          2.68578  4.42249  2.77512  2.73148  3.46378  2.40492  3.72519  3.29378  2.67765  2.69349  4.24714  2.90353  2.73764  3.18098  2.89734  2.37911  2.77544  2.98503  4.58501  3.61490
          0.13812  2.04791        *  1.53072  0.24383  0.00000        *
//
HMMER3/f [3.4 | Aug 2023]
NAME  E
LENG  18
ALPH  amino
RF    no
MM    no
CONS  yes
CS    no
MAP   yes
DATE  Fri Jul  5 22:00:35 2024
NSEQ  3
EFFN  3.000000
CKSUM 3813461879
STATS LOCAL MSV       -6.1973  0.72459
STATS LOCAL VITERBI   -6.4644  0.72459
STATS LOCAL FORWARD   -3.9465  0.72459
HMM          A        C        D        E        F        G        H        I        K        L        M        N        P        Q        R        S        T        V        W        Y   
            m->m     m->i     m->d     i->m     i->i     d->m     d->d
  COMPO   2.11137  5.38898  4.94777  2.94032  1.83974  3.29451  5.30375  2.98076  4.65026  1.88592  1.83356  4.86523  5.01380  4.98001  2.92101  4.10012  2.89728  2.53802  5.76722  4.37043
          2.68618  4.42225  2.77519  2.73123  3.46354  2.40513  3.72494  3.29354  2.67741  2.69355  4.24690  2.90347  2.73739  3.18146  2.89801  2.37887  2.77519  2.98518  4.58477  3.61503
          0.01083  4.92694  5.64929  0.61958  0.77255  0.00000        *
      1   4.25112  5.66746  5.45821  5.25250  4.25670  4.83375  5.75580  3.58523  4.98633  2.78386  0.25191  5.37670  5.38471  5.32431  5.04119  4.64540  4.62574  3.69840  6.12261  4.97173      1 M - - -
          2.68618  4.42225  2.77519  2.73123  3.46354  2.40513  3.72494  3.29354  2.67741  2.69355  4.24690  2.90347  2.73739  3.18146  2.89801  2.37887  2.77519  2.98518  4.58477  3.61503
          0.01083  4.92694  5.64929  0.61958  0.77255  0.48576  0.95510
      2   4.25112  5.66746  5.45821  5.25250  4.25670  4.83375  5.75580  3.58523  4.98633  2.78386  0.25191  5.37670  5.38471  5.32431  5.04119  4.64540  4.62574  3.69840  6.12261  4.97173      2 M - - -
          2.68618  4.42225  2.77519  2.73123  3.46354  2.40513  3.72494  3.29354  2.67741  2.69355  4.24690  2.90347  2.73739  3.18146  2.89801  2.37887  2.77519  2.98518  4.58477  3.61503
          0.01083  4.92694  5.64929  0.61958  0.77255  0.48576  0.95510
      3   3.11589  4.79561  4.58988  4.17049  4.05708  3.98734  4.88950  3.16718  3.97560  2.80524  1.53465  4.28623  4.59377  4.30955  4.17313  3.41466  0.93361  3.01983  5.72471  4.53748      3 t - - -
          2.68618  4.42225  2.77519  2.73123  3.46354  2.40513  3.72494  3.29354  2.67741  2.69355  4.24690  2.90347  2.73739  3.18146  2.89801  2.37887  2.77519  2.98518  4.58477  3.61503
          0.01083  4.92694  5.64929  0.61958  0.77255  0.48576  0.95510
      4   4.63269  6.17031  5.23627  4.65723  5.83104  4.75957  5.16203  5.57076  3.40946  4.88757  5.93594  4.90413  5.28406  4.40770  0.15346  4.72514  4.87591  5.25930  6.52707  5.64972      4 R - - -
          2.68618  4.42225  2.77519  2.73123  3.46354  2.40513  3.72494  3.29354  2.67741  2.69355  4.24690  2.90347  2.73739  3.18146  2.89801  2.37887  2.77519  2.98518  4.58477  3.61503
          0.01083  4.92694  5.64929  0.61958  0.77255  0.48576  0.95510
      5   3.81074  5.18723  5.53612  5.31808  4.61167  4.79531  6.03761  2.58028  5.23451  3.17087  4.49373  5.34410  5.36627  5.55797  5.34702  4.44980  4.18522  0.27818  6.51146  5.29766      5 V - - -
          2.68618  4.42225  2.77519  2.73123  3.46354  2.40513  3.72494  3.29354  2.67741  2.69355  4.24690  2.90347  2.73739  3.18146  2.89801  2.37887  2.77519  2.98518  4.58477  3.61503
          0.01083  4.92694  5.64929  0.61958  0.77255  0.48576  0.95510
      6   4.89980  6.00036  5.72736  5.69451  0.18190  5.13895  4.79009  4.46397  5.62250  3.61889  5.06424  5.38122  5.63064  5.53487  5.49083  5.04717  5.22678  4.50791  4.89282  3.20027      6 F - - -
          2.68618  4.42225  2.77519  2.73123  3.46354  2.40513  3.72494  3.29354  2.67741  2.69355  4.24690  2.90347  2.73739  3.18146  2.89801  2.37887  2.77519  2.98518  4.58477  3.61503
          0.01083  4.92694  5.64929  0.61958  0.77255  0.48576  0.95510
      7   3.92042  5.15210  5.75220  5.29489  1.50551  5.21593  5.21623  0.80135  5.15315  2.26556  3.67770  5.30195  5.42738  5.15997  5.16122  4.62872  4.16097  2.54511  5.35649  3.88866      7 i - - -
          2.68618  4.42225  2.77519  2.73123  3.46354  2.40513  3.72494  3.29354  2.67741  2.69355  4.24690  2.90347  2.73739  3.18146  2.89801  2.37887  2.77519  2.98518  4.58477  3.61503
          0.01083  4.92694  5.64929  0.61958  0.77255  0.48576  0.95510
      8   0.19989  5.09609  4.90943  4.86817  5.47834  3.87778  5.69414  4.82779  4.92219  4.62846  5.59295  4.64391  4.70631  5.15250  5.00494  3.47075  3.81778  4.24261  6.74111  5.74319      8 A - - -
          2.68618  4.42225  2.77519  2.73123  3.46354  2.40513  3.72494  3.29354  2.67741  2.69355  4.24690  2.90347  2.73739  3.18146  2.89801  2.37887  2.77519  2.98518  4.58477  3.61503
          0.01083  4.92694  5.64929  0.61958  0.77255  0.48576  0.95510
      9   4.25112  5.66746  5.45821  5.25250  4.25670  4.83375  5.75580  3.58523  4.98633  2.78386  0.25191  5.37670  5.38471  5.32431  5.04119  4.64540  4.62574  3.69840  6.12261  4.97173      9 M - - -
          2.68618  4.42225  2.77519  2.73123  3.46354  2.40513  3.72494  3.29354  2.67741  2.69355  4.24690  2.90347  2.73739  3.18146  2.89801  2.37887  2.77519  2.98518  4.58477  3.61503
          0.01083  4.92694  5.64929  0.61958  0.77255  0.48576  0.95510
     10   4.89980  6.00036  5.72736  5.69451  0.18190  5.13895  4.79009  4.46397  5.62250  3.61889  5.06424  5.38122  5.63064  5.53487  5.49083  5.04717  5.22678  4.50791  4.89282  3.20027     10 F - - -
          2.68618  4.42225  2.77519  2.73123  3.46354  2.40513  3.72494  3.29354  2.67741  2.69355  4.24690  2.90347  2.73739  3.18146  2.89801  2.37887  2.77519  2.98518  4.58477  3.61503
          0.01083  4.92694  5.64929  0.61958  0.77255  0.48576  0.95510
     11   4.89980  6.00036  5.72736  5.69451  0.18190  5.13895  4.79009  4.46397  5.62250  3.61889  5.06424  5.38122  5.63064  5.53487  5.49083  5.04717  5.22678  4.50791  4.89282  3.20027     11 F - - -
          2.68618  4.42225  2.77519  2.73123  3.46354  2.40513  3.72494  3.29354  2.67741  2.69355  4.24690  2.90347  2.73739  3.18146  2.89801  2.37887  2.77519  2.98518  4.58477  3.61503
          0.01083  4.92694  5.64929  0.61958  0.77255  0.48576  0.95510
     12   4.57244  5.77793  5.86877  5.60417  3.91541  5.31675  5.99152  3.23369  5.41069  0.20074  3.76813  5.82127  5.64163  5.48987  5.37872  5.20096  4.84423  3.51574  6.03970  4.98030     12 L - - -
          2.68618  4.42225  2.77519  2.73123  3.46354  2.40513  3.72494  3.29354  2.67741  2.69355  4.24690  2.90347  2.73739  3.18146  2.89801  2.37887  2.77519  2.98518  4.58477  3.61503
          0.01083  4.92694  5.64929  0.61958  0.77255  0.48576  0.95510
     13   4.37688  5.54985  6.22299  5.65859  3.51901  5.76436  6.00242  2.79172  5.47753  0.58129  1.45518  5.93239  5.67754  5.28307  5.39157  5.20938  4.56733  3.14245  5.84716  4.93573     13 L - - -
          2.68618  4.42225  2.77519  2.73123  3.46354  2.40513  3.72494  3.29354  2.67741  2.69355  4.24690  2.90347  2.73739  3.18146  2.89801  2.37887  2.77519  2.98518  4.58477  3.61503
          0.01083  4.92694  5.64929  0.61958  0.77255  0.48576  0.95510
     14   0.19989  5.09609  4.90943  4.86817  5.47834  3.87778  5.69414  4.82779  4.92219  4.62846  5.59295  4.64391  4.70631  5.15250  5.00494  3.47075  3.81778  4.24261  6.74111  5.74319     14 A - - -
          2.68618  4.42225  2.77519  2.73123  3.46354  2.40513  3.72494  3.29354  2.67741  2.69355  4.24690  2.90347  2.73739  3.18146  2.89801  2.37887  2.77519  2.98518  4.58477  3.61503
          0.01083  4.92694  5.64929  0.61958  0.77255  0.48576  0.95510
     15   4.57244  5.77793  5.86877  5.60417  3.91541  5.31675  5.99152  3.23369  5.41069  0.20074  3.76813  5.82127  5.64163  5.48987  5.37872  5.20096  4.84423  3.51574  6.03970  4.98030     15 L - - -
          2.68618  4.42225  2.77519  2.73123  3.46354  2.40513  3.72494  3.29354  2.67741  2.69355  4.24690  2.90347  2.73739  3.18146  2.89801  2.37887  2.77519  2.98518  4.58477  3.61503
          0.01083  4.92694  5.64929  0.61958  0.77255  0.48576  0.95510
     16   3.12124  4.76301  4.90757  4.55502  4.39929  4.03130  5.26337  2.77539  4.43031  3.16381  4.29001  4.51644  4.70285  4.70885  4.59970  3.48858  0.90589  1.27135  6.08774  4.89074     16 t - - -
          2.68618  4.42225  2.77519  2.73123  3.46354  2.40513  3.72494  3.29354  2.67741  2.69355  4.24690  2.90347  2.73739  3.18146  2.89801  2.37887  2.77519  2.98518  4.58477  3.61503
          0.01083  4.92694  5.64929  0.61958  0.77255  0.48576  0.95510
     17   4.41353  6.36850  3.55766  0.17446  5.94872  4.38487  5.21442  5.70456  4.29834  5.15447  6.21155  4.15585  5.06174  4.48988  4.73891  4.34638  4.76278  5.30888  6.85038  5.78836     17 E - - -
          2.68618  4.42225  2.77519  2.73123  3.46354  2.40513  3.72494  3.29354  2.67741  2.69355  4.24690  2.90347  2.73739  3.18146  2.89801  2.37887  2.77519  2.98518  4.58477  3.61503
          0.01083  4.92694  5.64929  0.61958  0.77255  0.48576  0.95510
     18   1.18744  4.80514  4.58334  4.51110  5.46540  0.71910  5.44976  4.93439  4.66184  4.64329  5.43132  4.29073  4.42420  4.82276  4.80788  3.09384  3.45970  4.12870  6.77052  5.70497     18 g - - -
          2.68618  4.42225  2.77519  2.73123  3.46354  2.40513  3.72494  3.29354  2.67741  2.69355  4.24690  2.90347  2.73739  3.18146  2.89801  2.37887  2.77519  2.98518  4.58477  3.61503
          0.00730  4.92341        *  0.61958  0.77255  0.00000        *
//
HMMER3/f [3.4 | Aug 2023]
NAME  F
LENG  22
ALPH  amino
RF    no
MM    no
CONS  yes
CS    no
MAP   yes
DATE  Fri Jul  5 22:00:41 2024
NSEQ  2
EFFN  2.000000
CKSUM 1114491521
STATS LOCAL MSV       -6.4339  0.72230
STATS LOCAL VITERBI   -6.8209  0.72230
STATS LOCAL FORWARD   -4.2678  0.72230
HMM          A        C        D        E        F        G        H        I        K        L        M        N        P        Q        R        S        T        V        W        Y   
            m->m     m->i     m->d     i->m     i->i     d->m     d->d
  COMPO   1.83938  5.14518  4.58075  4.40892  3.66250  2.04499  5.18386  3.31137  4.21991  1.76107  3.18152  4.55343  3.05888  2.64262  3.10812  3.80733  3.94852  2.09237  3.21046  4.70132
          2.68618  4.42225  2.77519  2.73123  3.46354  2.40513  3.72494  3.29354  2.67741  2.69355  4.24690  2.90347  2.73739  3.18146  2.89801  2.37887  2.77519  2.98518  4.58477  3.61503
          0.01467  4.62483  5.34718  0.61958  0.77255  0.00000        *
      1   3.78609  5.23920  4.99896  4.71640  3.82551  4.49683  5.27913  3.09658  4.44245  2.35395  0.43643  4.88347  5.01099  4.79366  4.54476  4.18152  4.13368  3.18226  5.71684  4.53313      1 M - - -
          2.68618  4.42225  2.77519  2.73123  3.46354  2.40513  3.72494  3.29354  2.67741  2.69355  4.24690  2.90347  2.73739  3.18146  2.89801  2.37887  2.77519  2.98518  4.58477  3.61503
          0.01467  4.62483  5.34718  0.61958  0.77255  0.48576  0.95510
      2   3.80442  5.66093  3.72105  3.55415  4.94637  4.09521  4.69133  4.78133  3.33586  4.19045  5.26064  3.99667  4.69675  0.34231  3.57534  3.85110  4.13181  4.47545  6.08407  4.88153      2 Q - - -
          2.68618  4.42225  2.77519  2.73123  3.46354  2.40513  3.72494  3.29354  2.67741  2.69355  4.24690  2.90347  2.73739  3.18146  2.89801  2.37887  2.77519  2.98518  4.58477  3.61503
          0.01467  4.62483  5.34718  0.61958  0.77255  0.48576  0.95510
      3   4.09153  5.75008  4.67229  4.09411  5.31638  4.34678  4.67762  4.97541  2.93879  4.35023  5.37643  4.37234  4.85576  3.90366  0.27042  4.17197  4.33362  4.67489  6.11461  5.14175      3 R - - -
          2.68618  4.42225  2.77519  2.73123  3.46354  2.40513  3.72494  3.29354  2.67741  2.69355  4.24690  2.90347  2.73739  3.18146  2.89801  2.37887  2.77519  2.98518  4.58477  3.61503
          0.01467  4.62483  5.34718  0.61958  0.77255  0.48576  0.95510
      4   3.84125  5.47999  4.65486  4.66631  5.68016  0.15181  5.67046  5.52655  4.93955  5.04946  6.07339  4.82272  4.88165  5.20581  5.03385  4.04240  4.37307  4.91201  6.51694  5.82696      4 G - - -
          2.68618  4.42225  2.77519  2.73123  3.46354  2.40513  3.72494  3.29354  2.67741  2.69355  4.24690  2.90347  2.73739  3.18146  2.89801  2.37887  2.77519  2.98518  4.58477  3.61503
          0.01467  4.62483  5.34718  0.61958  0.77255  0.48576  0.95510
      5   0.32372  4.76536  4.42980  4.32857  5.00499  3.55951  5.22620  4.27004  4.37081  4.10495  5.08789  4.22499  4.36948  4.63911  4.51684  3.12947  3.46009  3.76842  6.33337  5.25783      5 A - - -
          2.68618  4.42225  2.77519  2.73123  3.46354  2.40513  3.72494  3.29354  2.67741  2.69355  4.24690  2.90347  2.73739  3.18146  2.89801  2.37887  2.77519  2.98518  4.58477  3.61503
          0.01467  4.62483  5.34718  0.61958  0.77255  0.48576  0.95510
      6   3.48020  4.88506  5.13802  4.87715  4.24638  4.48140  5.59995  2.32145  4.76955  2.83193  4.14161  4.94179  5.04021  5.09894  4.90810  4.07890  3.84676  0.41190  6.13252  4.89734      6 V - - -
          2.68618  4.42225  2.77519  2.73123  3.46354  2.40513  3.72494  3.29354  2.67741  2.69355  4.24690  2.90347  2.73739  3.18146  2.89801  2.37887  2.77519  2.98518  4.58477  3.61503
          0.01467  4.62483  5.34718  0.61958  0.77255  0.48576  0.95510
      7   4.12723  5.39816  5.40081  5.09880  3.61818  4.93777  5.54137  2.90258  4.87682  0.30752  3.49923  5.31733  5.28030  5.04552  4.90691  4.69892  4.40337  3.12238  5.70016  4.58094      7 L - - -
          2.68618  4.42225  2.77519  2.73123  3.46354  2.40513  3.72494  3.29354  2.67741  2.69355  4.24690  2.90347  2.73739  3.18146  2.89801  2.37887  2.77519  2.98518  4.58477  3.61503
          0.01467  4.62483  5.34718  0.61958  0.77255  0.48576  0.95510
      8   4.12723  5.39816  5.40081  5.09880  3.61818  4.93777  5.54137  2.90258  4.87682  0.30752  3.49923  5.31733  5.28030  5.04552  4.90691  4.69892  4.40337  3.12238  5.70016  4.58094      8 L - - -
          2.68618  4.42225  2.77519  2.73123  3.46354  2.40513  3.72494  3.29354  2.67741  2.69355  4.24690  2.90347  2.73739  3.18146  2.89801  2.37887  2.77519  2.98518  4.58477  3.61503
          0.01467  4.62483  5.34718  0.61958  0.77255  0.48576  0.95510
      9   3.84125  5.47999  4.65486  4.66631  5.68016  0.15181  5.67046  5.52655  4.93955  5.04946  6.07339  4.82272  4.88165  5.20581  5.03385  4.04240  4.37307  4.91201  6.51694  5.82696      9 G - - -
          2.68618  4.42225  2.77519  2.73123  3.46354  2.40513  3.72494  3.29354  2.67741  2.69355  4.24690  2.90347  2.73739  3.18146  2.89801  2.37887  2.77519  2.98518  4.58477  3.61503
          0.01467  4.62483  5.34718  0.61958  0.77255  0.48576  0.95510
     10   3.48020  4.88506  5.13802  4.87715  4.24638  4.48140  5.59995  2.32145  4.76955  2.83193  4.14161  4.94179  5.04021  5.09894  4.90810  4.07890  3.84676  0.41190  6.13252  4.89734     10 V - - -
          2.68618  4.42225  2.77519  2.73123  3.46354  2.40513  3.72494  3.29354  2.67741  2.69355  4.24690  2.90347  2.73739  3.18146  2.89801  2.37887  2.77519  2.98518  4.58477  3.61503
          0.01467  4.62483  5.34718  0.61958  0.77255  0.48576  0.95510
     11   3.48020  4.88506  5.13802  4.87715  4.24638  4.48140  5.59995  2.32145  4.76955  2.83193  4.14161  4.94179  5.04021  5.09894  4.90810  4.07890  3.84676  0.41190  6.13252  4.89734     11 V - - -
          2.68618  4.42225  2.77519  2.73123  3.46354  2.40513  3.72494  3.29354  2.67741  2.69355  4.24690  2.90347  2.73739  3.18146  2.89801  2.37887  2.77519  2.98518  4.58477  3.61503
          0.01467  4.62483  5.34718  0.61958  0.77255  0.48576  0.95510
     12   0.32372  4.76536  4.42980  4.32857  5.00499  3.55951  5.22620  4.27004  4.37081  4.10495  5.08789  4.22499  4.36948  4.63911  4.51684  3.12947  3.46009  3.76842  6.33337  5.25783     12 A - - -
          2.68618  4.42225  2.77519  2.73123  3.46354  2.40513  3.72494  3.29354  2.67741  2.69355  4.24690  2.90347  2.73739  3.18146  2.89801  2.37887  2.77519  2.98518  4.58477  3.61503
          0.01467  4.62483  5.34718  0.61958  0.77255  0.48576  0.95510
     13   3.97968  5.20133  5.59063  5.12901  1.22894  5.13845  4.85679  2.74893  4.96354  0.89270  3.26829  5.13655  5.26583  4.85848  4.92435  4.54591  4.19079  2.98618  4.93212  3.44879     13 l - - -
          2.68618  4.42225  2.77519  2.73123  3.46354  2.40513  3.72494  3.29354  2.67741  2.69355  4.24690  2.90347  2.73739  3.18146  2.89801  2.37887  2.77519  2.98518  4.58477  3.61503
          0.01467  4.62483  5.34718  0.61958  0.77255  0.48576  0.95510
     14   4.12723  5.39816  5.40081  5.09880  3.61818  4.93777  5.54137  2.90258  4.87682  0.30752  3.49923  5.31733  5.28030  5.04552  4.90691  4.69892  4.40337  3.12238  5.70016  4.58094     14 L - - -
          2.68618  4.42225  2.77519  2.73123  3.46354  2.40513  3.72494  3.29354  2.67741  2.69355  4.24690  2.90347  2.73739  3.18146  2.89801  2.37887  2.77519  2.98518  4.58477  3.61503
          0.01467  4.62483  5.34718  0.61958  0.77255  0.48576  0.95510
     15   1.23345  4.53141  4.61939  4.24863  4.17026  3.78898  4.98575  2.58000  4.16108  2.95765  4.06177  4.24389  4.45457  4.42090  4.35100  3.23616  3.30097  1.11246  5.83673  4.64005     15 v - - -
          2.68618  4.42225  2.77519  2.73123  3.46354  2.40513  3.72494  3.29354  2.67741  2.69355  4.24690  2.90347  2.73739  3.18146  2.89801  2.37887  2.77519  2.98518  4.58477  3.61503
          0.01467  4.62483  5.34718  0.61958  0.77255  0.48576  0.95510
     16   4.12723  5.39816  5.40081  5.09880  3.61818  4.93777  5.54137  2.90258  4.87682  0.30752  3.49923  5.31733  5.28030  5.04552  4.90691  4.69892  4.40337  3.12238  5.70016  4.58094     16 L - - -
          2.68618  4.42225  2.77519  2.73123  3.46354  2.40513  3.72494  3.29354  2.67741  2.69355  4.24690  2.90347  2.73739  3.18146  2.89801  2.37887  2.77519  2.98518  4.58477  3.61503
          0.01467  4.62483  5.34718  0.61958  0.77255  0.48576  0.95510
     17   4.82318  5.87391  5.36844  5.28961  3.81117  4.70308  5.10523  4.98084  5.06729  4.21822  5.56037  5.33222  5.28501  5.40387  5.04111  5.02415  5.17266  4.88017  0.16601  3.78547     17 W - - -
          2.68618  4.42225  2.77519  2.73123  3.46354  2.40513  3.72494  3.29354  2.67741  2.69355  4.24690  2.90347  2.73739  3.18146  2.89801  2.37887  2.77519  2.98518  4.58477  3.61503
          0.01467  4.62483  5.34718  0.61958  0.77255  0.48576  0.95510
     18   4.03124  5.59357  4.71592  4.69270  5.53678  4.24299  5.64411  5.35980  4.82963  4.85903  5.97586  4.90496  0.15351  5.18563  4.93230  4.23350  4.53279  4.90205  6.44294  5.68377     18 P - - -
          2.68618  4.42225  2.77519  2.73123  3.46354  2.40513  3.72494  3.29354  2.67741  2.69355  4.24690  2.90347  2.73739  3.18146  2.89801  2.37887  2.77519  2.98518  4.58477  3.61503
          0.01467  4.62483  5.34718  0.61958  0.77255  0.48576  0.95510
     19   3.80442  5.66093  3.72105  3.55415  4.94637  4.09521  4.69133  4.78133  3.33586  4.19045  5.26064  3.99667  4.69675  0.34231  3.57534  3.85110  4.13181  4.47545  6.08407  4.88153     19 Q - - -
          2.68618  4.42225  2.77519  2.73123  3.46354  2.40513  3.72494  3.29354  2.67741  2.69355  4.24690  2.90347  2.73739  3.18146  2.89801  2.37887  2.77519  2.98518  4.58477  3.61503
          0.01467  4.62483  5.34718  0.61958  0.77255  0.48576  0.95510
     20   0.32372  4.76536  4.42980  4.32857  5.00499  3.55951  5.22620  4.27004  4.37081  4.10495  5.08789  4.22499  4.36948  4.63911  4.51684  3.12947  3.46009  3.76842  6.33337  5.25783     20 A - - -
          2.68618  4.42225  2.77519  2.73123  3.46354  2.40513  3.72494  3.29354  2.67741  2.69355  4.24690  2.90347  2.73739  3.18146  2.89801  2.37887  2.77519  2.98518  4.58477  3.61503
          0.01467  4.62483  5.34718  0.61958  0.77255  0.48576  0.95510
     21   3.84125  5.47999  4.65486  4.66631  5.68016  0.15181  5.67046  5.52655  4.93955  5.04946  6.07339  4.82272  4.88165  5.20581  5.03385  4.04240  4.37307  4.91201  6.51694  5.82696     21 G - - -
          2.68618  4.42225  2.77519  2.73123  3.46354  2.40513  3.72494  3.29354  2.67741  2.69355  4.24690  2.90347  2.73739  3.18146  2.89801  2.37887  2.77519  2.98518  4.58477  3.61503
          0.01467  4.62483  5.34718  0.61958  0.77255  0.48576  0.95510
     22   0.32372  4.76536  4.42980  4.32857  5.00499  3.55951  5.22620  4.27004  4.37081  4.10495  5.08789  4.22499  4.36948  4.63911  4.51684  3.12947  3.46009  3.76842  6.33337  5.25783     22 A - - -
          2.68618  4.42225  2.77519  2.73123  3.46354  2.40513  3.72494  3.29354  2.67741  2.69355  4.24690  2.90347  2.73739  3.18146  2.89801  2.37887  2.77519  2.98518  4.58477  3.61503
          0.00990  4.62006        *  0.61958  0.77255  0.00000        *
//
HMMER3/f [3.4 | Aug 2023]
NAME  G
LENG  19
ALPH  amino
RF    no
MM    no
CONS  yes
CS    no
MAP   yes
DATE  Fri Jul  5 22:00:46 2024
NSEQ  1
EFFN  1.000000
CKSUM 3829202010
STATS LOCAL MSV       -7.0799  0.75087
STATS LOCAL VITERBI   -7.2713  0.75087
STATS LOCAL FORWARD   -3.1844  0.75087
HMM          A        C        D        E        F        G        H        I        K        L        M        N        P        Q        R        S        T        V        W        Y   
            m->m     m->i     m->d     i->m     i->i     d->m     d->d
  COMPO   2.40525  4.70804  4.16458  3.94541  3.65329  2.40205  4.76047  2.72386  3.86572  1.39528  2.46902  4.13257  3.06641  4.20425  4.04278  2.89781  3.49246  2.09827  5.43210  4.25925
          2.68618  4.42225  2.77519  2.73123  3.46354  2.40513  3.72494  3.29354  2.67741  2.69355  4.24690  2.90347  2.73739  3.18146  2.89801  2.37887  2.77519  2.98518  4.58477  3.61503
          0.02276  4.18987  4.91222  0.61958  0.77255  0.00000        *
      1   3.25222  4.75661  4.40951  4.03909  3.39126  4.08269  4.70091  2.60085  3.78687  1.94755  0.87716  4.27371  4.55506  4.15310  3.95236  3.62896  3.56913  2.64181  5.26720  4.05226      1 m - - -
          2.68618  4.42225  2.77519  2.73123  3.46354  2.40513  3.72494  3.29354  2.67741  2.69355  4.24690  2.90347  2.73739  3.18146  2.89801  2.37887  2.77519  2.98518  4.58477  3.61503
          0.02276  4.18987  4.91222  0.61958  0.77255  0.48576  0.95510
      2   2.50290  4.42108  3.51861  3.36211  4.41329  3.14686  4.45616  3.98573  3.45836  3.68510  4.59157  3.52531  3.91437  3.78381  3.72517  0.69670  3.00903  3.44843  5.76176  4.50243      2 s - - -
          2.68618  4.42225  2.77519  2.73123  3.46354  2.40513  3.72494  3.29354  2.67741  2.69355  4.24690  2.90347  2.73739  3.18146  2.89801  2.37887  2.77519  2.98518  4.58477  3.61503
          0.02276  4.18987  4.91222  0.61958  0.77255  0.48576  0.95510
      3   3.10948  4.84107  3.84719  3.79257  4.90565  0.37306  4.88139  4.59443  4.01632  4.20398  5.19076  4.01300  4.24120  4.31596  4.20612  3.29233  3.61514  4.06116  5.90481  5.02236      3 G - - -
          2.68618  4.42225  2.77519  2.73123  3.46354  2.40513  3.72494  3.29354  2.67741  2.69355  4.24690  2.90347  2.73739  3.18146  2.89801  2.37887  2.77519  2.98518  4.58477  3.61503
          0.02276  4.18987  4.91222  0.61958  0.77255  0.48576  0.95510
      4   3.25222  4.75661  4.40951  4.03909  3.39126  4.08269  4.70091  2.60085  3.78687  1.94755  0.87716  4.27371  4.55506  4.15310  3.95236  3.62896  3.56913  2.64181  5.26720  4.05226      4 m - - -
          2.68618  4.42225  2.77519  2.73123  3.46354  2.40513  3.72494  3.29354  2.67741  2.69355  4.24690  2.90347  2.73739  3.18146  2.89801  2.37887  2.77519  2.98518  4.58477  3.61503
          0.02276  4.18987  4.91222  0.61958  0.77255  0.48576  0.95510
      5   3.10948  4.84107  3.84719  3.79257  4.90565  0.37306  4.88139  4.59443  4.01632  4.20398  5.19076  4.01300  4.24120  4.31596  4.20612  3.29233  3.61514  4.06116  5.90481  5.02236      5 G - - -
          2.68618  4.42225  2.77519  2.73123  3.46354  2.40513  3.72494  3.29354  2.67741  2.69355  4.24690  2.90347  2.73739  3.18146  2.89801  2.37887  2.77519  2.98518  4.58477  3.61503
          0.02276  4.18987  4.91222  0.61958  0.77255  0.48576  0.95510
      6   3.06814  4.53666  4.55675  4.24109  3.80509  4.04348  4.99558  2.09190  4.11452  2.44351  3.73220  4.37728  4.59470  4.45659  4.29516  3.57621  3.42714  0.70040  5.63939  4.38629      6 v - - -
          2.68618  4.42225  2.77519  2.73123  3.46354  2.40513  3.72494  3.29354  2.67741  2.69355  4.24690  2.90347  2.73739  3.18146  2.89801  2.37887  2.77519  2.98518  4.58477  3.61503
          0.02276  4.18987  4.91222  0.61958  0.77255  0.48576  0.95510
      7   3.53219  4.90705  4.69875  4.35172  3.28930  4.38188  4.90956  2.52153  4.11714  0.56381  3.23352  4.59702  4.76998  4.40760  4.23639  4.00847  3.81594  2.63910  5.27109  4.06384      7 L - - -
          2.68618  4.42225  2.77519  2.73123  3.46354  2.40513  3.72494  3.29354  2.67741  2.69355  4.24690  2.90347  2.73739  3.18146  2.89801  2.37887  2.77519  2.98518  4.58477  3.61503
          0.02276  4.18987  4.91222  0.61958  0.77255  0.48576  0.95510
      8   3.53219  4.90705  4.69875  4.35172  3.28930  4.38188  4.90956  2.52153  4.11714  0.56381  3.23352  4.59702  4.76998  4.40760  4.23639  4.00847  3.81594  2.63910  5.27109  4.06384      8 L - - -
          2.68618  4.42225  2.77519  2.73123  3.46354  2.40513  3.72494  3.29354  2.67741  2.69355  4.24690  2.90347  2.73739  3.18146  2.89801  2.37887  2.77519  2.98518  4.58477  3.61503
          0.02276  4.18987  4.91222  0.61958  0.77255  0.48576  0.95510
      9   3.53219  4.90705  4.69875  4.35172  3.28930  4.38188  4.90956  2.52153  4.11714  0.56381  3.23352  4.59702  4.76998  4.40760  4.23639  4.00847  3.81594  2.63910  5.27109  4.06384      9 L - - -
          2.68618  4.42225  2.77519  2.73123  3.46354  2.40513  3.72494  3.29354  2.67741  2.69355  4.24690  2.90347  2.73739  3.18146  2.89801  2.37887  2.77519  2.98518  4.58477  3.61503
          0.02276  4.18987  4.91222  0.61958  0.77255  0.48576  0.95510
     10   3.06814  4.53666  4.55675  4.24109  3.80509  4.04348  4.99558  2.09190  4.11452  2.44351  3.73220  4.37728  4.59470  4.45659  4.29516  3.57621  3.42714  0.70040  5.63939  4.38629     10 v - - -
          2.68618  4.42225  2.77519  2.73123  3.46354  2.40513  3.72494  3.29354  2.67741  2.69355  4.24690  2.90347  2.73739  3.18146  2.89801  2.37887  2.77519  2.98518  4.58477  3.61503
          0.02276  4.18987  4.91222  0.61958  0.77255  0.48576  0.95510
     11   3.53219  4.90705  4.69875  4.35172  3.28930  4.38188  4.90956  2.52153  4.11714  0.56381  3.23352  4.59702  4.76998  4.40760  4.23639  4.00847  3.81594  2.63910  5.27109  4.06384     11 L - - -
          2.68618  4.42225  2.77519  2.73123  3.46354  2.40513  3.72494  3.29354  2.67741  2.69355  4.24690  2.90347  2.73739  3.18146  2.89801  2.37887  2.77519  2.98518  4.58477  3.61503
          0.02276  4.18987  4.91222  0.61958  0.77255  0.48576  0.95510
     12   3.53219  4.90705  4.69875  4.35172  3.28930  4.38188  4.90956  2.52153  4.11714  0.56381  3.23352  4.59702  4.76998  4.40760  4.23639  4.00847  3.81594  2.63910  5.27109  4.06384     12 L - - -
          2.68618  4.42225  2.77519  2.73123  3.46354  2.40513  3.72494  3.29354  2.67741  2.69355  4.24690  2.90347  2.73739  3.18146  2.89801  2.37887  2.77519  2.98518  4.58477  3.61503
          0.02276  4.18987  4.91222  0.61958  0.77255  0.48576  0.95510
     13   3.53219  4.90705  4.69875  4.35172  3.28930  4.38188  4.90956  2.52153  4.11714  0.56381  3.23352  4.59702  4.76998  4.40760  4.23639  4.00847  3.81594  2.63910  5.27109  4.06384     13 L - - -
          2.68618  4.42225  2.77519  2.73123  3.46354  2.40513  3.72494  3.29354  2.67741  2.69355  4.24690  2.90347  2.73739  3.18146  2.89801  2.37887  2.77519  2.98518  4.58477  3.61503
          0.02276  4.18987  4.91222  0.61958  0.77255  0.48576  0.95510
     14   3.06814  4.53666  4.55675  4.24109  3.80509  4.04348  4.99558  2.09190  4.11452  2.44351  3.73220  4.37728  4.59470  4.45659  4.29516  3.57621  3.42714  0.70040  5.63939  4.38629     14 v - - -
          2.68618  4.42225  2.77519  2.73123  3.46354  2.40513  3.72494  3.29354  2.67741  2.69355  4.24690  2.90347  2.73739  3.18146  2.89801  2.37887  2.77519  2.98518  4.58477  3.61503
          0.02276  4.18987  4.91222  0.61958  0.77255  0.48576  0.95510
     15   3.25222  4.75661  4.40951  4.03909  3.39126  4.08269  4.70091  2.60085  3.78687  1.94755  0.87716  4.27371  4.55506  4.15310  3.95236  3.62896  3.56913  2.64181  5.26720  4.05226     15 m - - -
          2.68618  4.42225  2.77519  2.73123  3.46354  2.40513  3.72494  3.29354  2.67741  2.69355  4.24690  2.90347  2.73739  3.18146  2.89801  2.37887  2.77519  2.98518  4.58477  3.61503
          0.02276  4.18987  4.91222  0.61958  0.77255  0.48576  0.95510
     16   3.23070  4.92185  3.87384  3.76704  4.71566  3.59203  4.80764  4.35681  3.85437  3.94292  5.01397  4.03637  0.40440  4.23275  4.05325  3.41067  3.69911  3.96322  5.80181  4.84428     16 P - - -
          2.68618  4.42225  2.77519  2.73123  3.46354  2.40513  3.72494  3.29354  2.67741  2.69355  4.24690  2.90347  2.73739  3.18146  2.89801  2.37887  2.77519  2.98518  4.58477  3.61503
          0.02276  4.18987  4.91222  0.61958  0.77255  0.48576  0.95510
     17   3.53219  4.90705  4.69875  4.35172  3.28930  4.38188  4.90956  2.52153  4.11714  0.56381  3.23352  4.59702  4.76998  4.40760  4.23639  4.00847  3.81594  2.63910  5.27109  4.06384     17 L - - -
          2.68618  4.42225  2.77519  2.73123  3.46354  2.40513  3.72494  3.29354  2.67741  2.69355  4.24690  2.90347  2.73739  3.18146  2.89801  2.37887  2.77519  2.98518  4.58477  3.61503
          0.02276  4.18987  4.91222  0.61958  0.77255  0.48576  0.95510
     18   0.63821  4.38336  3.81718  3.63781  4.40030  3.19683  4.61755  3.57590  3.66322  3.44164  4.44765  3.69681  3.96722  3.97650  3.88271  2.73571  3.03580  3.17318  5.79420  4.63502     18 A - - -
          2.68618  4.42225  2.77519  2.73123  3.46354  2.40513  3.72494  3.29354  2.67741  2.69355  4.24690  2.90347  2.73739  3.18146  2.89801  2.37887  2.77519  2.98518  4.58477  3.61503
          0.02276  4.18987  4.91222  0.61958  0.77255  0.48576  0.95510
     19   0.63821  4.38336  3.81718  3.63781  4.40030  3.19683  4.61755  3.57590  3.66322  3.44164  4.44765  3.69681  3.96722  3.97650  3.88271  2.73571  3.03580  3.17318  5.79420  4.63502     19 A - - -
          2.68618  4.42225  2.77519  2.73123  3.46354  2.40513  3.72494  3.29354  2.67741  2.69355  4.24690  2.90347  2.73739  3.18146  2.89801  2.37887  2.77519  2.98518  4.58477  3.61503
          0.01538  4.18249        *  0.61958  0.77255  0.00000        *
//
HMMER3/f [3.4 | Aug 2023]
NAME  H
LENG  22
ALPH  amino
RF    no
MM    no
CONS  yes
CS    no
MAP   yes
DATE  Fri Jul  5 22:00:51 2024
NSEQ  14
EFFN  4.604004
CKSUM 3202871919
STATS LOCAL MSV       -6.5153  0.72033
STATS LOCAL VITERBI   -6.2770  0.72033
STATS LOCAL FORWARD   -4.4493  0.72033
HMM          A        C        D        E        F        G        H        I        K        L        M        N        P        Q        R        S        T        V        W        Y   
            m->m     m->i     m->d     i->m     i->i     d->m     d->d
  COMPO   2.48959  3.22926  5.01231  3.32006  3.11299  2.07553  5.63906  3.80642  4.28034  1.16605  2.98482  3.86243  4.75822  4.19049  2.97839  2.82717  3.08402  2.89976  6.36908  5.18113
          2.68618  4.42225  2.77519  2.73123  3.46354  2.40513  3.72494  3.29354  2.67741  2.69355  4.24690  2.90347  2.73739  3.18146  2.89801  2.37887  2.77519  2.98518  4.58477  3.61503
          0.00762  5.27635  5.99870  0.61958  0.77255  0.00000        *
      1   4.85293  6.21572  6.00168  5.88241  4.86527  5.25501  6.33774  4.27691  5.66199  3.41372  0.12701  5.97582  5.84531  5.97986  5.66090  5.23444  5.25848  4.41327  6.65125  5.55973      1 M - - -
          2.68618  4.42225  2.77519  2.73123  3.46354  2.40513  3.72494  3.29354  2.67741  2.69355  4.24690  2.90347  2.73739  3.18146  2.89801  2.37887  2.77519  2.98518  4.58477  3.61503
          0.00762  5.27635  5.99870  0.61958  0.77255  0.48576  0.95510
      2   3.38297  5.76848  3.59207  3.05329  5.19948  4.06704  4.17736  4.62591  1.80192  4.06419  4.85166  1.07731  4.46764  3.28850  2.32513  2.19749  3.59533  4.22003  6.13863  4.83160      2 n - - -
          2.68618  4.42225  2.77519  2.73123  3.46354  2.40513  3.72494  3.29354  2.67741  2.69355  4.24690  2.90347  2.73739  3.18146  2.89801  2.37887  2.77519  2.98518  4.58477  3.61503
          0.00762  5.27635  5.99870  0.61958  0.77255  0.48576  0.95510
      3   1.87417  5.00843  4.99912  4.79339  5.54657  3.81824  5.61921  4.95814  4.77673  4.68152  5.47776  4.53373  2.55252  4.97858  4.94107  3.30513  0.49649  4.24220  6.90462  5.79942      3 T - - -
          2.68618  4.42225  2.77519  2.73123  3.46354  2.40513  3.72494  3.29354  2.67741  2.69355  4.24690  2.90347  2.73739  3.18146  2.89801  2.37887  2.77519  2.98518  4.58477  3.61503
          0.00762  5.27635  5.99870  0.61958  0.77255  0.48576  0.95510
      4   0.68886  5.02216  5.16848  5.08941  5.79763  3.81159  5.84676  5.28742  5.11360  4.99355  5.74885  4.63470  4.67949  5.24421  5.19086  1.02131  3.68654  4.40406  7.13757  6.07958      4 A - - -
          2.68618  4.42225  2.77519  2.73123  3.46354  2.40513  3.72494  3.29354  2.67741  2.69355  4.24690  2.90347  2.73739  3.18146  2.89801  2.37887  2.77519  2.98518  4.58477  3.61503
          0.00762  5.27635  5.99870  0.61958  0.77255  0.48576  0.95510
      5   5.00952  6.46428  5.85815  5.92734  6.75495  0.04476  6.75632  6.82973  6.21697  6.19249  7.29495  6.03286  5.83938  6.45368  6.16065  5.23922  5.55244  6.15641  7.36304  6.94701      5 G - - -
          2.68618  4.42225  2.77519  2.73123  3.46354  2.40513  3.72494  3.29354  2.67741  2.69355  4.24690  2.90347  2.73739  3.18146  2.89801  2.37887  2.77519  2.98518  4.58477  3.61503
          0.00762  5.27635  5.99870  0.61958  0.77255  0.48576  0.95510
      6   5.27544  6.65991  5.86924  5.32417  6.42423  5.24467  5.76990  6.27088  4.03782  5.52732  6.60373  5.54959  5.78953  5.05002  0.07936  5.38934  5.52633  5.94512  7.01935  6.26252      6 R - - -
          2.68618  4.42225  2.77519  2.73123  3.46354  2.40513  3.72494  3.29354  2.67741  2.69355  4.24690  2.90347  2.73739  3.18146  2.89801  2.37887  2.77519  2.98518  4.58477  3.61503
          0.00762  5.27635  5.99870  0.61958  0.77255  0.48576  0.95510
      7   5.09596  6.23168  6.36902  6.14601  4.31564  5.73059  6.49918  3.66725  6.00384  0.12206  4.14635  6.37714  6.05328  5.99168  5.90749  5.77553  5.36304  4.00785  6.45980  5.46843      7 L - - -
          2.68618  4.42225  2.77519  2.73123  3.46354  2.40513  3.72494  3.29354  2.67741  2.69355  4.24690  2.90347  2.73739  3.18146  2.89801  2.37887  2.77519  2.98518  4.58477  3.61503
          0.00762  5.27635  5.99870  0.61958  0.77255  0.48576  0.95510
      8   5.09596  6.23168  6.36902  6.14601  4.31564  5.73059  6.49918  3.66725  6.00384  0.12206  4.14635  6.37714  6.05328  5.99168  5.90749  5.77553  5.36304  4.00785  6.45980  5.46843      8 L - - -
          2.68618  4.42225  2.77519  2.73123  3.46354  2.40513  3.72494  3.29354  2.67741  2.69355  4.24690  2.90347  2.73739  3.18146  2.89801  2.37887  2.77519  2.98518  4.58477  3.61503
          0.00762  5.27635  5.99870  0.61958  0.77255  0.48576  0.95510
      9   4.84986  5.95491  6.57695  6.13166  1.36725  6.11395  5.72032  3.23455  5.98991  0.52473  3.65805  6.15174  6.03480  5.64117  5.81348  5.59784  5.03294  3.61961  5.63345  4.22115      9 L - - -
          2.68618  4.42225  2.77519  2.73123  3.46354  2.40513  3.72494  3.29354  2.67741  2.69355  4.24690  2.90347  2.73739  3.18146  2.89801  2.37887  2.77519  2.98518  4.58477  3.61503
          0.00762  5.27635  5.99870  0.61958  0.77255  0.48576  0.95510
     10   4.49901  5.68999  6.45740  5.95681  3.91934  5.90873  6.36816  2.88256  5.81395  0.36210  3.65429  6.16520  5.94241  5.67007  5.75374  5.38727  4.72935  1.93648  6.24036  5.28276     10 L - - -
          2.68618  4.42225  2.77519  2.73123  3.46354  2.40513  3.72494  3.29354  2.67741  2.69355  4.24690  2.90347  2.73739  3.18146  2.89801  2.37887  2.77519  2.98518  4.58477  3.61503
          0.00762  5.27635  5.99870  0.61958  0.77255  0.48576  0.95510
     11   3.76457  0.21631  5.83302  5.84521  6.14654  2.38428  6.36655  5.74010  5.77827  5.43808  6.31267  5.31319  5.19429  5.94144  5.70958  3.99499  4.34997  4.96773  7.22815  6.42978     11 C - - -
          2.68618  4.42225  2.77519  2.73123  3.46354  2.40513  3.72494  3.29354  2.67741  2.69355  4.24690  2.90347  2.73739  3.18146  2.89801  2.37887  2.77519  2.98518  4.58477  3.61503
          0.00762  5.27635  5.99870  0.61958  0.77255  0.48576  0.95510
     12   5.09596  6.23168  6.36902  6.14601  4.31564  5.73059  6.49918  3.66725  6.00384  0.12206  4.14635  6.37714  6.05328  5.99168  5.90749  5.77553  5.36304  4.00785  6.45980  5.46843     12 L - - -
          2.68618  4.42225  2.77519  2.73123  3.46354  2.40513  3.72494  3.29354  2.67741  2.69355  4.24690  2.90347  2.73739  3.18146  2.89801  2.37887  2.77519  2.98518  4.58477  3.61503
          0.00762  5.27635  5.99870  0.61958  0.77255  0.48576  0.95510
     13   0.54927  4.95480  5.18881  4.90281  5.14176  3.88288  5.56766  4.14801  4.79976  4.16349  5.07779  4.59848  4.68733  4.99330  4.93018  3.35692  1.71161  2.62677  6.61487  5.48564     13 A - - -
          2.68618  4.42225  2.77519  2.73123  3.46354  2.40513  3.72494  3.29354  2.67741  2.69355  4.24690  2.90347  2.73739  3.18146  2.89801  2.37887  2.77519  2.98518  4.58477  3.61503
          0.00762  5.27635  5.99870  0.61958  0.77255  0.48576  0.95510
     14   4.38198  5.57824  6.37608  5.88037  3.99044  5.82853  6.33535  2.76958  5.75115  0.52369  3.72794  6.06743  5.90567  5.67463  5.72780  5.29362  4.61957  1.42616  6.27907  5.28587     14 L - - -
          2.68618  4.42225  2.77519  2.73123  3.46354  2.40513  3.72494  3.29354  2.67741  2.69355  4.24690  2.90347  2.73739  3.18146  2.89801  2.37887  2.77519  2.98518  4.58477  3.61503
          0.00762  5.27635  5.99870  0.61958  0.77255  0.48576  0.95510
     15   5.00952  6.46428  5.85815  5.92734  6.75495  0.04476  6.75632  6.82973  6.21697  6.19249  7.29495  6.03286  5.83938  6.45368  6.16065  5.23922  5.55244  6.15641  7.36304  6.94701     15 G - - -
          2.68618  4.42225  2.77519  2.73123  3.46354  2.40513  3.72494  3.29354  2.67741  2.69355  4.24690  2.90347  2.73739  3.18146  2.89801  2.37887  2.77519  2.98518  4.58477  3.61503
          0.00762  5.27635  5.99870  0.61958  0.77255  0.48576  0.95510
     16   5.09596  6.23168  6.36902  6.14601  4.31564  5.73059  6.49918  3.66725  6.00384  0.12206  4.14635  6.37714  6.05328  5.99168  5.90749  5.77553  5.36304  4.00785  6.45980  5.46843     16 L - - -
          2.68618  4.42225  2.77519  2.73123  3.46354  2.40513  3.72494  3.29354  2.67741  2.69355  4.24690  2.90347  2.73739  3.18146  2.89801  2.37887  2.77519  2.98518  4.58477  3.61503
          0.00762  5.27635  5.99870  0.61958  0.77255  0.48576  0.95510
     17   4.19165  5.39474  6.23854  5.77426  4.20716  5.70020  6.34873  2.55175  5.66849  1.14482  3.95243  5.92833  5.86883  5.74700  5.72728  5.16336  4.44797  0.69185  6.43436  5.34128     17 V - - -
          2.68618  4.42225  2.77519  2.73123  3.46354  2.40513  3.72494  3.29354  2.67741  2.69355  4.24690  2.90347  2.73739  3.18146  2.89801  2.37887  2.77519  2.98518  4.58477  3.61503
          0.00762  5.27635  5.99870  0.61958  0.77255  0.48576  0.95510
     18   4.86965  5.97048  6.40092  6.06591  0.58791  5.93754  5.25532  3.42182  5.89519  1.24105  3.88025  5.85709  5.99413  5.59044  5.72968  5.41815  5.06793  3.74673  5.25820  3.67104     18 F - - -
          2.68618  4.42225  2.77519  2.73123  3.46354  2.40513  3.72494  3.29354  2.67741  2.69355  4.24690  2.90347  2.73739  3.18146  2.89801  2.37887  2.77519  2.98518  4.58477  3.61503
          0.00762  5.27635  5.99870  0.61958  0.77255  0.48576  0.95510
     19   2.07405  6.03663  3.24347  0.42008  5.80309  4.09871  4.88466  5.27047  3.91403  4.84689  5.73748  3.77200  4.79324  4.08044  4.43864  3.74371  4.15456  4.77371  6.98023  5.56722     19 E - - -
          2.68618  4.42225  2.77519  2.73123  3.46354  2.40513  3.72494  3.29354  2.67741  2.69355  4.24690  2.90347  2.73739  3.18146  2.89801  2.37887  2.77519  2.98518  4.58477  3.61503
          0.00762  5.27635  5.99870  0.61958  0.77255  0.48576  0.95510
     20   3.36190  5.18179  4.82656  4.59895  4.69613  4.09770  5.37708  4.16763  4.50244  1.71614  4.85593  4.59117  4.84486  4.82347  4.68408  0.49169  3.85198  3.89194  6.29642  4.99150     20 S - - -
          2.68618  4.42225  2.77519  2.73123  3.46354  2.40513  3.72494  3.29354  2.67741  2.69355  4.24690  2.90347  2.73739  3.18146  2.89801  2.37887  2.77519  2.98518  4.58477  3.61503
          0.00762  5.27635  5.99870  0.61958  0.77255  0.48576  0.95510
     21   4.27937  5.77327  5.03520  4.66577  4.05036  5.10803  5.38267  3.46747  4.16241  0.52156  3.93500  5.00313  5.45364  1.61252  4.32518  4.62609  4.52155  3.70001  6.03450  4.85894     21 L - - -
          2.68618  4.42225  2.77519  2.73123  3.46354  2.40513  3.72494  3.29354  2.67741  2.69355  4.24690  2.90347  2.73739  3.18146  2.89801  2.37887  2.77519  2.98518  4.58477  3.61503
          0.00762  5.27635  5.99870  0.61958  0.77255  0.48576  0.95510
     22   1.35177  5.13717  5.10414  5.10679  5.93908  0.50129  5.95254  5.45255  5.26746  5.15055  5.91683  4.72010  4.77679  5.37022  5.32764  3.43860  3.81516  4.54725  7.22097  6.22156     22 G - - -
          2.68618  4.42225  2.77519  2.73123  3.46354  2.40513  3.72494  3.29354  2.67741  2.69355  4.24690  2.90347  2.73739  3.18146  2.89801  2.37887  2.77519  2.98518  4.58477  3.61503
          0.00514  5.27387        *  0.61958  0.77255  0.00000        *
//
HMMER3/f [3.4 | Aug 2023]
NAME  I1
LENG  19
ALPH  amino
RF    no
MM    no
CONS  yes
CS    no
MAP   yes
DATE  Fri Jul  5 22:00:58 2024
NSEQ  30
EFFN  13.333740
CKSUM 925335458
STATS LOCAL MSV       -6.1695  0.72054
STATS LOCAL VITERBI   -6.1475  0.72054
STATS LOCAL FORWARD   -4.3587  0.72054
HMM          A        C        D        E        F        G        H        I        K        L        M        N        P        Q        R        S        T        V        W        Y   
            m->m     m->i     m->d     i->m     i->i     d->m     d->d
  COMPO   3.64120  3.46469  5.96985  5.68932  2.83658  3.04570  6.33719  2.53904  3.03401  1.21486  2.40119  5.24760  2.97095  4.99646  5.23579  2.97833  2.48987  2.22803  6.96775  5.77738
          2.68638  4.42245  2.77540  2.73143  3.46374  2.40533  3.72515  3.29192  2.67761  2.69375  4.24237  2.90367  2.73760  3.18166  2.89821  2.37907  2.77540  2.98405  4.58497  3.61523
          0.05203  3.00077  6.95612  1.02503  0.44439  0.00000        *
      1   5.13609  2.73107  7.15126  7.09717  6.09975  5.71257  7.38438  5.44317  6.88627  4.70741  0.11877  6.66516  6.46509  7.04574  6.78466  5.42783  5.67004  5.38921  7.80105  6.76122      4 M - - -
          2.68618  4.42225  2.77519  2.73123  3.46354  2.40513  3.72494  3.29354  2.67741  2.69355  4.24690  2.90347  2.73739  3.18146  2.89801  2.37887  2.77519  2.98518  4.58477  3.61503
          0.00292  6.23377  6.95612  0.61958  0.77255  0.48576  0.95510
      2   4.93432  6.65603  6.12004  5.15388  5.97586  5.58840  5.55431  4.75646  0.22631  4.50317  3.35127  5.34639  5.97826  4.71814  3.81844  5.09992  5.13391  2.68863  7.16237  6.08253      5 K - - -
          2.68618  4.42225  2.77519  2.73123  3.46354  2.40513  3.72494  3.29354  2.67741  2.69355  4.24690  2.90347  2.73739  3.18146  2.89801  2.37887  2.77519  2.98518  4.58477  3.61503
          0.00292  6.23377  6.95612  0.61958  0.77255  0.48576  0.95510
      3   5.68818  6.82239  7.62852  7.09126  4.63135  7.08836  7.41837  3.95558  6.93930  0.19354  2.89202  7.40332  2.79551  6.55937  6.74891  6.61177  5.88171  4.40869  7.05168  6.23425      6 L - - -
          2.68618  4.42225  2.77519  2.73123  3.46354  2.40513  3.72494  3.29354  2.67741  2.69355  4.24690  2.90347  2.73739  3.18146  2.89801  2.37887  2.77519  2.98518  4.58477  3.61503
          0.00292  6.23377  6.95612  0.61958  0.77255  0.48576  0.95510
      4   2.00676  0.83887  6.08899  5.73033  2.49035  4.72932  6.18454  4.94284  5.54865  4.67964  5.55989  5.40887  5.49036  5.72794  3.58328  1.41204  4.40967  4.54008  7.00684  5.84079      7 c - - -
          2.68618  4.42225  2.77519  2.73123  3.46354  2.40513  3.72494  3.29354  2.67741  2.69355  4.24690  2.90347  2.73739  3.18146  2.89801  2.37887  2.77519  2.98518  4.58477  3.61503
          0.00292  6.23377  6.95612  0.61958  0.77255  0.48576  0.95510
      5   3.20368  6.06956  6.93177  6.40376  4.87987  6.31893  6.83537  3.36524  6.28811  1.52624  1.94471  6.51666  6.49045  6.32372  6.30737  5.72178  5.08920  0.63948  6.99903  5.93488      8 V - - -
          2.68618  4.42225  2.77519  2.73123  3.46354  2.40513  3.72494  3.29354  2.67741  2.69355  4.24690  2.90347  2.73739  3.18146  2.89801  2.37887  2.77519  2.98518  4.58477  3.61503
          0.00292  6.23377  6.95612  0.61958  0.77255  0.48576  0.95510
      6   2.87238  6.05541  5.75897  5.59968  6.76460  4.80591  6.41500  6.18799  2.70283  5.83874  6.63501  5.43193  5.63597  5.70245  5.22402  4.32474  0.20569  5.37986  7.94190  6.88973      9 T - - -
          2.68618  4.42225  2.77519  2.73123  3.46354  2.40513  3.72494  3.29354  2.67741  2.69355  4.24690  2.90347  2.73739  3.18146  2.89801  2.37887  2.77519  2.98518  4.58477  3.61503
          0.00292  6.23377  6.95612  0.61958  0.77255  0.48576  0.95510
      7   6.20733  7.15631  7.29838  7.20967  0.15089  6.82429  5.78253  4.88898  7.03490  2.45836  5.31800  6.62800  7.00965  6.61289  6.77564  6.42655  6.41472  5.21197  5.81333  4.11122     10 F - - -
          2.68618  4.42225  2.77519  2.73123  3.46354  2.40513  3.72494  3.29354  2.67741  2.69355  4.24690  2.90347  2.73739  3.18146  2.89801  2.37887  2.77519  2.98518  4.58477  3.61503
          0.00292  6.23377  6.95612  0.61958  0.77255  0.48576  0.95510
      8   6.53307  7.48823  7.54593  7.42687  5.64862  6.74641  7.78978  5.06158  7.43967  0.02991  5.45866  7.71997  7.14367  7.33496  7.22820  7.26673  6.79376  5.48613  7.70386  6.90183     11 L - - -
          2.68618  4.42225  2.77519  2.73123  3.46354  2.40513  3.72494  3.29354  2.67741  2.69355  4.24690  2.90347  2.73739  3.18146  2.89801  2.37887  2.77519  2.98518  4.58477  3.61503
          0.00292  6.23377  6.95612  0.61958  0.77255  0.48576  0.95510
      9   5.72106  6.83307  7.69436  7.19248  4.69567  7.14864  7.54938  3.90562  7.09868  0.11755  4.40562  7.51765  6.98378  6.67256  6.89287  6.73831  5.92358  2.96679  7.12990  6.29278     12 L - - -
          2.68618  4.42225  2.77519  2.73123  3.46354  2.40513  3.72494  3.29354  2.67741  2.69355  4.24690  2.90347  2.73739  3.18146  2.89801  2.37887  2.77519  2.98518  4.58477  3.61503
          0.00292  6.23377  6.95612  0.61958  0.77255  0.48576  0.95510
     10   4.97291  6.11882  7.14992  6.71064  2.78942  6.73598  7.56601  0.94629  6.70557  2.26644  4.98265  6.91047  6.83790  6.87453  6.85000  6.21998  5.22709  0.88623  7.61510  6.46845     13 v - - -
          2.68618  4.42225  2.77519  2.73123  3.46354  2.40513  3.72494  3.29354  2.67741  2.69355  4.24690  2.90347  2.73739  3.18146  2.89801  2.37887  2.77519  2.98518  4.58477  3.61503
          0.00292  6.23377  6.95612  0.61958  0.77255  0.48576  0.95510
     11   6.53307  7.48823  7.54593  7.42687  5.64862  6.74641  7.78978  5.06158  7.43967  0.02991  5.45866  7.71997  7.14367  7.33496  7.22820  7.26673  6.79376  5.48613  7.70386  6.90183     14 L - - -
          2.68618  4.42225  2.77519  2.73123  3.46354  2.40513  3.72494  3.29354  2.67741  2.69355  4.24690  2.90347  2.73739  3.18146  2.89801  2.37887  2.77519  2.98518  4.58477  3.61503
          0.00292  6.23377  6.95612  0.61958  0.77255  0.48576  0.95510
     12   5.22656  6.36940  7.34360  6.85550  4.91851  6.87427  7.45775  3.43206  6.79505  2.44236  0.88285  7.08951  6.86009  6.69648  6.78620  6.35901  5.45988  0.83106  7.28957  6.32341     15 v - - -
          2.68618  4.42225  2.77519  2.73123  3.46354  2.40513  3.72494  3.29354  2.67741  2.69355  4.24690  2.90347  2.73739  3.18146  2.89801  2.37887  2.77519  2.98518  4.58477  3.61503
          0.00292  6.23377  6.95612  0.61958  0.77255  0.48576  0.95510
     13   4.73219  6.14598  6.85075  6.62613  5.73291  5.84427  7.42171  0.19506  6.54820  4.13642  5.47879  6.47912  6.44850  6.82641  6.65634  5.39555  2.44255  3.29876  7.86540  6.65478     16 I - - -
          2.68618  4.42225  2.77519  2.73123  3.46354  2.40513  3.72494  3.29354  2.67741  2.69355  4.24690  2.90347  2.73739  3.18146  2.89801  2.37887  2.77519  2.98518  4.58477  3.61503
          0.00292  6.23377  6.95612  0.61958  0.77255  0.48576  0.95510
     14   6.53307  7.48823  7.54593  7.42687  5.64862  6.74641  7.78978  5.06158  7.43967  0.02991  5.45866  7.71997  7.14367  7.33496  7.22820  7.26673  6.79376  5.48613  7.70386  6.90183     17 L - - -
          2.68618  4.42225  2.77519  2.73123  3.46354  2.40513  3.72494  3.29354  2.67741  2.69355  4.24690  2.90347  2.73739  3.18146  2.89801  2.37887  2.77519  2.98518  4.58477  3.61503
          0.00292  6.23377  6.95612  0.61958  0.77255  0.48576  0.95510
     15   2.41990  6.33837  6.45950  6.52648  7.16226  5.10224  7.22173  6.79416  6.63346  6.43247  7.22999  6.01288  0.13969  6.72523  6.58834  4.68816  5.06666  5.83309  8.28697  7.46456     18 P - - -
          2.68618  4.42225  2.77519  2.73123  3.46354  2.40513  3.72494  3.29354  2.67741  2.69355  4.24690  2.90347  2.73739  3.18146  2.89801  2.37887  2.77519  2.98518  4.58477  3.61503
          0.00292  6.23377  6.95612  0.61958  0.77255  0.48576  0.95510
     16   4.47343  6.28185  6.37537  6.33460  5.72211  5.16901  6.87433  5.27230  6.25213  0.89771  5.77782  5.96027  5.97410  6.41810  6.25932  0.63075  5.02665  5.14885  7.52411  6.30564     19 S - - -
          2.68618  4.42225  2.77519  2.73123  3.46354  2.40513  3.72494  3.29354  2.67741  2.69355  4.24690  2.90347  2.73739  3.18146  2.89801  2.37887  2.77519  2.98518  4.58477  3.61503
          0.00292  6.23377  6.95612  0.61958  0.77255  0.48576  0.95510
     17   4.03360  2.59978  6.04130  5.44658  3.01272  5.27710  5.64977  2.43811  5.24996  2.45457  1.94501  5.44523  5.61412  5.38327  5.26564  4.60376  3.28312  0.80426  6.10928  4.93624     20 v - - -
          2.68618  4.42225  2.77519  2.73123  3.46354  2.40513  3.72494  3.29354  2.67741  2.69355  4.24690  2.90347  2.73739  3.18146  2.89801  2.37887  2.77519  2.98518  4.58477  3.61503
          0.05029  6.23377  3.05588  0.61958  0.77255  0.48576  0.95510
     18   2.55541  5.77714  4.54639  4.10776  5.29459  4.61055  5.21765  3.06850  4.09667  4.34663  5.20148  2.93336  5.16486  2.44666  4.47820  3.95826  0.51898  4.32462  6.64522  5.38229     21 T - - -
          2.68618  4.42225  2.77519  2.73123  3.46354  2.40513  3.72494  3.29354  2.67741  2.69355  4.24690  2.90347  2.73739  3.18146  2.89801  2.37887  2.77519  2.98518  4.58477  3.61503
          0.00306  6.18655  6.90889  0.61958  0.77255  0.85504  0.55385
     19   4.20190  6.10502  6.12372  6.20108  6.99937  0.16435  7.01107  6.62257  6.44068  6.27412  7.01812  5.73132  5.74371  6.47270  6.42857  2.30090  4.80224  5.60311  8.22032  7.29642     22 G - - -
          2.68624  4.42231  2.77525  2.73129  3.46360  2.40453  3.72500  3.29360  2.67747  2.69361  4.24695  2.90352  2.73745  3.18152  2.89806  2.37893  2.77525  2.98524  4.58483  3.61509
          0.04723  3.07618        *  0.16332  1.89257  0.00000        *
//
HMMER3/f [3.4 | Aug 2023]
NAME  I2
LENG  26
ALPH  amino
RF    no
MM    no
CONS  yes
CS    no
MAP   yes
DATE  Fri Jul  5 22:01:04 2024
NSEQ  74
EFFN  6.716187
CKSUM 2508630945
STATS LOCAL MSV       -6.6595  0.72008
STATS LOCAL VITERBI   -6.9358  0.72008
STATS LOCAL FORWARD   -4.3569  0.72008
HMM          A        C        D        E        F        G        H        I        K        L        M        N        P        Q        R        S        T        V        W        Y   
            m->m     m->i     m->d     i->m     i->i     d->m     d->d
  COMPO   2.79110  3.11911  4.30169  4.41160  2.84731  3.13663  4.47820  2.66271  4.50951  1.67269  2.52980  3.32952  4.66790  4.77624  3.38081  2.48813  2.60289  1.88671  5.77111  4.78596
          2.68618  4.42225  2.77519  2.73123  3.46354  2.40513  3.72494  3.29354  2.67741  2.69355  4.24690  2.90347  2.73739  3.18146  2.89801  2.37887  2.77519  2.98518  4.58477  3.61503
          0.50196  5.59030  0.93924  0.61958  0.77255  0.00000        *
      1   4.53852  5.93085  5.72387  5.56177  4.54118  5.03631  6.03851  3.90805  5.31293  3.07549  0.18125  5.66773  5.60748  5.64162  5.34053  4.92766  4.92867  4.03402  6.37530  5.25002      1 M - - -
          2.68618  4.42225  2.77519  2.73123  3.46354  2.40513  3.72494  3.29354  2.67741  2.69355  4.24690  2.90347  2.73739  3.18146  2.89801  2.37887  2.77519  2.98518  4.58477  3.61503
          0.00912  5.09746  5.81981  0.61958  0.77255  0.16607  1.87724
      2   5.39695  6.69679  6.45660  6.39852  5.45131  5.62935  6.83218  4.94808  6.24406  4.03922  0.06916  6.48750  6.24502  6.54338  6.19485  5.76405  5.82426  5.09290  7.12297  6.10576      2 M - - -
          2.68618  4.42225  2.77519  2.73123  3.46354  2.40513  3.72494  3.29354  2.67741  2.69355  4.24690  2.90347  2.73739  3.18146  2.89801  2.37887  2.77519  2.98518  4.58477  3.61503
          0.00564  5.57621  6.29856  0.61958  0.77255  0.55453  0.85411
      3   3.36100  2.58197  5.29897  4.71824  0.90137  4.48808  4.89634  3.10884  4.52006  2.76443  3.91059  4.69371  4.89757  4.65792  4.54943  2.35996  3.61987  2.00850  5.38414  4.14961      3 f - - -
          2.68618  4.42225  2.77519  2.73123  3.46354  2.40513  3.72494  3.29354  2.67741  2.69355  4.24690  2.90347  2.73739  3.18146  2.89801  2.37887  2.77519  2.98518  4.58477  3.61503
          0.00564  5.57621  6.29856  0.61958  0.77255  0.55453  0.85411
      4   3.80325  3.78261  5.47148  4.96739  6.07692  1.34206  5.57774  5.54570  3.99724  5.09869  5.94318  4.92465  5.19506  4.81541  0.54189  3.98511  4.29488  4.90127  7.08659  6.06307      4 R - - -
          2.68618  4.42225  2.77519  2.73123  3.46354  2.40513  3.72494  3.29354  2.67741  2.69355  4.24690  2.90347  2.73739  3.18146  2.89801  2.37887  2.77519  2.98518  4.58477  3.61503
          0.00564  5.57621  6.29856  0.61958  0.77255  0.55453  0.85411
      5   3.24157  4.66493  4.92663  4.32736  3.47827  4.37689  1.90831  3.09793  4.15841  1.31372  2.93036  3.79323  4.74262  4.34824  3.08450  3.67567  3.47345  1.66996  5.27844  4.09356      5 l - - -
          2.68618  4.42225  2.77519  2.73123  3.46354  2.40513  3.72494  3.29354  2.67741  2.69355  4.24690  2.90347  2.73739  3.18146  2.89801  2.37887  2.77519  2.98518  4.58477  3.61503
          0.00564  5.57621  6.29856  0.61958  0.77255  0.55453  0.85411
      6   2.85590  5.36623  5.55610  5.55857  6.11459  4.16225  6.25396  5.44028  5.53516  5.26011  6.09115  5.02332  5.03557  5.69037  5.55195  3.68329  0.17723  4.66432  7.46874  6.44089      6 T - - -
          2.68618  4.42225  2.77519  2.73123  3.46354  2.40513  3.72494  3.29354  2.67741  2.69355  4.24690  2.90347  2.73739  3.18146  2.89801  2.37887  2.77519  2.98518  4.58477  3.61503
          0.00564  5.57621  6.29856  0.61958  0.77255  0.55453  0.85411
      7   4.02715  5.87087  5.61573  5.66375  6.36054  4.60595  6.50585  6.21406  5.85054  5.81014  6.67558  5.41746  5.44766  6.02195  5.88331  0.08424  4.61309  5.33892  7.50083  6.53587      7 S - - -
          2.68618  4.42225  2.77519  2.73123  3.46354  2.40513  3.72494  3.29354  2.67741  2.69355  4.24690  2.90347  2.73739  3.18146  2.89801  2.37887  2.77519  2.98518  4.58477  3.61503
          0.00564  5.57621  6.29856  0.61958  0.77255  0.55453  0.85411
      8   4.39393  5.58659  6.50258  6.09936  4.71377  5.96479  6.85372  2.65948  6.03221  2.05907  4.45007  6.23914  6.19189  6.23081  6.15875  5.47420  4.67089  0.31435  6.97151  5.78100      8 V - - -
          2.68618  4.42225  2.77519  2.73123  3.46354  2.40513  3.72494  3.29354  2.67741  2.69355  4.24690  2.90347  2.73739  3.18146  2.89801  2.37887  2.77519  2.98518  4.58477  3.61503
          0.14834  5.57621  2.00933  0.61958  0.77255  0.55453  0.85411
      9   3.32718  5.52289  3.72351  3.37105  5.39888  1.36787  4.65203  4.87599  3.41615  4.40284  5.17646  2.31656  4.59521  3.79691  2.60876  1.12419  3.69406  4.34038  6.54009  5.20357      9 s - - -
          2.68619  4.42102  2.77521  2.73125  3.46355  2.40514  3.72496  3.29355  2.67742  2.69356  4.24691  2.90348  2.73741  3.18148  2.89802  2.37888  2.77521  2.98520  4.58478  3.61504
          0.03034  3.58405  6.15672  0.36297  1.18943  0.30569  1.33413
     10   4.32485  0.71051  5.97160  5.63635  1.23158  5.20255  4.75114  4.26019  5.40358  3.77726  4.89643  5.23235  5.63415  5.34213  5.33329  3.74885  4.61724  4.10080  3.65946  3.21785     11 c - - -
          2.68618  4.42225  2.77519  2.73123  3.46354  2.40513  3.72494  3.29354  2.67741  2.69355  4.24690  2.90347  2.73739  3.18146  2.89801  2.37887  2.77519  2.98518  4.58477  3.61503
          0.00564  5.57603  6.29837  0.61958  0.77255  0.55540  0.85295
     11   4.09354  2.46883  6.07941  5.48403  1.05485  5.36988  5.67783  2.54483  5.30398  1.13329  3.80103  5.53944  5.58186  5.29736  5.27135  4.71652  4.31361  2.86058  5.91998  4.82736     12 f - - -
          2.68618  4.42225  2.77519  2.73123  3.46354  2.40513  3.72494  3.29354  2.67741  2.69355  4.24690  2.90347  2.73739  3.18146  2.89801  2.37887  2.77519  2.98518  4.58477  3.61503
          0.00564  5.57603  6.29837  0.61958  0.77255  0.44456  1.02473
     12   5.56612  6.64284  6.78077  6.59241  4.71847  6.07850  6.93675  4.09427  6.50393  0.07762  4.53695  6.84349  6.41542  6.43354  6.35988  6.27625  5.82967  4.47390  6.85522  5.92433     13 L - - -
          2.68618  4.42225  2.77519  2.73123  3.46354  2.40513  3.72494  3.29354  2.67741  2.69355  4.24690  2.90347  2.73739  3.18146  2.89801  2.37887  2.77519  2.98518  4.58477  3.61503
          0.00556  5.59030  6.31265  0.61958  0.77255  0.48576  0.95510
     13   5.24108  6.31513  7.05553  6.57577  3.12338  6.60679  6.49171  3.44433  6.46480  0.16681  3.84574  6.79228  6.40563  6.02960  6.24731  6.17818  5.41473  3.88198  6.24170  5.05931     14 L - - -
          2.68618  4.42225  2.77519  2.73123  3.46354  2.40513  3.72494  3.29354  2.67741  2.69355  4.24690  2.90347  2.73739  3.18146  2.89801  2.37887  2.77519  2.98518  4.58477  3.61503
          0.00556  5.59030  6.31265  0.61958  0.77255  0.48576  0.95510
     14   3.10751  5.11622  5.49640  5.10121  3.82345  4.41013  5.57586  3.40784  4.97806  3.63202  4.64803  4.94403  5.07501  5.15525  5.07306  1.38904  3.90547  0.64975  6.26351  5.06343     15 V - - -
          2.68618  4.42225  2.77519  2.73123  3.46354  2.40513  3.72494  3.29354  2.67741  2.69355  4.24690  2.90347  2.73739  3.18146  2.89801  2.37887  2.77519  2.98518  4.58477  3.61503
          0.00556  5.59030  6.31265  0.61958  0.77255  0.48576  0.95510
     15   4.93208  6.12967  6.51280  6.34425  5.30062  5.80949  6.99222  0.11367  6.30870  3.76824  5.18472  6.47587  6.29753  6.58911  6.34748  5.77237  5.26143  3.27966  7.22358  6.11037     16 I - - -
          2.68618  4.42225  2.77519  2.73123  3.46354  2.40513  3.72494  3.29354  2.67741  2.69355  4.24690  2.90347  2.73739  3.18146  2.89801  2.37887  2.77519  2.98518  4.58477  3.61503
          0.00556  5.59030  6.31265  0.61958  0.77255  0.48576  0.95510
     16   2.12632  5.02632  5.63807  5.07955  4.24755  4.93676  5.42410  2.77719  4.91711  2.85648  2.22847  5.11973  5.30127  5.09171  4.98662  4.28573  3.17306  0.66797  5.91997  4.73497     17 V - - -
          2.68618  4.42225  2.77519  2.73123  3.46354  2.40513  3.72494  3.29354  2.67741  2.69355  4.24690  2.90347  2.73739  3.18146  2.89801  2.37887  2.77519  2.98518  4.58477  3.61503
          0.00548  5.60445  6.32680  0.61958  0.77255  0.48576  0.95510
     17   1.93097  2.32888  5.22795  4.61799  1.73030  4.44126  4.79120  3.06488  4.40845  1.47159  3.77495  4.60763  4.81120  4.54270  4.42394  3.21028  3.51388  2.28841  5.28943  4.11293     18 l - - -
          2.68618  4.42225  2.77519  2.73123  3.46354  2.40513  3.72494  3.29354  2.67741  2.69355  4.24690  2.90347  2.73739  3.18146  2.89801  2.37887  2.77519  2.98518  4.58477  3.61503
          0.00548  5.60445  6.32680  0.61958  0.77255  0.48576  0.95510
     18   5.58730  6.66139  6.79861  6.61177  4.73749  6.09373  6.95608  4.11426  6.52572  0.07604  4.55555  6.86380  6.43160  6.45335  6.37977  6.29847  5.85071  4.49536  6.87337  5.94522     19 L - - -
          2.68618  4.42225  2.77519  2.73123  3.46354  2.40513  3.72494  3.29354  2.67741  2.69355  4.24690  2.90347  2.73739  3.18146  2.89801  2.37887  2.77519  2.98518  4.58477  3.61503
          0.00548  5.60445  6.32680  0.61958  0.77255  0.48576  0.95510
     19   4.23979  6.94979  2.43371  3.19326  6.27742  1.39739  3.59989  5.89402  4.17900  5.32834  6.22979  0.71352  5.02926  4.19256  4.88389  4.07354  4.56874  5.39294  7.46168  5.84369     20 n - - -
          2.68618  4.42225  2.77519  2.73123  3.46354  2.40513  3.72494  3.29354  2.67741  2.69355  4.24690  2.90347  2.73739  3.18146  2.89801  2.37887  2.77519  2.98518  4.58477  3.61503
          0.00548  5.60445  6.32680  0.61958  0.77255  0.48576  0.95510
     20   3.80168  5.15698  5.69611  5.10411  3.94480  4.99466  5.36379  3.15295  4.91646  0.90956  1.52106  5.15877  5.30187  5.00257  4.93773  2.20615  4.03728  2.35150  5.75373  4.64137     21 l - - -
          2.68633  4.42240  2.77535  2.73138  3.46125  2.40528  3.72510  3.29369  2.67756  2.69370  4.24705  2.90362  2.73755  3.17977  2.89816  2.37902  2.77535  2.98533  4.58492  3.61518
          0.16848  2.25314  2.99610  0.68113  0.70531  0.48576  0.95510
     21   1.63153  5.25318  6.05574  5.55989  3.80195  5.42607  6.08987  2.29675  5.45846  3.21774  4.42897  5.63436  5.74332  5.67259  5.57186  4.82533  4.25772  0.57197  6.50852  5.29178     24 V - - -
          2.68618  4.42225  2.77519  2.73123  3.46354  2.40513  3.72494  3.29354  2.67741  2.69355  4.24690  2.90347  2.73739  3.18146  2.89801  2.37887  2.77519  2.98518  4.58477  3.61503
          0.00576  5.55506  6.27740  0.61958  0.77255  0.70788  0.67862
     22   1.49975  5.08628  4.35270  3.00899  4.53097  3.19597  4.90960  3.82807  4.00898  3.60398  4.49917  4.24467  3.62960  4.27049  4.32350  3.54779  3.67201  0.82607  5.98253  4.76643     25 v - - -
          2.68618  4.42225  2.77519  2.73123  3.46354  2.40513  3.72494  3.29354  2.67741  2.69355  4.24690  2.90347  2.73739  3.18146  2.89801  2.37887  2.77519  2.98518  4.58477  3.61503
          0.00576  5.55506  6.27740  0.61958  0.77255  0.70788  0.67862
     23   3.22954  4.85952  2.32395  3.70314  3.97375  4.24609  4.52695  3.30594  3.64458  1.26032  3.12171  4.05981  3.05503  3.92445  3.95326  3.50867  1.69577  2.80605  5.45962  4.24434     26 l - - -
          2.68618  4.42225  2.77519  2.73123  3.46354  2.40513  3.72494  3.29354  2.67741  2.69355  4.24690  2.90347  2.73739  3.18146  2.89801  2.37887  2.77519  2.98518  4.58477  3.61503
          0.00576  5.55506  6.27740  0.61958  0.77255  0.36836  1.17722
     24   2.55988  5.16929  5.40772  5.07773  5.21915  2.35051  5.69312  4.55668  4.98095  4.33083  5.19227  4.80562  4.90869  5.15425  5.10970  2.93100  0.87042  1.34188  6.66546  5.52846     27 t - - -
          2.68618  4.42225  2.77519  2.73123  3.46354  2.40513  3.72494  3.29354  2.67741  2.69355  4.24690  2.90347  2.73739  3.18146  2.89801  2.37887  2.77519  2.98518  4.58477  3.61503
          0.25437  5.59030  1.51022  0.61958  0.77255  0.48576  0.95510
     25   3.06553  5.04830  3.19956  3.06692  4.24192  3.94420  4.18071  1.66174  3.05899  2.75150  4.14495  1.60083  3.41291  3.39182  3.48890  2.45643  2.85625  3.35272  5.60035  4.31343     28 n - - -
          2.68618  4.42225  2.77519  2.73123  3.46354  2.40513  3.72494  3.29354  2.67741  2.69355  4.24690  2.90347  2.73739  3.18146  2.89801  2.37887  2.77519  2.98518  4.58477  3.61503
          0.03893  5.34306  3.39922  0.61958  0.77255  1.23463  0.34382
     26   0.86579  1.07872  5.53951  5.39905  5.57940  2.87324  5.88010  5.00212  5.25177  4.74117  5.53291  4.72459  4.69698  5.34796  5.25384  3.32886  2.78795  4.26256  6.97276  5.91957     29 a - - -
          2.68620  4.42227  2.77522  2.73125  3.46356  2.40515  3.72497  3.29356  2.67743  2.69357  4.24692  2.90349  2.73742  3.18148  2.89803  2.37865  2.77522  2.98520  4.58479  3.61505
          0.04562  3.11022        *  0.30173  1.34529  0.00000        *
//
HMMER3/f [3.4 | Aug 2023]
NAME  I3
LENG  20
ALPH  amino
RF    no
MM    no
CONS  yes
CS    no
MAP   yes
DATE  Fri Jul  5 22:01:08 2024
NSEQ  14
EFFN  9.136230
CKSUM 3452985525
STATS LOCAL MSV       -6.1227  0.72046
STATS LOCAL VITERBI   -6.3540  0.72046
STATS LOCAL FORWARD   -4.5943  0.72046
HMM          A        C        D        E        F        G        H        I        K        L        M        N        P        Q        R        S        T        V        W        Y   
            m->m     m->i     m->d     i->m     i->i     d->m     d->d
  COMPO   2.25637  5.61225  4.67370  4.59084  3.39054  3.04819  4.16874  2.40506  3.17775  1.36810  2.48486  4.06809  4.61008  4.54028  3.90368  2.35520  2.85064  2.45208  6.11424  4.99735
          2.68618  4.42225  2.77519  2.73123  3.46354  2.40513  3.72494  3.29354  2.67741  2.69355  4.24690  2.90347  2.73739  3.18146  2.89801  2.37887  2.77519  2.98518  4.58477  3.61503
          0.00432  5.84154  6.56389  0.61958  0.77255  0.00000        *
      1   5.08649  6.60712  5.78558  5.60001  4.55702  5.54480  1.44241  5.18954  5.05043  4.33669  0.40347  5.71169  6.11912  5.65973  5.16317  5.26727  5.45162  5.18178  6.19839  4.59833      1 M - - -
          2.68618  4.42225  2.77519  2.73123  3.46354  2.40513  3.72494  3.29354  2.67741  2.69355  4.24690  2.90347  2.73739  3.18146  2.89801  2.37887  2.77519  2.98518  4.58477  3.61503
          0.00432  5.84154  6.56389  0.61958  0.77255  0.48576  0.95510
      2   1.44644  6.22730  5.17352  4.74548  6.47468  4.84615  5.48842  5.84784  0.42289  5.30563  6.19419  4.94545  5.49327  4.66655  3.91209  4.40670  4.69362  5.30119  7.25075  6.20959      2 K - - -
          2.68618  4.42225  2.77519  2.73123  3.46354  2.40513  3.72494  3.29354  2.67741  2.69355  4.24690  2.90347  2.73739  3.18146  2.89801  2.37887  2.77519  2.98518  4.58477  3.61503
          0.27631  5.84154  1.43332  0.61958  0.77255  0.48576  0.95510
      3   5.53709  6.61740  6.75623  6.56577  4.69251  6.05756  6.91020  4.06697  6.47395  0.07984  4.51157  6.81554  6.39322  6.40636  6.33255  6.24574  5.80083  4.44455  6.83037  5.89574      3 L - - -
          2.68618  4.42225  2.77519  2.73123  3.46354  2.40513  3.72494  3.29354  2.67741  2.69355  4.24690  2.90347  2.73739  3.18146  2.89801  2.37887  2.77519  2.98518  4.58477  3.61503
          0.00567  5.57090  6.29325  0.61958  0.77255  1.42228  0.27597
      4   4.46929  5.71076  6.33241  6.00120  1.08899  5.67713  5.64164  3.08336  5.88390  3.17980  4.56407  5.84197  6.01228  5.89112  5.88159  5.15741  4.75673  0.70767  5.76483  4.15622      4 v - - -
          2.68618  4.42225  2.77519  2.73123  3.46354  2.40513  3.72494  3.29354  2.67741  2.69355  4.24690  2.90347  2.73739  3.18146  2.89801  2.37887  2.77519  2.98518  4.58477  3.61503
          0.00567  5.57090  6.29325  0.61958  0.77255  1.42228  0.27597
      5   5.53709  6.61740  6.75623  6.56577  4.69251  6.05756  6.91020  4.06697  6.47395  0.07984  4.51157  6.81554  6.39322  6.40636  6.33255  6.24574  5.80083  4.44455  6.83037  5.89574      5 L - - -
          2.68618  4.42225  2.77519  2.73123  3.46354  2.40513  3.72494  3.29354  2.67741  2.69355  4.24690  2.90347  2.73739  3.18146  2.89801  2.37887  2.77519  2.98518  4.58477  3.61503
          0.00567  5.57090  6.29325  0.61958  0.77255  1.42228  0.27597
      6   0.28106  5.32329  5.78233  5.69115  5.64375  4.25499  6.24813  4.19283  5.58034  4.50125  5.55808  5.11398  5.09711  5.72125  5.58941  3.76245  4.05625  2.14046  7.23068  6.12548      6 A - - -
          2.68618  4.42225  2.77519  2.73123  3.46354  2.40513  3.72494  3.29354  2.67741  2.69355  4.24690  2.90347  2.73739  3.18146  2.89801  2.37887  2.77519  2.98518  4.58477  3.61503
          0.00567  5.57090  6.29325  0.61958  0.77255  1.42228  0.27597
      7   4.07827  5.46466  6.09376  5.78818  4.93075  5.25646  6.51199  0.34989  5.66495  3.38970  4.70302  5.74560  5.79355  5.95585  5.78932  4.76117  2.18681  2.63399  6.98279  5.76667      7 I - - -
          2.68618  4.42225  2.77519  2.73123  3.46354  2.40513  3.72494  3.29354  2.67741  2.69355  4.24690  2.90347  2.73739  3.18146  2.89801  2.37887  2.77519  2.98518  4.58477  3.61503
          0.00567  5.57090  6.29325  0.61958  0.77255  1.42228  0.27597
      8   4.33502  5.49289  6.53033  6.14050  5.02522  6.09648  7.20911  1.86679  6.15461  3.34931  4.69033  6.31774  6.29196  6.48905  6.38588  5.61033  4.60981  0.29409  7.37584  6.09158      8 V - - -
          2.68618  4.42225  2.77519  2.73123  3.46354  2.40513  3.72494  3.29354  2.67741  2.69355  4.24690  2.90347  2.73739  3.18146  2.89801  2.37887  2.77519  2.98518  4.58477  3.61503
          0.00567  5.57090  6.29325  0.61958  0.77255  1.42228  0.27597
      9   4.82134  5.98239  6.81076  6.25108  2.18480  6.26931  6.45684  3.23626  6.13065  0.55596  3.85339  6.44257  6.20806  5.88204  6.01336  5.69624  5.01856  1.56733  6.33293  5.29449      9 L - - -
          2.68618  4.42225  2.77519  2.73123  3.46354  2.40513  3.72494  3.29354  2.67741  2.69355  4.24690  2.90347  2.73739  3.18146  2.89801  2.37887  2.77519  2.98518  4.58477  3.61503
          0.00538  5.62419  6.34653  0.61958  0.77255  1.42228  0.27597
     10   4.19098  5.71454  5.16090  5.06538  5.00402  5.04330  6.02088  0.29252  5.14544  3.82672  5.08323  2.37346  5.66526  5.50802  5.34174  4.63254  4.57850  3.15432  6.77427  5.41073     10 I - - -
          2.68618  4.42225  2.77519  2.73123  3.46354  2.40513  3.72494  3.29354  2.67741  2.69355  4.24690  2.90347  2.73739  3.18146  2.89801  2.37887  2.77519  2.98518  4.58477  3.61503
          0.00538  5.62419  6.34653  0.61958  0.77255  1.42228  0.27597
     11   5.61683  6.68728  6.82339  6.63868  4.76413  6.11492  6.98298  4.14225  6.55603  0.07389  4.58165  6.89205  6.45415  6.48098  6.40745  6.32942  5.88007  4.52535  6.89875  5.97441     11 L - - -
          2.68618  4.42225  2.77519  2.73123  3.46354  2.40513  3.72494  3.29354  2.67741  2.69355  4.24690  2.90347  2.73739  3.18146  2.89801  2.37887  2.77519  2.98518  4.58477  3.61503
          0.00538  5.62419  6.34653  0.61958  0.77255  1.42228  0.27597
     12   5.48499  6.77300  6.52760  6.47795  5.54856  5.68964  6.90961  5.06008  6.33544  4.14463  0.06273  6.56809  6.30851  6.63198  6.27856  5.84991  5.91519  5.20505  7.19826  6.19507     12 M - - -
          2.68618  4.42225  2.77519  2.73123  3.46354  2.40513  3.72494  3.29354  2.67741  2.69355  4.24690  2.90347  2.73739  3.18146  2.89801  2.37887  2.77519  2.98518  4.58477  3.61503
          0.00538  5.62419  6.34653  0.61958  0.77255  1.42228  0.27597
     13   5.27957  6.34478  7.07929  6.60623  2.38769  6.64157  6.37327  3.49065  6.49444  0.22193  3.88545  6.76300  6.43335  6.04356  6.26839  6.18777  5.44872  3.93178  6.16288  4.89297     13 L - - -
          2.68618  4.42225  2.77519  2.73123  3.46354  2.40513  3.72494  3.29354  2.67741  2.69355  4.24690  2.90347  2.73739  3.18146  2.89801  2.37887  2.77519  2.98518  4.58477  3.61503
          0.00538  5.62419  6.34653  0.61958  0.77255  1.42228  0.27597
     14   4.40806  5.66205  6.31737  5.73397  4.08824  5.74185  6.06320  2.20622  5.55516  0.46800  3.85597  5.88501  5.86788  2.59034  5.54235  5.11027  4.62175  2.43365  6.20851  5.20386     14 L - - -
          2.68618  4.42225  2.77519  2.73123  3.46354  2.40513  3.72494  3.29354  2.67741  2.69355  4.24690  2.90347  2.73739  3.18146  2.89801  2.37887  2.77519  2.98518  4.58477  3.61503
          0.00538  5.62419  6.34653  0.61958  0.77255  0.16349  1.89161
     15   4.15009  5.97236  5.97035  5.97430  2.59359  4.80968  5.95604  5.76837  6.01955  5.19632  6.30010  5.51981  5.62982  6.06585  6.00993  0.17399  4.71735  5.20238  6.33106  4.68049     15 S - - -
          2.68618  4.42225  2.77519  2.73123  3.46354  2.40513  3.72494  3.29354  2.67741  2.69355  4.24690  2.90347  2.73739  3.18146  2.89801  2.37887  2.77519  2.98518  4.58477  3.61503
          0.00415  5.88244  6.60479  0.61958  0.77255  0.48576  0.95510
     16   5.29568  6.70277  6.52120  5.74234  5.02886  5.89517  6.04819  4.44786  4.37374  0.37393  4.86770  5.92433  6.23224  5.30093  1.48085  5.62621  5.49854  4.73552  6.90782  5.86011     16 L - - -
          2.68618  4.42225  2.77519  2.73123  3.46354  2.40513  3.72494  3.29354  2.67741  2.69355  4.24690  2.90347  2.73739  3.18146  2.89801  2.37887  2.77519  2.98518  4.58477  3.61503
          0.00415  5.88244  6.60479  0.61958  0.77255  0.48576  0.95510
     17   3.89276  5.85436  4.79203  4.85305  6.46522  4.49888  6.20032  6.17952  5.43948  5.79640  6.58180  2.39541  5.35029  5.53928  5.69876  0.20658  4.46518  5.25457  7.76610  6.55514     17 S - - -
          2.68618  4.42225  2.77519  2.73123  3.46354  2.40513  3.72494  3.29354  2.67741  2.69355  4.24690  2.90347  2.73739  3.18146  2.89801  2.37887  2.77519  2.98518  4.58477  3.61503
          0.00415  5.88244  6.60479  0.61958  0.77255  0.48576  0.95510
     18   1.18128  5.60248  6.07443  6.09257  6.48017  4.40397  6.62306  5.90631  6.01090  5.66868  6.43132  5.33548  5.28848  6.08347  5.96021  3.91618  0.48336  5.00376  7.82343  6.83563     18 T - - -
          2.68618  4.42225  2.77519  2.73123  3.46354  2.40513  3.72494  3.29354  2.67741  2.69355  4.24690  2.90347  2.73739  3.18146  2.89801  2.37887  2.77519  2.98518  4.58477  3.61503
          0.00415  5.88244  6.60479  0.61958  0.77255  0.48576  0.95510
     19   3.93638  5.83237  5.88596  5.94093  6.69143  0.36952  6.71431  6.27110  6.08710  5.94007  6.70497  5.46689  5.47095  6.17449  6.08268  4.15274  1.44469  5.30324  7.89904  6.99044     19 G - - -
          2.68618  4.42225  2.77519  2.73123  3.46354  2.40513  3.72494  3.29354  2.67741  2.69355  4.24690  2.90347  2.73739  3.18146  2.89801  2.37887  2.77519  2.98518  4.58477  3.61503
          0.31730  5.88244  1.31267  0.61958  0.77255  0.48576  0.95510
     20   0.08045  5.82715  5.85230  5.89128  6.39714  4.59090  6.57735  5.94176  5.95570  5.64539  6.57112  5.49265  5.43116  6.11904  5.92676  4.23119  4.59397  5.19587  7.50069  6.67559     20 A - - -
          2.68835  4.42442  2.77373  2.73237  3.46571  2.40730  3.71775  3.29571  2.67628  2.69237  4.24907  2.90564  2.73607  3.18364  2.89198  2.37859  2.77629  2.98736  4.56494  3.61720
          0.56405  0.84142        *  1.96329  0.15128  0.00000        *
//
HMMER3/f [3.4 | Aug 2023]
NAME  J
LENG  24
ALPH  amino
RF    no
MM    no
CONS  yes
CS    no
MAP   yes
DATE  Fri Jul  5 22:01:14 2024
NSEQ  37
EFFN  3.473267
CKSUM 1235847374
STATS LOCAL MSV       -7.2174  0.72021
STATS LOCAL VITERBI   -7.2537  0.72021
STATS LOCAL FORWARD   -4.6089  0.72021
HMM          A        C        D        E        F        G        H        I        K        L        M        N        P        Q        R        S        T        V        W        Y   
            m->m     m->i     m->d     i->m     i->i     d->m     d->d
  COMPO   3.10798  2.25858  3.96499  4.18421  3.70462  4.04600  5.04814  3.17042  3.96222  1.80518  2.63777  4.20205  2.93493  3.31119  3.21141  2.35024  2.55315  2.24543  3.26182  4.72666
          2.68496  4.42244  2.77539  2.73142  3.46373  2.40532  3.72514  3.29373  2.67760  2.69374  4.24709  2.90366  2.73759  3.17934  2.89820  2.37906  2.77539  2.98537  4.58496  3.61522
          0.26445  1.47299  5.76565  0.68323  0.70316  0.00000        *
      1   4.43053  5.61998  6.24983  5.70315  3.61738  5.77783  6.04081  2.87983  5.49056  1.11452  0.73719  5.95593  5.74067  5.35224  5.42472  5.23283  4.63098  3.20748  5.92442  4.97505      3 m - - -
          2.68618  4.42225  2.77519  2.73123  3.46354  2.40513  3.72494  3.29354  2.67741  2.69355  4.24690  2.90347  2.73739  3.18146  2.89801  2.37887  2.77519  2.98518  4.58477  3.61503
          0.00963  5.04330  5.76565  0.61958  0.77255  0.48576  0.95510
      2   2.13089  4.79538  4.25922  3.81884  4.62157  3.69893  4.77025  3.94348  3.76338  3.67972  3.69181  3.99259  0.85768  4.06692  4.07422  3.10848  1.96363  3.54623  6.02313  4.81552      4 p - - -
          2.68618  4.42225  2.77519  2.73123  3.46354  2.40513  3.72494  3.29354  2.67741  2.69355  4.24690  2.90347  2.73739  3.18146  2.89801  2.37887  2.77519  2.98518  4.58477  3.61503
          0.00963  5.04330  5.76565  0.61958  0.77255  0.48576  0.95510
      3   3.27786  5.28429  4.12271  3.68428  5.24603  3.92939  4.62040  4.74482  3.09040  4.26870  5.11255  3.97078  4.56320  3.80417  1.54869  0.70297  3.67658  4.23029  6.31058  5.10750      5 s - - -
          2.68618  4.42225  2.77519  2.73123  3.46354  2.40513  3.72494  3.29354  2.67741  2.69355  4.24690  2.90347  2.73739  3.18146  2.89801  2.37887  2.77519  2.98518  4.58477  3.61503
          0.00963  5.04330  5.76565  0.61958  0.77255  0.48576  0.95510
      4   3.58499  5.33640  1.59971  3.57134  4.76589  4.22984  5.01534  3.13430  4.14159  3.57982  4.70834  4.04592  4.84986  4.30376  4.58606  3.81453  3.93470  0.66821  6.37582  5.05444      6 V - - -
          2.68618  4.42225  2.77519  2.73123  3.46354  2.40513  3.72494  3.29354  2.67741  2.69355  4.24690  2.90347  2.73739  3.18146  2.89801  2.37887  2.77519  2.98518  4.58477  3.61503
          0.00963  5.04330  5.76565  0.61958  0.77255  0.48576  0.95510
      5   4.00664  6.02551  4.50099  3.70609  5.62049  4.48666  4.30060  4.94731  2.42846  4.25920  5.16861  4.02659  4.83466  1.41920  0.73453  3.97906  4.11938  4.63864  6.18020  5.10728      7 r - - -
          2.68618  4.42225  2.77519  2.73123  3.46354  2.40513  3.72494  3.29354  2.67741  2.69355  4.24690  2.90347  2.73739  3.18146  2.89801  2.37887  2.77519  2.98518  4.58477  3.61503
          0.00963  5.04330  5.76565  0.61958  0.77255  0.48576  0.95510
      6   2.91700  4.84657  4.63170  4.46141  5.40570  3.62611  5.38375  4.86330  4.49097  4.56960  5.36101  4.29174  4.46080  4.72088  4.68114  0.58696  1.48538  4.11044  6.74453  5.61176      8 S - - -
          2.68618  4.42225  2.77519  2.73123  3.46354  2.40513  3.72494  3.29354  2.67741  2.69355  4.24690  2.90347  2.73739  3.18146  2.89801  2.37887  2.77519  2.98518  4.58477  3.61503
          0.00963  5.04330  5.76565  0.61958  0.77255  0.48576  0.95510
      7   1.66914  4.86284  5.34705  4.90132  4.29549  4.60383  5.52434  2.39121  4.78299  2.66329  4.13286  4.93996  5.10477  5.03166  4.93557  4.02677  3.77306  0.69102  6.11839  4.91013      9 V - - -
          2.68618  4.42225  2.77519  2.73123  3.46354  2.40513  3.72494  3.29354  2.67741  2.69355  4.24690  2.90347  2.73739  3.18146  2.89801  2.37887  2.77519  2.98518  4.58477  3.61503
          0.00963  5.04330  5.76565  0.61958  0.77255  0.48576  0.95510
      8   1.85976  4.62848  4.45585  4.24450  4.97049  3.45894  5.11856  4.17639  4.21697  4.03503  4.91409  4.09759  4.27291  4.47233  4.40389  2.94696  0.56405  3.63411  6.37171  5.23300     10 T - - -
          2.68618  4.42225  2.77519  2.73123  3.46354  2.40513  3.72494  3.29354  2.67741  2.69355  4.24690  2.90347  2.73739  3.18146  2.89801  2.37887  2.77519  2.98518  4.58477  3.61503
          0.01241  4.79126  5.51361  0.61958  0.77255  0.48576  0.95510
      9   3.36905  0.33833  4.99100  4.68278  4.86800  3.99154  5.25302  4.30527  4.12678  4.04774  5.05927  4.60407  4.72063  4.70464  3.04540  3.60715  3.85273  3.93967  6.17934  5.06730     11 C - - -
          2.68618  4.42225  2.77519  2.73123  3.46354  2.40513  3.72494  3.29354  2.67741  2.69355  4.24690  2.90347  2.73739  3.18146  2.89801  2.37887  2.77519  2.98518  4.58477  3.61503
          0.01241  4.79126  5.51361  0.61958  0.77255  0.48576  0.95510
     10   4.04502  0.13183  5.56638  5.54315  5.50356  4.39302  6.02759  4.95438  5.44834  4.74163  5.91089  5.36819  5.13948  5.75010  5.38309  4.30983  4.57978  4.59661  6.58075  5.75750     12 C - - -
          2.68618  4.42225  2.77519  2.73123  3.46354  2.40513  3.72494  3.29354  2.67741  2.69355  4.24690  2.90347  2.73739  3.18146  2.89801  2.37887  2.77519  2.98518  4.58477  3.61503
          0.01241  4.79126  5.51361  0.61958  0.77255  0.48576  0.95510
     11   4.04502  0.13183  5.56638  5.54315  5.50356  4.39302  6.02759  4.95438  5.44834  4.74163  5.91089  5.36819  5.13948  5.75010  5.38309  4.30983  4.57978  4.59661  6.58075  5.75750     13 C - - -
          2.68618  4.42225  2.77519  2.73123  3.46354  2.40513  3.72494  3.29354  2.67741  2.69355  4.24690  2.90347  2.73739  3.18146  2.89801  2.37887  2.77519  2.98518  4.58477  3.61503
          0.01241  4.79126  5.51361  0.61958  0.77255  0.48576  0.95510
     12   4.24417  5.42735  5.96212  5.46905  2.29600  5.50912  5.41375  2.77904  5.31720  0.42288  3.25446  5.59177  5.52076  5.12926  5.23733  4.95220  4.44379  3.09638  5.38427  4.07732     14 L - - -
          2.68618  4.42225  2.77519  2.73123  3.46354  2.40513  3.72494  3.29354  2.67741  2.69355  4.24690  2.90347  2.73739  3.18146  2.89801  2.37887  2.77519  2.98518  4.58477  3.61503
          0.01241  4.79126  5.51361  0.61958  0.77255  0.48576  0.95510
     13   4.37078  5.60504  5.66213  5.38066  3.77575  5.14847  5.78981  3.07932  5.17223  0.24322  3.63997  5.59657  5.47959  5.29126  5.16769  4.97503  4.64450  3.33458  5.88393  4.79777     15 L - - -
          2.68618  4.42225  2.77519  2.73123  3.46354  2.40513  3.72494  3.29354  2.67741  2.69355  4.24690  2.90347  2.73739  3.18146  2.89801  2.37887  2.77519  2.98518  4.58477  3.61503
          0.01241  4.79126  5.51361  0.61958  0.77255  0.48576  0.95510
     14   5.16504  6.13755  5.64332  5.60538  4.12810  4.92598  5.40891  5.38295  5.42104  4.58328  5.94444  5.64790  5.51812  5.74233  5.35927  5.37059  5.52465  5.27702  0.11718  4.09957     16 W - - -
          2.68618  4.42225  2.77519  2.73123  3.46354  2.40513  3.72494  3.29354  2.67741  2.69355  4.24690  2.90347  2.73739  3.18146  2.89801  2.37887  2.77519  2.98518  4.58477  3.61503
          0.01241  4.79126  5.51361  0.61958  0.77255  0.48576  0.95510
     15   4.17635  5.38208  5.97206  5.41054  3.42711  5.52177  5.77655  2.68508  5.21831  0.73246  1.27853  5.66470  5.50296  5.10167  5.17412  4.94665  4.37498  2.99884  5.71249  4.76608     17 l - - -
          2.68618  4.42225  2.77519  2.73123  3.46354  2.40513  3.72494  3.29354  2.67741  2.69355  4.24690  2.90347  2.73739  3.18146  2.89801  2.37887  2.77519  2.98518  4.58477  3.61503
          0.01241  4.79126  5.51361  0.61958  0.77255  0.48576  0.95510
     16   4.03420  5.46766  5.24900  5.00812  4.05064  4.67837  5.53644  3.35173  4.73511  2.57628  0.32437  5.15033  5.21263  5.07953  4.81147  4.43041  4.39642  3.45316  5.93252  4.76519     18 M - - -
          2.68618  4.42225  2.77519  2.73123  3.46354  2.40513  3.72494  3.29354  2.67741  2.69355  4.24690  2.90347  2.73739  3.18146  2.89801  2.37887  2.77519  2.98518  4.58477  3.61503
          0.01241  4.79126  5.51361  0.61958  0.77255  0.48576  0.95510
     17   4.21042  5.39722  5.90023  5.42510  1.54112  5.43114  5.19465  2.82618  5.26682  0.62311  3.30510  5.46843  5.48087  5.08605  5.18526  4.85835  4.41176  3.12372  5.20574  3.79371     19 L - - -
          2.68618  4.42225  2.77519  2.73123  3.46354  2.40513  3.72494  3.29354  2.67741  2.69355  4.24690  2.90347  2.73739  3.18146  2.89801  2.37887  2.77519  2.98518  4.58477  3.61503
          0.03021  4.79126  3.84157  0.61958  0.77255  0.48576  0.95510
     18   3.03311  4.92586  4.31280  4.25580  5.18459  3.65353  5.27406  4.88389  4.40377  4.54743  5.43262  4.24486  4.47195  4.67157  4.58573  0.28646  3.58753  4.18615  6.47408  5.30521     20 S - - -
          2.68618  4.42225  2.77519  2.73123  3.46354  2.40513  3.72494  3.29354  2.67741  2.69355  4.24690  2.90347  2.73739  3.18146  2.89801  2.37887  2.77519  2.98518  4.58477  3.61503
          0.01263  4.77368  5.49603  0.61958  0.77255  0.52487  0.89558
     19   3.64872  4.90290  5.57652  5.10973  3.93404  5.07146  5.71209  2.13944  4.97618  1.66101  3.72518  5.25746  5.34065  5.18266  5.09877  4.50499  3.91606  0.64282  6.01561  4.83237     21 V - - -
          2.68618  4.42225  2.77519  2.73123  3.46354  2.40513  3.72494  3.29354  2.67741  2.69355  4.24690  2.90347  2.73739  3.18146  2.89801  2.37887  2.77519  2.98518  4.58477  3.61503
          0.01263  4.77368  5.49603  0.61958  0.77255  0.52487  0.89558
     20   3.09731  5.19196  3.38362  3.06757  4.77800  3.72399  4.25595  4.21098  2.90592  3.78199  4.67242  3.50630  4.29801  0.83878  3.22412  3.16021  2.04949  3.82711  5.97780  4.68138     22 q - - -
          2.68618  4.42225  2.77519  2.73123  3.46354  2.40513  3.72494  3.29354  2.67741  2.69355  4.24690  2.90347  2.73739  3.18146  2.89801  2.37887  2.77519  2.98518  4.58477  3.61503
          0.01263  4.77368  5.49603  0.61958  0.77255  0.52487  0.89558
     21   3.57994  5.09673  4.79890  4.44642  3.75966  4.44050  5.10631  3.05502  4.26229  0.47531  3.66377  4.65486  2.70798  4.55943  4.41073  3.95217  3.90069  3.13493  5.65317  4.49937     23 L - - -
          2.68618  4.42225  2.77519  2.73123  3.46354  2.40513  3.72494  3.29354  2.67741  2.69355  4.24690  2.90347  2.73739  3.18146  2.89801  2.37887  2.77519  2.98518  4.58477  3.61503
          0.01263  4.77368  5.49603  0.61958  0.77255  0.52487  0.89558
     22   3.66522  4.86178  5.75251  5.31470  4.26304  5.28900  6.13048  1.38985  5.26379  2.66426  3.98433  5.47507  5.52331  5.54181  5.44562  4.74721  3.93442  0.61082  6.42995  5.19234     24 V - - -
          2.68618  4.42225  2.77519  2.73123  3.46354  2.40513  3.72494  3.29354  2.67741  2.69355  4.24690  2.90347  2.73739  3.18146  2.89801  2.37887  2.77519  2.98518  4.58477  3.61503
          0.01263  4.77368  5.49603  0.61958  0.77255  0.52487  0.89558
     23   2.80271  4.79191  3.62114  3.38816  4.85030  3.48824  4.59601  4.28979  3.52961  3.94946  4.77209  2.47814  4.21030  3.83441  3.88329  2.53364  0.69711  3.75242  6.16055  4.90507     25 t - - -
          2.68618  4.42225  2.77519  2.73123  3.46354  2.40513  3.72494  3.29354  2.67741  2.69355  4.24690  2.90347  2.73739  3.18146  2.89801  2.37887  2.77519  2.98518  4.58477  3.61503
          0.04668  4.77368  3.29251  0.61958  0.77255  0.52487  0.89558
     24   2.91101  4.83643  3.96547  3.89832  5.11933  3.54189  5.04100  4.70765  4.07988  4.36896  5.23065  4.00156  0.45343  4.37467  4.31473  2.56483  3.44892  4.03708  6.42045  5.22742     26 P - - -
          2.68623  4.42230  2.77524  2.73128  3.46359  2.40499  3.72499  3.29359  2.67746  2.69360  4.24695  2.90352  2.73718  3.18151  2.89806  2.37873  2.77524  2.98523  4.58482  3.61508
          0.06476  2.76922        *  0.89882  0.52265  0.00000        *
//
HMMER3/f [3.4 | Aug 2023]
NAME  K
LENG  22
ALPH  amino
RF    no
MM    no
CONS  yes
CS    no
MAP   yes
DATE  Fri Jul  5 22:01:20 2024
NSEQ  5
EFFN  2.377930
CKSUM 261999005
STATS LOCAL MSV       -6.4787  0.72031
STATS LOCAL VITERBI   -6.5456  0.72031
STATS LOCAL FORWARD   -4.5600  0.72031
HMM          A        C        D        E        F        G        H        I        K        L        M        N        P        Q        R        S        T        V        W        Y   
            m->m     m->i     m->d     i->m     i->i     d->m     d->d
  COMPO   2.07556  5.17408  4.80268  4.64996  3.06151  2.90158  5.34672  2.79524  4.47215  1.99217  2.00180  4.69196  4.78998  4.86451  3.11304  2.46868  2.15255  2.12966  5.98484  4.75462
          2.68618  4.42225  2.77519  2.73123  3.46354  2.40513  3.72494  3.29354  2.67741  2.69355  4.24690  2.90347  2.73739  3.18146  2.89801  2.37887  2.77519  2.98518  4.58477  3.61503
          0.01294  4.74996  5.47231  0.61958  0.77255  0.00000        *
      1   3.97066  5.40909  5.18612  4.93467  3.99185  4.63231  5.47120  3.28511  4.66072  2.51772  0.34966  5.08283  5.16150  5.00693  4.74357  4.36700  4.32916  3.38275  5.87706  4.70531      1 M - - -
          2.68618  4.42225  2.77519  2.73123  3.46354  2.40513  3.72494  3.29354  2.67741  2.69355  4.24690  2.90347  2.73739  3.18146  2.89801  2.37887  2.77519  2.98518  4.58477  3.61503
          0.01294  4.74996  5.47231  0.61958  0.77255  0.48576  0.95510
      2   3.83130  5.10145  5.47081  5.17887  4.15360  4.95199  5.83279  0.38561  5.04461  2.62988  4.02302  5.32892  5.36932  5.34494  5.15767  4.61246  4.13863  2.25288  6.16312  4.94637      2 I - - -
          2.68618  4.42225  2.77519  2.73123  3.46354  2.40513  3.72494  3.29354  2.67741  2.69355  4.24690  2.90347  2.73739  3.18146  2.89801  2.37887  2.77519  2.98518  4.58477  3.61503
          0.01294  4.74996  5.47231  0.61958  0.77255  0.48576  0.95510
      3   3.97066  5.40909  5.18612  4.93467  3.99185  4.63231  5.47120  3.28511  4.66072  2.51772  0.34966  5.08283  5.16150  5.00693  4.74357  4.36700  4.32916  3.38275  5.87706  4.70531      3 M - - -
          2.68618  4.42225  2.77519  2.73123  3.46354  2.40513  3.72494  3.29354  2.67741  2.69355  4.24690  2.90347  2.73739  3.18146  2.89801  2.37887  2.77519  2.98518  4.58477  3.61503
          0.01294  4.74996  5.47231  0.61958  0.77255  0.48576  0.95510
      4   4.31218  5.92250  4.90508  4.32351  5.52797  4.51559  4.87176  5.21860  3.12376  4.56905  5.60416  4.58767  5.03058  4.10487  0.21417  4.39683  4.55409  4.91379  6.28243  5.34795      4 R - - -
          2.68618  4.42225  2.77519  2.73123  3.46354  2.40513  3.72494  3.29354  2.67741  2.69355  4.24690  2.90347  2.73739  3.18146  2.89801  2.37887  2.77519  2.98518  4.58477  3.61503
          0.01294  4.74996  5.47231  0.61958  0.77255  0.48576  0.95510
      5   3.97066  5.40909  5.18612  4.93467  3.99185  4.63231  5.47120  3.28511  4.66072  2.51772  0.34966  5.08283  5.16150  5.00693  4.74357  4.36700  4.32916  3.38275  5.87706  4.70531      5 M - - -
          2.68618  4.42225  2.77519  2.73123  3.46354  2.40513  3.72494  3.29354  2.67741  2.69355  4.24690  2.90347  2.73739  3.18146  2.89801  2.37887  2.77519  2.98518  4.58477  3.61503
          0.01294  4.74996  5.47231  0.61958  0.77255  0.48576  0.95510
      6   3.19441  5.01616  4.55090  4.44283  5.09429  3.80505  5.34429  4.37691  4.41257  4.19125  5.22855  4.42115  4.59247  4.76178  4.56313  3.41037  0.28554  3.93963  6.40715  5.32892      6 T - - -
          2.68618  4.42225  2.77519  2.73123  3.46354  2.40513  3.72494  3.29354  2.67741  2.69355  4.24690  2.90347  2.73739  3.18146  2.89801  2.37887  2.77519  2.98518  4.58477  3.61503
          0.01294  4.74996  5.47231  0.61958  0.77255  0.48576  0.95510
      7   4.30987  5.55308  5.59802  5.31140  3.73519  5.09656  5.72818  3.03410  5.09911  0.25782  3.60329  5.52753  5.43014  5.23045  5.10309  4.90630  4.58418  3.28082  5.83752  4.74318      7 L - - -
          2.68618  4.42225  2.77519  2.73123  3.46354  2.40513  3.72494  3.29354  2.67741  2.69355  4.24690  2.90347  2.73739  3.18146  2.89801  2.37887  2.77519  2.98518  4.58477  3.61503
          0.01294  4.74996  5.47231  0.61958  0.77255  0.48576  0.95510
      8   3.19441  5.01616  4.55090  4.44283  5.09429  3.80505  5.34429  4.37691  4.41257  4.19125  5.22855  4.42115  4.59247  4.76178  4.56313  3.41037  0.28554  3.93963  6.40715  5.32892      8 T - - -
          2.68618  4.42225  2.77519  2.73123  3.46354  2.40513  3.72494  3.29354  2.67741  2.69355  4.24690  2.90347  2.73739  3.18146  2.89801  2.37887  2.77519  2.98518  4.58477  3.61503
          0.01294  4.74996  5.47231  0.61958  0.77255  0.48576  0.95510
      9   4.30987  5.55308  5.59802  5.31140  3.73519  5.09656  5.72818  3.03410  5.09911  0.25782  3.60329  5.52753  5.43014  5.23045  5.10309  4.90630  4.58418  3.28082  5.83752  4.74318      9 L - - -
          2.68618  4.42225  2.77519  2.73123  3.46354  2.40513  3.72494  3.29354  2.67741  2.69355  4.24690  2.90347  2.73739  3.18146  2.89801  2.37887  2.77519  2.98518  4.58477  3.61503
          0.01294  4.74996  5.47231  0.61958  0.77255  0.48576  0.95510
     10   4.59989  5.75117  5.47889  5.40845  0.24302  4.93136  4.58515  4.13007  5.32565  3.31738  4.75205  5.13597  5.41381  5.27014  5.22981  4.77194  4.92193  4.17024  4.69689  3.00662     10 F - - -
          2.68618  4.42225  2.77519  2.73123  3.46354  2.40513  3.72494  3.29354  2.67741  2.69355  4.24690  2.90347  2.73739  3.18146  2.89801  2.37887  2.77519  2.98518  4.58477  3.61503
          0.01294  4.74996  5.47231  0.61958  0.77255  0.48576  0.95510
     11   3.61258  5.00449  5.30360  5.06051  4.39218  4.61036  5.78068  2.41923  4.96184  2.96552  4.28102  5.10767  5.17375  5.28868  5.08934  4.23035  3.98230  0.35111  6.28700  5.05926     11 V - - -
          2.68618  4.42225  2.77519  2.73123  3.46354  2.40513  3.72494  3.29354  2.67741  2.69355  4.24690  2.90347  2.73739  3.18146  2.89801  2.37887  2.77519  2.98518  4.58477  3.61503
          0.01294  4.74996  5.47231  0.61958  0.77255  0.48576  0.95510
     12   4.30987  5.55308  5.59802  5.31140  3.73519  5.09656  5.72818  3.03410  5.09911  0.25782  3.60329  5.52753  5.43014  5.23045  5.10309  4.90630  4.58418  3.28082  5.83752  4.74318     12 L - - -
          2.68618  4.42225  2.77519  2.73123  3.46354  2.40513  3.72494  3.29354  2.67741  2.69355  4.24690  2.90347  2.73739  3.18146  2.89801  2.37887  2.77519  2.98518  4.58477  3.61503
          0.01294  4.74996  5.47231  0.61958  0.77255  0.48576  0.95510
     13   3.61258  5.00449  5.30360  5.06051  4.39218  4.61036  5.78068  2.41923  4.96184  2.96552  4.28102  5.10767  5.17375  5.28868  5.08934  4.23035  3.98230  0.35111  6.28700  5.05926     13 V - - -
          2.68618  4.42225  2.77519  2.73123  3.46354  2.40513  3.72494  3.29354  2.67741  2.69355  4.24690  2.90347  2.73739  3.18146  2.89801  2.37887  2.77519  2.98518  4.58477  3.61503
          0.01294  4.74996  5.47231  0.61958  0.77255  0.48576  0.95510
     14   3.61258  5.00449  5.30360  5.06051  4.39218  4.61036  5.78068  2.41923  4.96184  2.96552  4.28102  5.10767  5.17375  5.28868  5.08934  4.23035  3.98230  0.35111  6.28700  5.05926     14 V - - -
          2.68618  4.42225  2.77519  2.73123  3.46354  2.40513  3.72494  3.29354  2.67741  2.69355  4.24690  2.90347  2.73739  3.18146  2.89801  2.37887  2.77519  2.98518  4.58477  3.61503
          0.01294  4.74996  5.47231  0.61958  0.77255  0.48576  0.95510
     15   3.97066  5.40909  5.18612  4.93467  3.99185  4.63231  5.47120  3.28511  4.66072  2.51772  0.34966  5.08283  5.16150  5.00693  4.74357  4.36700  4.32916  3.38275  5.87706  4.70531     15 M - - -
          2.68618  4.42225  2.77519  2.73123  3.46354  2.40513  3.72494  3.29354  2.67741  2.69355  4.24690  2.90347  2.73739  3.18146  2.89801  2.37887  2.77519  2.98518  4.58477  3.61503
          0.01294  4.74996  5.47231  0.61958  0.77255  0.48576  0.95510
     16   3.19441  5.01616  4.55090  4.44283  5.09429  3.80505  5.34429  4.37691  4.41257  4.19125  5.22855  4.42115  4.59247  4.76178  4.56313  3.41037  0.28554  3.93963  6.40715  5.32892     16 T - - -
          2.68618  4.42225  2.77519  2.73123  3.46354  2.40513  3.72494  3.29354  2.67741  2.69355  4.24690  2.90347  2.73739  3.18146  2.89801  2.37887  2.77519  2.98518  4.58477  3.61503
          0.01294  4.74996  5.47231  0.61958  0.77255  0.48576  0.95510
     17   0.26504  4.89711  4.62559  4.54975  5.19844  3.68588  5.41869  4.49621  4.59712  4.31846  5.29418  4.39541  4.50464  4.85010  4.71745  3.26537  3.60344  3.96105  6.50162  5.45658     17 A - - -
          2.68618  4.42225  2.77519  2.73123  3.46354  2.40513  3.72494  3.29354  2.67741  2.69355  4.24690  2.90347  2.73739  3.18146  2.89801  2.37887  2.77519  2.98518  4.58477  3.61503
          0.01294  4.74996  5.47231  0.61958  0.77255  0.48576  0.95510
     18   0.26504  4.89711  4.62559  4.54975  5.19844  3.68588  5.41869  4.49621  4.59712  4.31846  5.29418  4.39541  4.50464  4.85010  4.71745  3.26537  3.60344  3.96105  6.50162  5.45658     18 A - - -
          2.68618  4.42225  2.77519  2.73123  3.46354  2.40513  3.72494  3.29354  2.67741  2.69355  4.24690  2.90347  2.73739  3.18146  2.89801  2.37887  2.77519  2.98518  4.58477  3.61503
          0.01294  4.74996  5.47231  0.61958  0.77255  0.48576  0.95510
     19   3.00753  4.90154  4.27628  4.21493  5.15046  3.62899  5.23745  4.84419  4.36075  4.50943  5.39544  4.21196  4.44581  4.63141  4.54708  0.29722  3.56032  4.15325  6.44312  5.26946     19 S - - -
          2.68618  4.42225  2.77519  2.73123  3.46354  2.40513  3.72494  3.29354  2.67741  2.69355  4.24690  2.90347  2.73739  3.18146  2.89801  2.37887  2.77519  2.98518  4.58477  3.61503
          0.01294  4.74996  5.47231  0.61958  0.77255  0.48576  0.95510
     20   0.26504  4.89711  4.62559  4.54975  5.19844  3.68588  5.41869  4.49621  4.59712  4.31846  5.29418  4.39541  4.50464  4.85010  4.71745  3.26537  3.60344  3.96105  6.50162  5.45658     20 A - - -
          2.68618  4.42225  2.77519  2.73123  3.46354  2.40513  3.72494  3.29354  2.67741  2.69355  4.24690  2.90347  2.73739  3.18146  2.89801  2.37887  2.77519  2.98518  4.58477  3.61503
          0.01294  4.74996  5.47231  0.61958  0.77255  0.48576  0.95510
     21   3.00753  4.90154  4.27628  4.21493  5.15046  3.62899  5.23745  4.84419  4.36075  4.50943  5.39544  4.21196  4.44581  4.63141  4.54708  0.29722  3.56032  4.15325  6.44312  5.26946     21 S - - -
          2.68618  4.42225  2.77519  2.73123  3.46354  2.40513  3.72494  3.29354  2.67741  2.69355  4.24690  2.90347  2.73739  3.18146  2.89801  2.37887  2.77519  2.98518  4.58477  3.61503
          0.01294  4.74996  5.47231  0.61958  0.77255  0.48576  0.95510
     22   4.06373  5.67093  4.89324  4.92038  5.89917  0.11846  5.89327  5.79339  5.20303  5.28649  6.32403  5.06136  5.06995  5.46077  5.26684  4.27028  4.60035  5.15965  6.68812  6.05522     22 G - - -
          2.68618  4.42225  2.77519  2.73123  3.46354  2.40513  3.72494  3.29354  2.67741  2.69355  4.24690  2.90347  2.73739  3.18146  2.89801  2.37887  2.77519  2.98518  4.58477  3.61503
          0.00873  4.74575        *  0.61958  0.77255  0.00000        *
//
HMMER3/f [3.4 | Aug 2023]
NAME  L
LENG  20
ALPH  amino
RF    no
MM    no
CONS  yes
CS    no
MAP   yes
DATE  Fri Jul  5 22:01:25 2024
NSEQ  24
EFFN  10.286133
CKSUM 985679595
STATS LOCAL MSV       -6.0674  0.72046
STATS LOCAL VITERBI   -6.4932  0.72046
STATS LOCAL FORWARD   -4.4488  0.72046
HMM          A        C        D        E        F        G        H        I        K        L        M        N        P        Q        R        S        T        V        W        Y   
            m->m     m->i     m->d     i->m     i->i     d->m     d->d
  COMPO   3.18845  4.56544  3.99792  5.06547  2.64637  3.16298  5.08692  2.97828  3.30030  1.70134  1.92143  4.29484  3.43800  4.89390  4.61788  2.77563  2.03090  2.07072  6.70435  5.58885
          2.68618  4.42225  2.77519  2.73123  3.46354  2.40513  3.72494  3.29354  2.67741  2.69355  4.24690  2.90347  2.73739  3.18146  2.89801  2.37887  2.77519  2.98518  4.58477  3.61503
          0.02941  5.95290  3.63500  0.61958  0.77255  0.00000        *
      1   4.78927  6.15177  6.80630  6.46788  4.73424  5.88755  6.90219  3.50637  6.25762  3.02961  0.25948  6.43237  6.30549  6.30707  6.24509  5.43488  5.13725  2.28816  6.96543  5.88422      1 M - - -
          2.68618  4.42225  2.77519  2.73123  3.46354  2.40513  3.72494  3.29354  2.67741  2.69355  4.24690  2.90347  2.73739  3.18146  2.89801  2.37887  2.77519  2.98518  4.58477  3.61503
          0.00397  5.92746  6.64981  0.61958  0.77255  0.39313  1.12375
      2   4.96873  6.91799  5.65183  4.62033  6.68333  5.37993  5.03131  5.83945  0.45802  5.08314  6.00592  1.75952  5.67392  4.15552  2.21085  4.91788  5.00724  5.55509  6.96495  5.97626      2 K - - -
          2.68618  4.42225  2.77519  2.73123  3.46354  2.40513  3.72494  3.29354  2.67741  2.69355  4.24690  2.90347  2.73739  3.18146  2.89801  2.37887  2.77519  2.98518  4.58477  3.61503
          0.08545  5.95290  2.53450  0.61958  0.77255  0.48576  0.95510
      3   5.00033  6.15233  7.06800  6.59550  4.54301  6.54942  7.13233  3.23155  6.51821  0.56507  4.25573  6.82601  6.54987  6.36289  6.47038  6.06684  5.23688  1.09180  6.92068  5.97169      3 L - - -
          2.68618  4.42225  2.77519  2.73123  3.46354  2.40513  3.72494  3.29354  2.67741  2.69355  4.24690  2.90347  2.73739  3.18146  2.89801  2.37887  2.77519  2.98518  4.58477  3.61503
          0.00420  5.87165  6.59400  0.61958  0.77255  0.28101  1.40659
      4   2.30598  5.63242  6.16745  6.15749  6.57013  4.43124  6.67016  6.08523  6.06782  5.78270  6.50102  5.36889  5.31795  6.11807  6.02223  0.42257  1.65153  5.09256  7.90658  6.92124      4 S - - -
          2.68618  4.42225  2.77519  2.73123  3.46354  2.40513  3.72494  3.29354  2.67741  2.69355  4.24690  2.90347  2.73739  3.18146  2.89801  2.37887  2.77519  2.98518  4.58477  3.61503
          0.00387  5.95290  6.67525  0.61958  0.77255  0.48576  0.95510
      5   5.22647  6.53327  6.87484  6.78163  6.15512  5.94182  7.46727  4.00088  6.80738  4.72672  6.06512  6.77440  6.56195  7.10472  6.81549  5.87440  5.62887  0.05894  7.84159  6.83983      5 V - - -
          2.68618  4.42225  2.77519  2.73123  3.46354  2.40513  3.72494  3.29354  2.67741  2.69355  4.24690  2.90347  2.73739  3.18146  2.89801  2.37887  2.77519  2.98518  4.58477  3.61503
          0.00387  5.95290  6.67525  0.61958  0.77255  0.48576  0.95510
      6   4.14641  5.92532  6.15024  6.01775  5.48747  4.87828  6.54334  4.68584  5.73497  4.08264  0.50238  5.64961  5.66483  6.02238  5.76727  4.41490  1.23399  4.53184  7.27176  6.15245      6 M - - -
          2.68618  4.42225  2.77519  2.73123  3.46354  2.40513  3.72494  3.29354  2.67741  2.69355  4.24690  2.90347  2.73739  3.18146  2.89801  2.37887  2.77519  2.98518  4.58477  3.61503
          0.00387  5.95290  6.67525  0.61958  0.77255  0.48576  0.95510
      7   6.55939  7.38844  7.06150  7.12843  0.03530  6.30451  6.19092  6.45042  7.13999  5.48891  6.94721  6.82843  6.84688  7.02886  6.89815  6.64229  6.89548  6.45043  6.28529  4.62101      7 F - - -
          2.68618  4.42225  2.77519  2.73123  3.46354  2.40513  3.72494  3.29354  2.67741  2.69355  4.24690  2.90347  2.73739  3.18146  2.89801  2.37887  2.77519  2.98518  4.58477  3.61503
          0.00387  5.95290  6.67525  0.61958  0.77255  0.48576  0.95510
      8   5.12971  6.24540  7.20957  6.73785  4.63645  6.78978  7.33173  0.37016  6.68397  1.50129  4.34225  7.02210  6.70286  6.51148  6.64045  6.33003  5.35530  3.31043  7.04897  6.10345      8 I - - -
          2.68618  4.42225  2.77519  2.73123  3.46354  2.40513  3.72494  3.29354  2.67741  2.69355  4.24690  2.90347  2.73739  3.18146  2.89801  2.37887  2.77519  2.98518  4.58477  3.61503
          0.12296  5.95290  2.17946  0.61958  0.77255  0.48576  0.95510
      9   2.50661  5.69479  6.38180  6.22059  5.63531  5.07026  6.93445  3.31977  6.16128  4.13745  5.38797  5.83897  5.80647  6.36897  6.22632  4.58935  4.58749  0.21105  7.62307  6.43062      9 V - - -
          2.68618  4.42225  2.77519  2.73123  3.46354  2.40513  3.72494  3.29354  2.67741  2.69355  4.24690  2.90347  2.73739  3.18146  2.89801  2.37887  2.77519  2.98518  4.58477  3.61503
          0.16821  5.87775  1.88370  0.61958  0.77255  1.08340  0.41316
     10   2.32870  5.25022  5.89981  5.32422  0.87613  5.16317  5.51645  3.09107  5.14170  1.86554  4.03654  5.33991  5.47114  5.22581  5.15065  4.50704  4.16426  1.70922  5.87813  4.68183     10 f - - -
          2.68628  4.42235  2.77529  2.73133  3.46364  2.40523  3.72504  3.29364  2.67751  2.69365  4.24700  2.90357  2.73749  3.17915  2.89811  2.37897  2.77529  2.98528  4.58487  3.61513
          0.06665  2.76666  6.43679  0.67627  0.71031  0.14560  1.99882
     11   5.63721  6.69249  7.59097  7.02613  4.40598  7.18123  7.34520  3.72765  6.91964  0.13824  2.86225  7.45285  6.81306  6.41860  6.67430  6.75331  5.79517  4.20152  6.86091  6.06495     13 L - - -
          2.68618  4.42225  2.77519  2.73123  3.46354  2.40513  3.72494  3.29354  2.67741  2.69355  4.24690  2.90347  2.73739  3.18146  2.89801  2.37887  2.77519  2.98518  4.58477  3.61503
          0.00372  5.99158  6.71393  0.61958  0.77255  0.48576  0.95510
     12   4.64343  5.90699  6.64244  6.06483  4.40965  5.96392  6.34760  3.43947  5.89908  1.52878  0.66249  6.16246  6.13250  5.85815  5.86408  5.33800  2.45698  2.36199  6.50142  5.48480     14 M - - -
          2.68618  4.42225  2.77519  2.73123  3.46354  2.40513  3.72494  3.29354  2.67741  2.69355  4.24690  2.90347  2.73739  3.18146  2.89801  2.37887  2.77519  2.98518  4.58477  3.61503
          0.00372  5.99158  6.71393  0.61958  0.77255  0.48576  0.95510
     13   6.16777  7.16976  7.26752  7.12226  5.28383  6.49972  7.47427  4.68418  7.09985  0.04301  5.09472  7.40023  6.87110  6.99518  6.90937  6.89786  6.42871  5.09663  7.37968  6.52764     15 L - - -
          2.68618  4.42225  2.77519  2.73123  3.46354  2.40513  3.72494  3.29354  2.67741  2.69355  4.24690  2.90347  2.73739  3.18146  2.89801  2.37887  2.77519  2.98518  4.58477  3.61503
          0.00372  5.99158  6.71393  0.61958  0.77255  0.48576  0.95510
     14   3.81639  5.73199  6.01742  6.05881  6.61905  4.51754  6.70553  6.16554  6.06740  5.86540  6.60500  5.41686  5.40245  6.15556  6.04269  2.39755  0.17841  5.18707  7.94517  6.93389     16 T - - -
          2.68618  4.42225  2.77519  2.73123  3.46354  2.40513  3.72494  3.29354  2.67741  2.69355  4.24690  2.90347  2.73739  3.18146  2.89801  2.37887  2.77519  2.98518  4.58477  3.61503
          0.00372  5.99158  6.71393  0.61958  0.77255  0.48576  0.95510
     15   2.36989  5.22905  5.77100  5.18843  4.26029  4.99516  5.44178  3.36705  4.99813  2.24660  0.71339  5.19878  5.37678  5.12812  5.03248  4.33358  2.13064  2.74011  5.91881  4.76506     17 m - - -
          2.68618  4.42225  2.77519  2.73123  3.46354  2.40513  3.72494  3.29354  2.67741  2.69355  4.24690  2.90347  2.73739  3.18146  2.89801  2.37887  2.77519  2.98518  4.58477  3.61503
          0.00372  5.99158  6.71393  0.61958  0.77255  0.48576  0.95510
     16   3.77276  5.69476  5.95424  5.95637  6.60820  4.48008  6.64627  6.13723  5.99032  5.82221  6.54681  5.36076  0.59546  6.07085  5.99746  1.53512  1.81981  5.15015  7.93604  6.92808     18 P - - -
          2.68618  4.42225  2.77519  2.73123  3.46354  2.40513  3.72494  3.29354  2.67741  2.69355  4.24690  2.90347  2.73739  3.18146  2.89801  2.37887  2.77519  2.98518  4.58477  3.61503
          0.00372  5.99158  6.71393  0.61958  0.77255  0.48576  0.95510
     17   5.62081  6.68136  7.57481  7.00935  4.40539  7.15642  7.32596  3.72590  6.89902  0.70670  0.83402  7.42543  6.80272  6.40986  6.65936  6.72107  5.78042  4.19558  6.85549  6.05549     19 l - - -
          2.68618  4.42225  2.77519  2.73123  3.46354  2.40513  3.72494  3.29354  2.67741  2.69355  4.24690  2.90347  2.73739  3.18146  2.89801  2.37887  2.77519  2.98518  4.58477  3.61503
          0.00372  5.99158  6.71393  0.61958  0.77255  0.48576  0.95510
     18   3.81341  5.72921  6.02212  6.06243  6.61927  4.51516  6.70552  6.16501  6.06922  5.86432  6.60270  5.41580  5.40021  6.15537  6.04368  2.24770  0.19627  5.18504  7.94580  6.93561     20 T - - -
          2.68633  4.42240  2.77535  2.73139  3.46369  2.40528  3.72510  3.29369  2.67756  2.69255  4.24705  2.90362  2.73755  3.18162  2.89816  2.37902  2.77410  2.98534  4.58492  3.61519
          0.07688  2.62028  6.71393  0.68133  0.70510  0.48576  0.95510
     19   3.73481  1.86114  1.43642  3.31715  5.57076  1.57144  2.54676  5.05568  3.52527  4.55651  5.32730  3.87018  4.85128  2.64785  4.03601  2.92097  3.99476  4.62294  6.70869  5.28839     23 d - - -
          2.68618  4.42225  2.77519  2.73123  3.46354  2.40513  3.72494  3.29354  2.67741  2.69355  4.24690  2.90347  2.73739  3.18146  2.89801  2.37887  2.77519  2.98518  4.58477  3.61503
          0.07030  5.99158  2.72745  0.61958  0.77255  0.48576  0.95510
     20   1.18189  5.98758  2.64683  4.35499  6.59945  0.62724  5.96124  6.16074  5.26579  5.76279  6.56584  4.68573  5.31887  5.23490  5.72726  4.08879  4.50645  5.29914  7.86773  6.59872     24 G - - -
          2.68639  4.42246  2.77540  2.73144  3.46375  2.40426  3.72515  3.29375  2.67761  2.69321  4.24710  2.90300  2.73760  3.18167  2.89821  2.37867  2.77540  2.98539  4.58498  3.61524
          0.10584  2.29829        *  0.74420  0.64458  0.00000        *
//
HMMER3/f [3.4 | Aug 2023]
NAME  M
LENG  44
ALPH  amino
RF    no
MM    no
CONS  yes
CS    no
MAP   yes
DATE  Fri Jul  5 22:01:31 2024
NSEQ  473
EFFN  10.259544
CKSUM 510519409
STATS LOCAL MSV       -8.0087  0.71936
STATS LOCAL VITERBI   -8.2435  0.71936
STATS LOCAL FORWARD   -4.4982  0.71936
HMM          A        C        D        E        F        G        H        I        K        L        M        N        P        Q        R        S        T        V        W        Y   
            m->m     m->i     m->d     i->m     i->i     d->m     d->d
  COMPO   2.67880  3.64026  2.96055  2.79221  3.08374  3.05279  4.31580  3.02901  2.82053  1.83521  3.07631  3.30863  3.22414  3.30201  3.10830  3.13441  3.00677  2.43850  4.74352  3.68101
          2.68621  4.42228  2.77523  2.73126  3.46357  2.40516  3.72498  3.29357  2.67744  2.69358  4.24464  2.90350  2.73743  3.18149  2.89804  2.37890  2.77523  2.98521  4.58480  3.61506
          0.34019  1.65864  2.32314  0.24345  1.53211  0.00000        *
      1   2.76756  4.89076  2.88839  2.58647  4.30356  3.38010  3.83004  3.79153  2.54977  3.34902  4.22991  3.06753  1.73968  1.93391  2.90805  2.80768  3.06781  3.43661  5.52767  4.21182      2 p - - -
          2.68618  4.42225  2.77519  2.73123  3.46354  2.40513  3.72494  3.29354  2.67741  2.69355  4.24690  2.90347  2.73739  3.18146  2.89801  2.37887  2.77519  2.98518  4.58477  3.61503
          0.02462  4.11222  4.83457  0.61958  0.77255  0.59535  0.80156
      2   3.00192  4.48581  4.45226  4.12926  3.73752  3.96630  4.89352  2.07052  4.00095  2.38678  3.67220  4.27894  4.51819  4.34640  4.18952  3.49008  3.36059  0.76823  5.56036  4.30423      3 v - - -
          2.68618  4.42225  2.77519  2.73123  3.46354  2.40513  3.72494  3.29354  2.67741  2.69355  4.24690  2.90347  2.73739  3.18146  2.89801  2.37887  2.77519  2.98518  4.58477  3.61503
          0.02462  4.11222  4.83457  0.61958  0.77255  0.59535  0.80156
      3   1.88307  4.95251  2.63150  1.45949  4.41112  3.31418  3.82695  3.75409  2.68467  3.41306  4.27693  2.94167  3.87926  2.99898  3.13869  2.76121  3.05231  3.39479  5.65888  4.29809      4 e - - -
          2.68618  4.42225  2.77519  2.73123  3.46354  2.40513  3.72494  3.29354  2.67741  2.69355  4.24690  2.90347  2.73739  3.18146  2.89801  2.37887  2.77519  2.98518  4.58477  3.61503
          0.24507  4.11222  1.60457  0.61958  0.77255  0.59535  0.80156
      4   3.03363  4.87140  3.52682  3.03236  4.23238  3.51705  3.84206  3.77566  2.24683  3.28698  4.28630  3.39026  4.01822  3.06096  0.94047  3.11646  3.29775  3.49847  5.30506  4.15404      5 r - - -
          2.68618  4.42225  2.77519  2.73123  3.46354  2.40513  3.72494  3.29354  2.67741  2.69355  4.24690  2.90347  2.73739  3.18146  2.89801  2.37887  2.77519  2.98518  4.58477  3.61503
          0.03060  3.89775  4.62010  0.61958  0.77255  0.77830  0.61468
      5   3.28331  4.76207  3.87540  3.60935  2.29360  3.85946  3.62992  3.28896  3.46614  2.73642  3.96133  3.75437  4.33263  3.76612  3.64474  3.41756  3.57007  3.16069  3.93839  0.92477      6 y - - -
          2.68618  4.42225  2.77519  2.73123  3.46354  2.40513  3.72494  3.29354  2.67741  2.69355  4.24690  2.90347  2.73739  3.18146  2.89801  2.37887  2.77519  2.98518  4.58477  3.61503
          0.03060  3.89775  4.62010  0.61958  0.77255  0.77830  0.61468
      6   0.97794  4.20438  3.48800  3.28024  4.07730  3.02829  4.29933  3.20658  3.29714  3.08705  4.11593  3.42354  3.76988  3.63594  3.54605  2.55437  2.83347  2.85661  5.50193  4.30494      7 a - - -
          2.68618  4.42225  2.77519  2.73123  3.46354  2.40513  3.72494  3.29354  2.67741  2.69355  4.24690  2.90347  2.73739  3.18146  2.89801  2.37887  2.77519  2.98518  4.58477  3.61503
          0.03060  3.89775  4.62010  0.61958  0.77255  0.77830  0.61468
      7   2.97367  5.09040  2.49774  0.98997  4.43973  3.29010  3.87882  3.89863  2.76249  3.51159  4.48429  2.94674  3.89581  3.09380  3.17412  2.95336  3.27802  3.57978  5.60653  4.32853      8 e - - -
          2.68618  4.42225  2.77519  2.73123  3.46354  2.40513  3.72494  3.29354  2.67741  2.69355  4.24690  2.90347  2.73739  3.18146  2.89801  2.37887  2.77519  2.98518  4.58477  3.61503
          0.03060  3.89775  4.62010  0.61958  0.77255  0.77830  0.61468
      8   2.74408  4.74180  2.72180  2.60972  4.10925  3.20068  3.94091  3.82487  2.84660  3.46881  4.42376  1.11407  3.85369  3.21355  3.20227  2.81020  3.12667  3.44453  5.41224  4.05564      9 n - - -
          2.68618  4.42225  2.77519  2.73123  3.46354  2.40513  3.72494  3.29354  2.67741  2.69355  4.24690  2.90347  2.73739  3.18146  2.89801  2.37887  2.77519  2.98518  4.58477  3.61503
          0.03060  3.89775  4.62010  0.61958  0.77255  0.77830  0.61468
      9   2.99490  4.96008  3.17260  2.78909  4.35229  3.48185  3.77273  3.78309  1.00422  3.34256  4.30247  3.21251  3.98026  2.96264  2.43582  3.03512  3.24619  3.48939  5.39641  4.21274     10 k - - -
          2.68618  4.42225  2.77519  2.73123  3.46354  2.40513  3.72494  3.29354  2.67741  2.69355  4.24690  2.90347  2.73739  3.18146  2.89801  2.37887  2.77519  2.98518  4.58477  3.61503
          0.03060  3.89775  4.62010  0.61958  0.77255  0.77830  0.61468
     10   2.90043  4.88729  2.91924  2.67411  4.05926  3.38249  3.83273  3.69366  2.49310  3.19353  4.22043  3.13416  3.93616  1.18977  2.77688  2.94700  3.19726  3.42169  5.32668  4.02202     11 q - - -
          2.68618  4.42225  2.77519  2.73123  3.46354  2.40513  3.72494  3.29354  2.67741  2.69355  4.24690  2.90347  2.73739  3.18146  2.89801  2.37887  2.77519  2.98518  4.58477  3.61503
          0.03060  3.89775  4.62010  0.61958  0.77255  0.77830  0.61468
     11   3.01646  5.14910  0.88247  2.35023  4.52943  3.22955  3.95289  4.12329  3.04172  3.72704  4.70550  2.90795  3.88411  3.19194  3.56153  2.97583  3.35550  3.75972  5.69315  4.39791     12 d - - -
          2.68618  4.42225  2.77519  2.73123  3.46354  2.40513  3.72494  3.29354  2.67741  2.69355  4.24690  2.90347  2.73739  3.18146  2.89801  2.37887  2.77519  2.98518  4.58477  3.61503
          0.03060  3.89775  4.62010  0.61958  0.77255  0.46780  0.98452
     12   3.43511  4.83010  4.57367  4.22123  3.24466  4.28394  4.80246  2.46828  3.98684  0.62760  3.20442  4.47354  4.68226  4.29701  4.12094  3.89306  3.72076  2.56663  5.20392  3.98038     13 L - - -
          2.68618  4.42225  2.77519  2.73123  3.46354  2.40513  3.72494  3.29354  2.67741  2.69355  4.24690  2.90347  2.73739  3.18146  2.89801  2.37887  2.77519  2.98518  4.58477  3.61503
          0.02462  4.11222  4.83457  0.61958  0.77255  0.59535  0.80156
     13   2.65191  4.75810  2.72675  2.58709  4.52291  1.86133  4.00312  4.05688  2.92526  3.65280  4.49570  1.44982  3.86357  3.20947  3.35412  2.71567  3.04982  3.57097  5.76783  4.43007     14 n - - -
          2.68618  4.42225  2.77519  2.73123  3.46354  2.40513  3.72494  3.29354  2.67741  2.69355  4.24690  2.90347  2.73739  3.18146  2.89801  2.37887  2.77519  2.98518  4.58477  3.61503
          0.02462  4.11222  4.83457  0.61958  0.77255  0.59535  0.80156
     14   2.76881  4.52297  3.60283  3.19400  3.58902  3.57164  4.13371  2.87997  3.07197  1.66321  3.61621  3.53934  1.68212  3.46514  3.36469  2.98620  3.09069  2.73609  5.17487  3.90056     15 l - - -
          2.68618  4.42225  2.77519  2.73123  3.46354  2.40513  3.72494  3.29354  2.67741  2.69355  4.24690  2.90347  2.73739  3.18146  2.89801  2.37887  2.77519  2.98518  4.58477  3.61503
          0.02462  4.11222  4.83457  0.61958  0.77255  0.59535  0.80156
     15   3.04710  5.65456  1.25903  1.50873  4.93758  3.27480  3.84467  4.47157  2.89341  3.96081  4.82394  2.73409  3.91236  3.01476  3.51043  2.91589  3.34140  4.03416  6.10602  4.58237     16 d - - -
          2.68618  4.42225  2.77519  2.73123  3.46354  2.40513  3.72494  3.29354  2.67741  2.69355  4.24690  2.90347  2.73739  3.18146  2.89801  2.37887  2.77519  2.98518  4.58477  3.61503
          0.02462  4.11222  4.83457  0.61958  0.77255  0.59535  0.80156
     16   3.18074  5.32059  2.61725  0.72666  4.70031  3.44486  4.06164  4.20336  2.97430  3.78475  4.75556  3.09759  4.06305  3.27694  3.40284  3.14281  3.48919  3.86508  5.82622  4.55763     17 e - - -
          2.68624  4.42231  2.77526  2.73130  3.46360  2.40483  3.72501  3.29360  2.67747  2.69361  4.24696  2.90353  2.73746  3.18153  2.89807  2.37893  2.77526  2.98525  4.58162  3.61509
          0.24507  1.56352  4.83457  0.67010  0.71673  0.59535  0.80156
     17   3.29601  5.10502  3.81304  3.28212  4.52154  3.72907  4.02675  4.08579  2.37275  3.55827  4.55790  3.62046  4.22518  3.24017  0.66692  3.37220  3.54892  3.80075  5.51031  4.40308     20 R - - -
          2.68618  4.42225  2.77519  2.73123  3.46354  2.40513  3.72494  3.29354  2.67741  2.69355  4.24690  2.90347  2.73739  3.18146  2.89801  2.37887  2.77519  2.98518  4.58477  3.61503
          0.02462  4.11222  4.83457  0.61958  0.77255  0.59535  0.80156
     18   2.93002  5.26577  2.75887  1.76994  4.63453  3.47070  3.69850  4.05219  1.42944  3.54183  4.37678  2.96483  3.94447  2.83625  2.60403  2.88473  3.15641  3.68288  5.64823  4.33202     21 k - - -
          2.68618  4.42225  2.77519  2.73123  3.46354  2.40513  3.72494  3.29354  2.67741  2.69355  4.24690  2.90347  2.73739  3.18146  2.89801  2.37887  2.77519  2.98518  4.58477  3.61503
          0.02462  4.11222  4.83457  0.61958  0.77255  0.59535  0.80156
     19   2.76113  4.80636  1.59414  2.55692  4.10636  3.41045  3.91405  3.14312  2.84730  3.07748  4.04739  3.06599  3.95243  3.11910  3.31187  2.83791  3.06005  1.94989  5.51475  4.15930     22 d - - -
          2.68621  4.42228  2.77523  2.73126  3.46357  2.40516  3.72498  3.29357  2.67744  2.69358  4.24693  2.90350  2.73743  3.18149  2.89744  2.37890  2.77523  2.98521  4.58480  3.61506
          0.76030  1.56352  1.12987  0.24345  1.53211  0.42287  1.06468
     20   3.77361  5.58194  2.44849  3.68609  4.59139  4.29860  5.00695  3.95666  4.11809  3.45623  0.43145  4.14890  4.91208  4.34372  4.48749  3.91810  4.12038  3.83167  6.17814  4.88046     24 M - - -
          2.68618  4.42225  2.77519  2.73123  3.46354  2.40513  3.72494  3.29354  2.67741  2.69355  4.24690  2.90347  2.73739  3.18146  2.89801  2.37887  2.77519  2.98518  4.58477  3.61503
          0.00925  5.08373  5.80608  0.61958  0.77255  0.79744  0.59871
     21   4.84875  6.06748  6.79557  6.30036  3.40444  6.15518  6.39848  3.36735  6.14549  2.50005  0.29601  6.39782  6.24171  5.95855  6.05474  5.60837  5.08618  2.79038  6.33350  5.14435     25 M - - -
          2.68618  4.42225  2.77519  2.73123  3.46354  2.40513  3.72494  3.29354  2.67741  2.69355  4.24690  2.90347  2.73739  3.18146  2.89801  2.37887  2.77519  2.98518  4.58477  3.61503
          0.00490  5.71631  6.43865  0.61958  0.77255  0.79744  0.59871
     22   3.22559  4.79016  4.78781  3.20372  2.90391  3.98643  4.72289  3.23818  4.07926  1.28685  3.90512  4.40439  4.18365  4.29768  4.25655  1.23478  3.54804  2.79844  4.76227  3.73173     26 s - - -
          2.68618  4.42225  2.77519  2.73123  3.46354  2.40513  3.72494  3.29354  2.67741  2.69355  4.24690  2.90347  2.73739  3.18146  2.89801  2.37887  2.77519  2.98518  4.58477  3.61503
          0.00490  5.71677  6.43911  0.61958  0.77255  0.79744  0.59871
     23   4.42033  6.51986  4.78991  4.08976  6.19976  4.92117  4.77838  5.46099  0.32060  4.77735  5.66188  2.80168  5.28599  3.90325  2.89135  4.38463  3.29127  5.12433  6.71915  5.63512     27 K - - -
          2.68618  4.42225  2.77519  2.73123  3.46354  2.40513  3.72494  3.29354  2.67741  2.69355  4.24690  2.90347  2.73739  3.18146  2.89801  2.37887  2.77519  2.98518  4.58477  3.61503
          0.00490  5.71677  6.43911  0.61958  0.77255  0.79744  0.59871
     24   4.34493  5.62377  6.32417  5.71509  3.77071  5.61634  5.91235  2.61446  5.53327  0.63845  1.50233  5.79207  5.78522  5.47499  5.47622  4.96445  4.10903  2.73483  4.42261  5.07396     28 L - - -
          2.68618  4.42225  2.77519  2.73123  3.46354  2.40513  3.72494  3.29354  2.67741  2.69355  4.24690  2.90347  2.73739  3.18146  2.89801  2.37887  2.77519  2.98518  4.58477  3.61503
          0.00478  5.74061  6.46296  0.61958  0.77255  0.79744  0.59871
     25   3.74427  5.73387  4.38443  3.71452  5.86772  0.28909  5.40578  5.29818  4.14046  4.90752  5.74295  4.50709  5.09913  4.63176  3.24154  3.31598  4.20560  3.58897  7.07886  5.86269     29 G - - -
          2.68618  4.42225  2.77519  2.73123  3.46354  2.40513  3.72494  3.29354  2.67741  2.69355  4.24690  2.90347  2.73739  3.18146  2.89801  2.37887  2.77519  2.98518  4.58477  3.61503
          0.00471  5.75533  6.47768  0.61958  0.77255  0.79744  0.59871
     26   2.66501  4.39830  5.72638  5.16619  4.33036  4.95955  5.46752  2.61968  4.99537  3.23577  3.53266  5.17254  5.34500  5.16121  5.04842  3.09506  3.99094  0.44745  5.96586  4.77820     30 V - - -
          2.68619  4.42227  2.77521  2.73125  3.46355  2.40514  3.72496  3.29356  2.67742  2.69356  4.24691  2.90348  2.73741  3.18148  2.89802  2.37888  2.77521  2.98520  4.58312  3.61505
          0.03640  3.79588  4.32109  0.34366  1.23501  0.79744  0.59871
     27   3.31891  4.82969  5.41761  4.80791  3.52584  3.58476  4.98246  3.14722  4.59918  1.13337  2.72695  4.80114  4.99716  4.72966  4.61241  3.64424  3.69349  1.09006  5.46854  4.29624     32 v - - -
          2.68618  4.42225  2.77520  2.73123  3.46354  2.40513  3.72495  3.29354  2.67741  2.69355  4.24675  2.90347  2.73740  3.18146  2.89801  2.37887  2.77520  2.98518  4.58477  3.61503
          0.00707  5.19590  6.49760  0.56094  0.84553  0.73928  0.64905
     28   3.51221  5.76118  6.40151  5.83967  3.60861  5.66975  6.10072  3.41675  5.67115  0.24517  3.98573  5.91244  4.41202  5.62241  5.63516  5.05140  4.69081  3.04838  6.26910  5.23498     34 L - - -
          2.68618  4.42225  2.77519  2.73123  3.46354  2.40513  3.72494  3.29354  2.67741  2.69355  4.24690  2.90347  2.73739  3.18146  2.89801  2.37887  2.77519  2.98518  4.58477  3.61503
          0.00454  5.79265  6.51500  0.61958  0.77255  0.79744  0.59871
     29   3.21757  3.78517  5.33805  4.72390  1.25593  4.55478  4.88863  2.59968  4.51172  2.03981  3.88109  4.71354  4.48430  4.64526  4.52442  3.58797  1.45087  2.82555  5.38573  4.00879     35 f - - -
          2.68618  4.42225  2.77519  2.73123  3.46354  2.40513  3.72494  3.29354  2.67741  2.69355  4.24690  2.90347  2.73739  3.18146  2.89801  2.37887  2.77519  2.98518  4.58477  3.61503
          0.00452  5.79826  6.52060  0.61958  0.77255  0.79744  0.59871
     30   3.31085  4.99195  5.55347  4.96498  4.14682  4.85610  3.85455  0.65664  4.77923  2.70453  4.12247  5.00035  5.20913  4.94230  4.83016  4.17973  1.99574  2.31516  5.74059  4.55755     36 I - - -
          2.68618  4.42225  2.77519  2.73123  3.46354  2.40513  3.72494  3.29354  2.67741  2.69355  4.24690  2.90347  2.73739  3.18146  2.89801  2.37887  2.77519  2.98518  4.58477  3.61503
          0.00452  5.79826  6.52060  0.61958  0.77255  0.79744  0.59871
     31   3.40500  1.40573  5.37173  4.75800  1.28578  4.08397  4.90274  2.92328  4.54245  2.23982  3.89214  4.73817  4.93823  4.67157  4.54898  3.70655  3.63739  2.37507  5.38878  3.43967     37 f - - -
          2.68618  4.42225  2.77519  2.73123  3.46354  2.40513  3.72494  3.29354  2.67741  2.69355  4.24690  2.90347  2.73739  3.18146  2.89801  2.37887  2.77519  2.98518  4.58477  3.61503
          0.00452  5.79826  6.52060  0.61958  0.77255  0.79744  0.59871
     32   3.73855  2.27873  5.66705  5.05528  4.05813  4.91083  5.24969  3.37875  4.82780  0.48175  3.29110  5.06913  4.62827  4.45159  4.35003  4.22999  3.97081  3.01118  5.70791  4.55932     38 L - - -
          2.68618  4.42225  2.77519  2.73123  3.46354  2.40513  3.72494  3.29354  2.67741  2.69355  4.24690  2.90347  2.73739  3.18146  2.89801  2.37887  2.77519  2.98518  4.58477  3.61503
          0.00395  5.93298  6.65533  0.61958  0.77255  0.33092  1.26678
     33   4.44620  2.26222  6.49097  5.92961  2.96442  5.82794  6.24164  2.98594  5.78004  1.06755  4.33812  6.00190  6.04454  5.83279  5.78709  5.19445  4.67870  0.96411  6.50426  5.40228     39 v - - -
          2.68618  4.42225  2.77519  2.73123  3.46354  2.40513  3.72494  3.29354  2.67741  2.69355  4.24690  2.90347  2.73739  3.18146  2.89801  2.37887  2.77519  2.98518  4.58477  3.61503
          0.00373  5.98919  6.71154  0.61958  0.77255  0.48576  0.95510
     34   4.72548  5.98110  6.69763  6.08885  2.14959  6.01998  6.29536  2.67925  5.91564  0.36939  3.42560  6.19695  4.56431  4.65090  5.83976  5.37901  4.92948  3.63382  6.40116  5.41119     40 L - - -
          2.68618  4.42225  2.77519  2.73123  3.46354  2.40513  3.72494  3.29354  2.67741  2.69355  4.24690  2.90347  2.73739  3.18146  2.89801  2.37887  2.77519  2.98518  4.58477  3.61503
          0.00373  5.98919  6.71154  0.61958  0.77255  0.48576  0.95510
     35   3.86081  4.66993  5.81965  5.21488  0.67359  5.04154  5.30446  3.31179  5.00369  1.84258  3.61905  5.19566  5.36831  5.08967  4.99439  4.08289  4.08892  3.07335  2.33265  4.47165     41 F - - -
          2.68618  4.42225  2.77519  2.73123  3.46354  2.40513  3.72494  3.29354  2.67741  2.69355  4.24690  2.90347  2.73739  3.18146  2.89801  2.37887  2.77519  2.98518  4.58477  3.61503
          0.00863  5.98919  5.10102  0.61958  0.77255  0.48576  0.95510
     36   3.06699  5.65735  5.37757  5.12571  6.00144  4.46935  4.30746  4.54580  5.11718  5.13098  5.93837  5.05139  0.28229  5.37473  5.34180  2.62045  3.39977  4.80815  7.35823  6.20783     42 P - - -
          2.68618  4.42225  2.77519  2.73123  3.46354  2.40513  3.72494  3.29354  2.67741  2.69355  4.24690  2.90347  2.73739  3.18146  2.89801  2.37887  2.77519  2.98518  4.58477  3.61503
          0.00375  5.98430  6.70665  0.61958  0.77255  0.46372  0.99139
     37   2.15276  4.92119  5.47638  4.86353  3.81370  4.71023  4.13537  2.43370  4.65537  0.62927  3.21267  4.86314  4.68067  4.79023  4.67376  3.60200  3.77508  3.08668  5.54109  4.36664     43 L - - -
          2.68618  4.42225  2.77519  2.73123  3.46354  2.40513  3.72494  3.29354  2.67741  2.69355  4.24690  2.90347  2.73739  3.18146  2.89801  2.37887  2.77519  2.98518  4.58477  3.61503
          0.00373  5.98919  6.71154  0.61958  0.77255  0.48576  0.95510
     38   1.17926  2.33742  4.80202  3.90331  3.98929  4.52091  4.92261  3.59816  4.14847  3.33616  4.24608  3.83638  3.93594  4.39972  4.39560  3.32698  1.44489  2.44798  5.73661  4.53533     44 a - - -
          2.68618  4.42225  2.77519  2.73123  3.46354  2.40513  3.72494  3.29354  2.67741  2.69355  4.24690  2.90347  2.73739  3.18146  2.89801  2.37887  2.77519  2.98518  4.58477  3.61503
          0.00384  5.96003  6.68237  0.61958  0.77255  0.48576  0.95510
     39   1.95597  5.05866  4.09183  3.52821  4.23150  3.82348  4.50068  3.59842  3.48262  3.30118  3.99010  3.94840  3.44726  3.79885  2.76188  3.39417  1.16629  3.12061  2.23292  4.41318     45 t - - -
          2.68618  4.42225  2.77519  2.73123  3.46354  2.40513  3.72494  3.29354  2.67741  2.69355  4.24690  2.90347  2.73739  3.18146  2.89801  2.37887  2.77519  2.98518  4.58477  3.61503
          0.07320  5.68267  2.70032  0.61958  0.77255  0.48576  0.95510
     40   3.13644  4.57285  4.77899  4.18563  2.99664  1.78066  4.58701  3.00899  4.03226  1.17069  3.68817  4.31734  3.79908  4.22532  3.52418  3.56030  3.14378  2.14893  5.19282  4.00814     46 l - - -
          2.68618  4.42225  2.77519  2.73123  3.46354  2.40513  3.72494  3.29354  2.67741  2.69355  4.24690  2.90347  2.73739  3.18146  2.89801  2.37887  2.77519  2.98518  4.58477  3.61503
          0.05312  5.40838  3.05214  0.61958  0.77255  0.79744  0.59871
     41   3.05878  1.95920  3.52534  2.88601  4.37451  3.89626  3.44987  3.77395  2.84353  2.97110  4.23455  3.45804  3.43033  1.27887  3.11392  3.12160  3.28669  3.47809  5.65796  4.35808     47 q - - -
          2.68618  4.42225  2.77519  2.73123  3.46354  2.40513  3.72494  3.29354  2.67741  2.69355  4.24690  2.90347  2.73739  3.18146  2.89801  2.37887  2.77519  2.98518  4.58477  3.61503
          0.00813  5.21192  5.93426  0.61958  0.77255  0.92849  0.50277
     42   4.19674  5.40754  6.18006  5.68428  3.92479  5.63379  6.15281  2.62528  5.55105  0.63786  3.67141  5.85601  5.75260  5.53145  5.55569  5.08435  4.43890  1.27434  6.17184  5.14622     48 L - - -
          2.68631  4.41142  2.77533  2.73136  3.46367  2.40526  3.72508  3.29367  2.67754  2.69368  4.24703  2.90360  2.73753  3.18159  2.89814  2.37900  2.77533  2.98531  4.58490  3.61516
          0.33464  1.26731  5.87230  0.08628  2.49299  0.65782  0.72977
     43   3.59592  1.61269  0.94258  2.14668  5.45890  3.92380  4.45971  4.97037  3.46689  4.47436  5.31093  2.93119  4.53556  3.62213  4.06124  3.49618  3.88682  4.53836  6.64352  5.14711     50 d - - -
          2.68618  4.42225  2.77519  2.73123  3.46354  2.40513  3.72494  3.29354  2.67741  2.69355  4.24690  2.90347  2.73739  3.18146  2.89801  2.37887  2.77519  2.98518  4.58477  3.61503
          0.00845  5.17405  5.89640  0.61958  0.77255  0.79744  0.59871
     44   0.87462  4.94694  4.37392  4.06049  4.39129  2.36133  4.90968  4.11718  4.09060  3.81271  4.70370  4.19472  4.57525  4.34992  4.35993  3.31860  3.55541  3.72815  5.88240  1.49102     51 a - - -
          2.68618  4.42225  2.77519  2.73123  3.46354  2.40513  3.72494  3.29354  2.67741  2.69355  4.24690  2.90347  2.73739  3.18146  2.89801  2.37887  2.77519  2.98518  4.58477  3.61503
          0.00569  5.17130        *  0.61958  0.77255  0.00000        *
//
HMMER3/f [3.4 | Aug 2023]
NAME  N
LENG  24
ALPH  amino
RF    no
MM    no
CONS  yes
CS    no
MAP   yes
DATE  Fri Jul  5 22:01:37 2024
NSEQ  4
EFFN  2.386719
CKSUM 3805863252
STATS LOCAL MSV       -7.0261  0.72021
STATS LOCAL VITERBI   -6.8508  0.72021
STATS LOCAL FORWARD   -4.6986  0.72021
HMM          A        C        D        E        F        G        H        I        K        L        M        N        P        Q        R        S        T        V        W        Y   
            m->m     m->i     m->d     i->m     i->i     d->m     d->d
  COMPO   2.78736  5.28282  2.91925  4.21199  3.04743  2.93801  5.15709  2.84358  3.49641  1.26450  2.19603  4.46702  3.09523  4.59840  4.47331  2.66791  2.55796  3.25298  5.84186  4.65169
          2.68618  4.42225  2.77519  2.73123  3.46354  2.40513  3.72494  3.29354  2.67741  2.69355  4.24690  2.90347  2.73739  3.18146  2.89801  2.37887  2.77519  2.98518  4.58477  3.61503
          0.01290  4.75270  5.47504  0.61958  0.77255  0.00000        *
      1   3.97482  5.41293  5.19027  4.93951  3.99568  4.63534  5.47549  3.28945  4.66560  2.52152  0.34794  5.08727  5.16487  5.01170  4.74803  4.37116  4.33357  3.38734  5.88069  4.70922      1 M - - -
          2.68618  4.42225  2.77519  2.73123  3.46354  2.40513  3.72494  3.29354  2.67741  2.69355  4.24690  2.90347  2.73739  3.18146  2.89801  2.37887  2.77519  2.98518  4.58477  3.61503
          0.01290  4.75270  5.47504  0.61958  0.77255  0.48576  0.95510
      2   3.01046  4.90433  4.28048  4.21963  5.15438  3.63180  5.24166  4.84876  4.36570  4.51380  5.39972  4.21574  4.44881  4.63603  4.55153  0.29596  3.56344  4.15703  6.44668  5.27357      2 S - - -
          2.68618  4.42225  2.77519  2.73123  3.46354  2.40513  3.72494  3.29354  2.67741  2.69355  4.24690  2.90347  2.73739  3.18146  2.89801  2.37887  2.77519  2.98518  4.58477  3.61503
          0.01290  4.75270  5.47504  0.61958  0.77255  0.48576  0.95510
      3   3.19781  5.01943  4.55537  4.44789  5.09880  3.80814  5.34882  4.38218  4.41777  4.19624  5.23353  4.42530  4.59576  4.76677  4.56784  3.41381  0.28418  3.94432  6.41099  5.33348      3 T - - -
          2.68618  4.42225  2.77519  2.73123  3.46354  2.40513  3.72494  3.29354  2.67741  2.69355  4.24690  2.90347  2.73739  3.18146  2.89801  2.37887  2.77519  2.98518  4.58477  3.61503
          0.01290  4.75270  5.47504  0.61958  0.77255  0.48576  0.95510
      4   4.31389  5.55650  5.60228  5.31600  3.73784  5.10001  5.73226  3.03707  5.10395  0.25683  3.60568  5.53211  5.43341  5.23448  5.10736  4.91084  4.58816  3.28435  5.84058  4.74678      4 L - - -
          2.68618  4.42225  2.77519  2.73123  3.46354  2.40513  3.72494  3.29354  2.67741  2.69355  4.24690  2.90347  2.73739  3.18146  2.89801  2.37887  2.77519  2.98518  4.58477  3.61503
          0.01290  4.75270  5.47504  0.61958  0.77255  0.48576  0.95510
      5   3.37977  5.48717  3.55923  3.20363  5.19609  1.75428  4.29120  4.64016  0.76496  4.11008  4.96632  3.63897  4.44655  3.44904  3.00668  3.40428  3.67223  4.21759  6.11551  4.92455      5 k - - -
          2.68618  4.42225  2.77519  2.73123  3.46354  2.40513  3.72494  3.29354  2.67741  2.69355  4.24690  2.90347  2.73739  3.18146  2.89801  2.37887  2.77519  2.98518  4.58477  3.61503
          0.01290  4.75270  5.47504  0.61958  0.77255  0.48576  0.95510
      6   3.97482  5.41293  5.19027  4.93951  3.99568  4.63534  5.47549  3.28945  4.66560  2.52152  0.34794  5.08727  5.16487  5.01170  4.74803  4.37116  4.33357  3.38734  5.88069  4.70922      6 M - - -
          2.68618  4.42225  2.77519  2.73123  3.46354  2.40513  3.72494  3.29354  2.67741  2.69355  4.24690  2.90347  2.73739  3.18146  2.89801  2.37887  2.77519  2.98518  4.58477  3.61503
          0.01290  4.75270  5.47504  0.61958  0.77255  0.48576  0.95510
      7   3.97482  5.41293  5.19027  4.93951  3.99568  4.63534  5.47549  3.28945  4.66560  2.52152  0.34794  5.08727  5.16487  5.01170  4.74803  4.37116  4.33357  3.38734  5.88069  4.70922      7 M - - -
          2.68618  4.42225  2.77519  2.73123  3.46354  2.40513  3.72494  3.29354  2.67741  2.69355  4.24690  2.90347  2.73739  3.18146  2.89801  2.37887  2.77519  2.98518  4.58477  3.61503
          0.01290  4.75270  5.47504  0.61958  0.77255  0.48576  0.95510
      8   4.31389  5.55650  5.60228  5.31600  3.73784  5.10001  5.73226  3.03707  5.10395  0.25683  3.60568  5.53211  5.43341  5.23448  5.10736  4.91084  4.58816  3.28435  5.84058  4.74678      8 L - - -
          2.68618  4.42225  2.77519  2.73123  3.46354  2.40513  3.72494  3.29354  2.67741  2.69355  4.24690  2.90347  2.73739  3.18146  2.89801  2.37887  2.77519  2.98518  4.58477  3.61503
          0.01290  4.75270  5.47504  0.61958  0.77255  0.48576  0.95510
      9   4.31389  5.55650  5.60228  5.31600  3.73784  5.10001  5.73226  3.03707  5.10395  0.25683  3.60568  5.53211  5.43341  5.23448  5.10736  4.91084  4.58816  3.28435  5.84058  4.74678      9 L - - -
          2.68618  4.42225  2.77519  2.73123  3.46354  2.40513  3.72494  3.29354  2.67741  2.69355  4.24690  2.90347  2.73739  3.18146  2.89801  2.37887  2.77519  2.98518  4.58477  3.61503
          0.01290  4.75270  5.47504  0.61958  0.77255  0.48576  0.95510
     10   3.83430  5.10417  5.47419  5.18264  4.15667  4.95473  5.83656  0.38427  5.04861  2.63276  4.02603  5.33252  5.37219  5.34887  5.16146  4.61595  4.14168  2.25523  6.16632  4.94973     10 I - - -
          2.68618  4.42225  2.77519  2.73123  3.46354  2.40513  3.72494  3.29354  2.67741  2.69355  4.24690  2.90347  2.73739  3.18146  2.89801  2.37887  2.77519  2.98518  4.58477  3.61503
          0.01290  4.75270  5.47504  0.61958  0.77255  0.48576  0.95510
     11   4.31389  5.55650  5.60228  5.31600  3.73784  5.10001  5.73226  3.03707  5.10395  0.25683  3.60568  5.53211  5.43341  5.23448  5.10736  4.91084  4.58816  3.28435  5.84058  4.74678     11 L - - -
          2.68618  4.42225  2.77519  2.73123  3.46354  2.40513  3.72494  3.29354  2.67741  2.69355  4.24690  2.90347  2.73739  3.18146  2.89801  2.37887  2.77519  2.98518  4.58477  3.61503
          0.01290  4.75270  5.47504  0.61958  0.77255  0.48576  0.95510
     12   4.31389  5.55650  5.60228  5.31600  3.73784  5.10001  5.73226  3.03707  5.10395  0.25683  3.60568  5.53211  5.43341  5.23448  5.10736  4.91084  4.58816  3.28435  5.84058  4.74678     12 L - - -
          2.68618  4.42225  2.77519  2.73123  3.46354  2.40513  3.72494  3.29354  2.67741  2.69355  4.24690  2.90347  2.73739  3.18146  2.89801  2.37887  2.77519  2.98518  4.58477  3.61503
          0.01290  4.75270  5.47504  0.61958  0.77255  0.48576  0.95510
     13   4.31389  5.55650  5.60228  5.31600  3.73784  5.10001  5.73226  3.03707  5.10395  0.25683  3.60568  5.53211  5.43341  5.23448  5.10736  4.91084  4.58816  3.28435  5.84058  4.74678     13 L - - -
          2.68618  4.42225  2.77519  2.73123  3.46354  2.40513  3.72494  3.29354  2.67741  2.69355  4.24690  2.90347  2.73739  3.18146  2.89801  2.37887  2.77519  2.98518  4.58477  3.61503
          0.01290  4.75270  5.47504  0.61958  0.77255  0.48576  0.95510
     14   4.31389  5.55650  5.60228  5.31600  3.73784  5.10001  5.73226  3.03707  5.10395  0.25683  3.60568  5.53211  5.43341  5.23448  5.10736  4.91084  4.58816  3.28435  5.84058  4.74678     14 L - - -
          2.68618  4.42225  2.77519  2.73123  3.46354  2.40513  3.72494  3.29354  2.67741  2.69355  4.24690  2.90347  2.73739  3.18146  2.89801  2.37887  2.77519  2.98518  4.58477  3.61503
          0.01290  4.75270  5.47504  0.61958  0.77255  0.48576  0.95510
     15   3.80012  5.05783  5.66099  5.15219  3.60826  5.14952  5.62307  2.38164  4.99480  0.68630  3.38119  5.32560  5.33015  5.05068  5.04075  4.56887  4.04471  1.48588  5.77365  4.71039     15 L - - -
          2.68618  4.42225  2.77519  2.73123  3.46354  2.40513  3.72494  3.29354  2.67741  2.69355  4.24690  2.90347  2.73739  3.18146  2.89801  2.37887  2.77519  2.98518  4.58477  3.61503
          0.01290  4.75270  5.47504  0.61958  0.77255  0.48576  0.95510
     16   4.27818  5.79697  4.96902  4.96700  5.77838  4.44115  5.88582  5.66131  5.11821  5.12846  6.25993  5.16553  0.11706  5.46574  5.18889  4.48738  4.78643  5.18455  6.62804  5.93138     16 P - - -
          2.68618  4.42225  2.77519  2.73123  3.46354  2.40513  3.72494  3.29354  2.67741  2.69355  4.24690  2.90347  2.73739  3.18146  2.89801  2.37887  2.77519  2.98518  4.58477  3.61503
          0.01290  4.75270  5.47504  0.61958  0.77255  0.48576  0.95510
     17   4.11787  5.33386  5.89593  5.33558  3.40274  5.45051  5.71001  2.65567  5.14018  0.77977  1.23790  5.58547  5.45181  5.04741  5.10895  4.86998  4.31900  2.95747  5.67428  4.71661     17 l - - -
          2.68618  4.42225  2.77519  2.73123  3.46354  2.40513  3.72494  3.29354  2.67741  2.69355  4.24690  2.90347  2.73739  3.18146  2.89801  2.37887  2.77519  2.98518  4.58477  3.61503
          0.01290  4.75270  5.47504  0.61958  0.77255  0.48576  0.95510
     18   0.26388  4.90008  4.62992  4.55464  5.20272  3.68873  5.42292  4.50123  4.60211  4.32319  5.29875  4.39919  4.50766  4.85475  4.72187  3.26843  3.60665  3.96532  6.50532  5.46097     18 A - - -
          2.68618  4.42225  2.77519  2.73123  3.46354  2.40513  3.72494  3.29354  2.67741  2.69355  4.24690  2.90347  2.73739  3.18146  2.89801  2.37887  2.77519  2.98518  4.58477  3.61503
          0.01290  4.75270  5.47504  0.61958  0.77255  0.48576  0.95510
     19   3.19781  5.01943  4.55537  4.44789  5.09880  3.80814  5.34882  4.38218  4.41777  4.19624  5.23353  4.42530  4.59576  4.76677  4.56784  3.41381  0.28418  3.94432  6.41099  5.33348     19 T - - -
          2.68618  4.42225  2.77519  2.73123  3.46354  2.40513  3.72494  3.29354  2.67741  2.69355  4.24690  2.90347  2.73739  3.18146  2.89801  2.37887  2.77519  2.98518  4.58477  3.61503
          0.01290  4.75270  5.47504  0.61958  0.77255  0.48576  0.95510
     20   4.60452  5.75501  5.48277  5.41295  0.24193  4.93457  4.58820  4.13513  5.33030  3.32193  4.75678  5.13974  5.41716  5.27424  5.23387  4.77617  4.92663  4.17539  4.69977  3.00944     20 F - - -
          2.68618  4.42225  2.77519  2.73123  3.46354  2.40513  3.72494  3.29354  2.67741  2.69355  4.24690  2.90347  2.73739  3.18146  2.89801  2.37887  2.77519  2.98518  4.58477  3.61503
          0.01290  4.75270  5.47504  0.61958  0.77255  0.48576  0.95510
     21   1.66428  5.54611  0.77822  2.75470  5.25927  3.63179  4.41021  4.71800  3.49089  4.32318  5.19732  3.29606  4.31917  3.60425  4.06739  3.24827  3.64996  4.23569  6.48971  5.04967     21 d - - -
          2.68618  4.42225  2.77519  2.73123  3.46354  2.40513  3.72494  3.29354  2.67741  2.69355  4.24690  2.90347  2.73739  3.18146  2.89801  2.37887  2.77519  2.98518  4.58477  3.61503
          0.24484  4.75270  1.56762  0.61958  0.77255  0.48576  0.95510
     22   2.77952  4.68488  3.94327  3.84023  4.83431  3.41067  4.89849  4.47568  3.96516  4.15577  5.04960  3.91092  4.20972  4.26094  4.18989  0.42172  3.31492  3.84960  6.15350  4.93896     22 S - - -
          2.68618  4.42225  2.77519  2.73123  3.46354  2.40513  3.72494  3.29354  2.67741  2.69355  4.24690  2.90347  2.73739  3.18146  2.89801  2.37887  2.77519  2.98518  4.58477  3.61503
          0.01624  4.52410  5.24644  0.61958  0.77255  0.85731  0.55217
     23   3.85083  5.93232  0.31191  2.99022  5.43528  3.85578  4.70039  5.20777  3.93099  4.70440  5.74085  3.56452  4.55215  3.96975  4.50128  3.76858  4.21557  4.78839  6.44922  5.25807     23 D - - -
          2.68618  4.42225  2.77519  2.73123  3.46354  2.40513  3.72494  3.29354  2.67741  2.69355  4.24690  2.90347  2.73739  3.18146  2.89801  2.37887  2.77519  2.98518  4.58477  3.61503
          0.01624  4.52410  5.24644  0.61958  0.77255  0.85731  0.55217
     24   3.66460  5.32728  4.46301  4.46040  5.50100  0.18614  5.48782  5.30893  4.72412  4.85453  5.86829  4.63063  4.73007  4.99782  4.84251  3.86141  4.19159  4.71174  6.37661  5.64039     24 G - - -
          2.68545  4.42236  2.77531  2.73135  3.46365  2.40524  3.72506  3.29365  2.67752  2.69366  4.24701  2.90358  2.73751  3.18019  2.89812  2.37898  2.77531  2.98530  4.58488  3.61514
          0.27027  1.44044        *  0.67799  0.70854  0.00000        *
//
HMMER3/f [3.4 | Aug 2023]
NAME  O1
LENG  26
ALPH  amino
RF    no
MM    no
CONS  yes
CS    no
MAP   yes
DATE  Fri Jul  5 22:01:45 2024
NSEQ  661
EFFN  21.279064
CKSUM 233386465
STATS LOCAL MSV       -6.6642  0.72009
STATS LOCAL VITERBI   -7.0836  0.72009
STATS LOCAL FORWARD   -4.5100  0.72009
HMM          A        C        D        E        F        G        H        I        K        L        M        N        P        Q        R        S        T        V        W        Y   
            m->m     m->i     m->d     i->m     i->i     d->m     d->d
  COMPO   2.21288  3.14010  3.46968  3.69799  3.12571  3.76033  4.80558  2.58379  3.07691  1.80438  2.95482  3.97216  4.06461  3.54848  4.07131  3.03773  2.21809  2.19917  4.63751  3.98172
          2.68635  4.42242  2.77536  2.73140  3.46371  2.40530  3.72511  3.29371  2.67671  2.69372  4.23935  2.90364  2.73756  3.18163  2.89818  2.37904  2.77536  2.98535  4.58494  3.61520
          0.65488  1.00385  2.17127  0.45712  1.00268  0.00000        *
      1   4.89931  6.53573  6.91192  6.68241  5.16022  5.73617  6.98464  4.54982  6.34456  2.79769  0.16326  6.40994  6.37938  6.49068  6.33011  3.40689  5.36084  4.73185  7.25773  6.07108      3 M - - -
          2.68618  4.42225  2.77519  2.73123  3.46354  2.40513  3.72494  3.29354  2.67741  2.69355  4.24690  2.90347  2.73739  3.18146  2.89801  2.37887  2.77519  2.98518  4.58477  3.61503
          0.00239  6.43556  7.15790  0.61958  0.77255  0.69467  0.69162
      2   5.20299  3.42091  6.16073  5.09997  7.02776  5.70189  5.51184  6.21964  0.18633  5.50839  6.41708  3.46993  6.06288  4.64007  3.31347  5.20921  4.03453  5.88461  7.41644  6.41692      4 K - - -
          2.68618  4.42225  2.77519  2.73123  3.46354  2.40513  3.72494  3.29354  2.67741  2.69355  4.24690  2.90347  2.73739  3.18146  2.89801  2.37887  2.77519  2.98518  4.58477  3.61503
          0.01686  6.44220  4.19156  0.61958  0.77255  0.69467  0.69162
      3   5.41817  6.63299  7.34927  6.71287  4.75026  6.74840  6.97178  4.05738  6.31109  0.16924  3.50252  6.89730  6.75451  4.44242  4.22083  6.14664  5.60899  2.98765  6.98539  6.06445      5 L - - -
          2.68618  4.42225  2.77519  2.73123  3.46354  2.40513  3.72494  3.29354  2.67741  2.69355  4.24690  2.90347  2.73739  3.18146  2.89801  2.37887  2.77519  2.98518  4.58477  3.61503
          0.00240  6.42813  7.15048  0.61958  0.77255  0.82472  0.57689
      4   3.70151  6.00260  6.51879  6.32811  6.32531  3.32875  6.78603  4.22911  6.17597  5.45917  3.93185  5.74578  5.74141  6.29020  6.18939  3.35069  0.17763  5.11683  7.75886  6.66890      6 T - - -
          2.68618  4.42225  2.77519  2.73123  3.46354  2.40513  3.72494  3.29354  2.67741  2.69355  4.24690  2.90347  2.73739  3.18146  2.89801  2.37887  2.77519  2.98518  4.58477  3.61503
          0.02428  6.43143  3.79948  0.61958  0.77255  0.82472  0.57689
      5   3.38724  0.43588  5.77986  5.17020  3.02884  4.45981  5.35140  3.67262  4.96263  3.42980  4.35862  5.16641  5.37811  5.10089  4.43111  3.67651  3.56236  3.12254  4.92529  3.34793      7 C - - -
          2.68618  4.42225  2.77519  2.73123  3.46354  2.40513  3.72494  3.29354  2.67741  2.69355  4.24690  2.90347  2.73739  3.18146  2.89801  2.37887  2.77519  2.98518  4.58477  3.61503
          0.00244  6.41114  7.13349  0.61958  0.77255  0.88750  0.53049
      6   2.61248  6.33530  7.33000  6.87795  5.70652  6.85402  7.65187  2.78667  6.84484  3.24418  1.77241  7.02991  7.03629  7.08116  6.99876  6.30611  5.42114  0.45362  7.88399  6.67880      8 V - - -
          2.68618  4.42225  2.77519  2.73123  3.46354  2.40513  3.72494  3.29354  2.67741  2.69355  4.24690  2.90347  2.73739  3.18146  2.89801  2.37887  2.77519  2.98518  4.58477  3.61503
          0.00779  6.60811  5.04995  0.61958  0.77255  0.95005  0.48894
      7   3.87763  5.45181  6.06464  5.44984  3.77943  5.26304  5.59859  2.90339  4.68899  0.70467  1.80773  5.43051  4.59380  5.35641  5.23578  4.18607  4.31646  1.88682  6.07583  4.90611      9 l - - -
          2.68618  4.42225  2.77519  2.73123  3.46354  2.40513  3.72494  3.29354  2.67741  2.69355  4.24690  2.90347  2.73739  3.18146  2.89801  2.37887  2.77519  2.98518  4.58477  3.61503
          0.00202  6.60306  7.32541  0.61958  0.77255  0.87601  0.53861
      8   3.90109  6.25932  7.20082  6.71978  4.16754  6.66623  7.34227  0.29916  6.64984  3.31007  3.37730  6.83722  6.88335  6.86414  6.77016  6.08603  4.46810  2.07930  7.64814  6.44775     10 I - - -
          2.68618  4.42225  2.77519  2.73123  3.46354  2.40513  3.72494  3.29354  2.67741  2.69355  4.24690  2.90347  2.73739  3.18146  2.89801  2.37887  2.77519  2.98518  4.58477  3.61503
          0.00200  6.61068  7.33303  0.61958  0.77255  0.95005  0.48894
      9   3.30433  6.13715  7.02653  4.29483  4.36958  6.43932  7.04764  1.21103  6.42536  3.17122  5.35026  6.60782  6.70384  6.65019  6.53230  5.83369  4.49111  0.57408  7.44356  6.22180     11 V - - -
          2.68618  4.42225  2.77519  2.73123  3.46354  2.40513  3.72494  3.29354  2.67741  2.69355  4.24690  2.90347  2.73739  3.18146  2.89801  2.37887  2.77519  2.98518  4.58477  3.61503
          0.00200  6.61068  7.33303  0.61958  0.77255  0.68416  0.70221
     10   0.32106  5.69250  6.07450  5.54942  4.99301  4.26594  5.89257  3.82425  5.38323  2.80186  5.00877  4.60494  5.68498  5.54490  5.45744  3.60530  3.04337  3.10259  6.50751  5.33461     12 A - - -
          2.68618  4.42225  2.77519  2.73123  3.46354  2.40513  3.72494  3.29354  2.67741  2.69355  4.24690  2.90347  2.73739  3.18146  2.89801  2.37887  2.77519  2.98518  4.58477  3.61503
          0.00196  6.63220  7.35455  0.61958  0.77255  0.82472  0.57689
     11   3.61524  6.15620  6.95421  4.30222  5.31610  6.31381  6.84106  3.56537  6.29168  2.29923  2.83829  6.49568  6.58983  6.45087  6.35330  5.69284  5.14728  0.29951  7.20799  6.04467     13 V - - -
          2.68618  4.42225  2.77519  2.73123  3.46354  2.40513  3.72494  3.29354  2.67741  2.69355  4.24690  2.90347  2.73739  3.18146  2.89801  2.37887  2.77519  2.98518  4.58477  3.61503
          0.00196  6.63220  7.35455  0.61958  0.77255  0.57928  0.82167
     12   6.16594  7.27957  8.11531  7.59331  5.03192  7.56772  7.92602  4.36361  7.46612  0.08438  3.84044  7.93875  3.86658  7.01379  7.23922  7.14000  6.35900  4.84167  7.47976  6.68358     14 L - - -
          2.68618  4.42225  2.77519  2.73123  3.46354  2.40513  3.72494  3.29354  2.67741  2.69355  4.24690  2.90347  2.73739  3.18146  2.89801  2.37887  2.77519  2.98518  4.58477  3.61503
          0.00194  6.64400  7.36635  0.61958  0.77255  0.69467  0.69162
     13   4.20432  4.08590  6.19088  5.58165  0.50219  5.39213  5.73691  3.20287  5.36955  1.95006  4.61630  5.56377  4.51024  5.49048  5.37269  3.95821  4.43814  2.41977  6.20437  5.03107     15 F - - -
          2.68618  4.42225  2.77519  2.73123  3.46354  2.40513  3.72494  3.29354  2.67741  2.69355  4.24690  2.90347  2.73739  3.18146  2.89801  2.37887  2.77519  2.98518  4.58477  3.61503
          0.00194  6.64430  7.36664  0.61958  0.77255  0.69467  0.69162
     14   5.97399  7.14391  7.96852  7.45718  3.69603  7.30746  7.52412  4.34380  7.34474  0.09960  4.75808  7.62076  7.24518  6.92860  7.13844  4.19486  6.19232  3.93899  7.26804  6.19832     16 L - - -
          2.68618  4.42225  2.77519  2.73123  3.46354  2.40513  3.72494  3.29354  2.67741  2.69355  4.24690  2.90347  2.73739  3.18146  2.89801  2.37887  2.77519  2.98518  4.58477  3.61503
          0.00194  6.64430  7.36664  0.61958  0.77255  0.69467  0.69162
     15   2.49766  5.76762  6.19165  5.68653  5.12740  5.15793  6.02162  3.57096  5.51530  4.21671  3.34543  5.57961  3.05434  5.67140  5.57974  3.74002  0.36134  3.54845  6.64403  5.47458     17 T - - -
          2.68618  4.42225  2.77519  2.73123  3.46354  2.40513  3.72494  3.29354  2.67741  2.69355  4.24690  2.90347  2.73739  3.18146  2.89801  2.37887  2.77519  2.98518  4.58477  3.61503
          0.01704  6.64645  4.16064  0.61958  0.77255  0.69467  0.69162
     16   0.39573  5.49688  4.59367  5.15054  3.26906  4.31302  5.54682  3.98308  5.00670  3.73620  4.65899  5.24755  3.89028  5.18971  5.11950  4.44210  3.66026  2.47223  6.15518  3.45593     18 A - - -
          2.68618  4.42225  2.77519  2.73123  3.46354  2.40513  3.72494  3.29354  2.67741  2.69355  4.24690  2.90347  2.73739  3.18146  2.89801  2.37887  2.77519  2.98518  4.58477  3.61503
          0.00657  6.60944  5.25880  0.61958  0.77255  0.53159  0.88593
     17   4.14788  0.74849  5.72242  5.15964  4.74263  2.94133  5.60914  4.19878  4.95633  3.63271  4.86062  4.25378  5.62888  5.21826  4.27916  2.33825  4.42237  3.98918  1.61489  4.03511     19 c - - -
          2.68618  4.42225  2.77519  2.73123  3.46354  2.40513  3.72494  3.29354  2.67741  2.69355  4.24690  2.90347  2.73739  3.18146  2.89801  2.37887  2.77519  2.98518  4.58477  3.61503
          0.00195  6.63698  7.35933  0.61958  0.77255  0.73087  0.65680
     18   3.77525  6.36239  2.88301  2.85362  5.70434  4.63125  3.67319  3.91561  3.55639  4.66625  5.40406  3.82308  4.24867  0.77128  3.51970  3.82199  1.67989  3.97644  6.79672  5.38740     20 q - - -
          2.68618  4.42225  2.77519  2.73123  3.46354  2.40513  3.72494  3.29354  2.67741  2.69355  4.24690  2.90347  2.73739  3.18146  2.89801  2.37887  2.77519  2.98518  4.58477  3.61503
          0.00201  6.60711  7.32946  0.61958  0.77255  0.73087  0.65680
     19   3.56493  5.60923  6.22311  5.61310  1.36300  5.43425  4.62035  3.37958  5.40056  0.59249  4.52404  5.60011  5.77000  5.49922  5.39568  4.27321  4.48183  3.20882  6.17747  4.99775     21 L - - -
          2.68618  4.42225  2.77519  2.73123  3.46354  2.40513  3.72494  3.29354  2.67741  2.69355  4.24690  2.90347  2.73739  3.18146  2.89801  2.37887  2.77519  2.98518  4.58477  3.61503
          0.00211  6.55674  7.27909  0.61958  0.77255  0.43279  1.04610
     20   2.38528  5.42934  4.07907  5.27566  4.55047  5.20996  5.55751  0.94066  5.09851  3.13166  4.55921  3.19925  5.57500  5.25999  5.16120  4.32317  2.05128  1.58922  6.09372  4.91223     22 i - - -
          2.68618  4.42225  2.77519  2.73123  3.46354  2.40513  3.72494  3.29354  2.67741  2.69355  4.24690  2.90347  2.73739  3.18146  2.89801  2.37887  2.77519  2.98518  4.58477  3.61503
          0.00215  6.53939  7.26173  0.61958  0.77255  0.44878  1.01724
     21   2.48924  5.39324  4.61242  4.60852  4.50731  3.98162  5.24375  2.75927  4.18073  3.45413  3.23385  4.87031  3.77808  4.75408  4.73894  3.53289  0.53087  3.43864  6.00466  4.80564     23 T - - -
          2.68618  4.42225  2.77519  2.73123  3.46354  2.40513  3.72494  3.29354  2.67741  2.69355  4.24690  2.90347  2.73739  3.18146  2.89801  2.37887  2.77519  2.98518  4.58477  3.61503
          0.00230  6.47352  7.19586  0.61958  0.77255  0.48576  0.95510
     22   0.47911  5.10940  5.08779  4.72700  5.19125  4.01792  5.49760  4.54575  4.65029  2.92113  5.14731  4.60902  4.79146  4.88052  4.85545  2.38105  2.27188  4.05941  6.61096  5.45583     24 A - - -
          2.68618  4.42225  2.77519  2.73123  3.46354  2.40513  3.72494  3.29354  2.67741  2.69355  4.24690  2.90347  2.73739  3.18146  2.89801  2.37887  2.77519  2.98518  4.58477  3.61503
          0.00622  5.47818  6.20053  0.61958  0.77255  0.48576  0.95510
     23   2.15640  6.09250  1.00382  1.75598  5.41069  3.88891  4.34028  4.93578  3.27368  4.39760  5.19429  2.83651  4.45543  3.47945  3.84971  2.56619  3.75242  4.47909  6.53664  5.04021     25 d - - -
          2.68618  4.42225  2.77519  2.73123  3.46354  2.40513  3.72494  3.29354  2.67741  2.69355  4.24690  2.90347  2.73739  3.18146  2.89801  2.37887  2.77519  2.98518  4.58477  3.61503
          0.00840  5.17962  5.90196  0.61958  0.77255  0.48576  0.95510
     24   2.44520  5.19913  2.09012  2.71622  4.46481  3.43213  3.93664  3.89609  2.71947  2.87698  4.26857  2.99186  4.12526  3.07100  3.19286  2.06324  2.56377  3.54787  5.69067  2.22473     26 s - - -
          2.68618  4.42225  2.77519  2.73123  3.46354  2.40513  3.72494  3.29354  2.67741  2.69355  4.24690  2.90347  2.73739  3.18146  2.89801  2.37887  2.77519  2.98518  4.58477  3.61503
          0.00930  5.07860  5.80094  0.61958  0.77255  0.48576  0.95510
     25   2.79206  4.40066  3.92888  3.37895  3.47191  3.79786  4.12193  2.21004  3.29545  2.62368  3.54621  3.68846  4.20814  3.57595  3.57372  1.86000  2.70966  2.65898  4.97200  1.83398     27 y - - -
          2.68618  4.42225  2.77519  2.73123  3.46354  2.40513  3.72494  3.29354  2.67741  2.69355  4.24690  2.90347  2.73739  3.18146  2.89801  2.37887  2.77519  2.98518  4.58477  3.61503
          0.34027  4.67248  1.27628  0.61958  0.77255  0.48576  0.95510
     26   2.26041  4.17630  3.10244  2.91716  3.94969  2.90889  4.02818  3.45709  2.98176  3.18936  4.13017  3.15971  3.63810  3.34264  3.26845  1.30320  2.73178  3.02097  5.33383  4.03360     28 s - - -
          2.68636  4.42293  2.77533  2.73191  3.46422  2.40543  3.72421  3.29422  2.67660  2.69322  4.24520  2.90352  2.73807  3.18132  2.89622  2.37881  2.77478  2.98586  4.58545  3.61571
          0.38064  1.15019        *  2.66139  0.07241  0.00000        *
//
HMMER3/f [3.4 | Aug 2023]
NAME  O2
LENG  21
ALPH  amino
RF    no
MM    no
CONS  yes
CS    no
MAP   yes
DATE  Fri Jul  5 22:01:50 2024
NSEQ  165
EFFN  14.549789
CKSUM 4128600365
STATS LOCAL MSV       -6.3749  0.72039
STATS LOCAL VITERBI   -6.3188  0.72039
STATS LOCAL FORWARD   -4.5106  0.72039
HMM          A        C        D        E        F        G        H        I        K        L        M        N        P        Q        R        S        T        V        W        Y   
            m->m     m->i     m->d     i->m     i->i     d->m     d->d
  COMPO   2.12891  5.94492  5.29153  3.45789  4.54695  4.17788  4.97931  2.48256  3.01170  1.36270  2.56918  5.04766  5.30422  2.96552  4.68935  3.31635  2.32998  2.02231  6.35036  5.52864
          2.68618  4.42225  2.77519  2.73123  3.46354  2.40513  3.72494  3.29354  2.67741  2.69355  4.24690  2.90347  2.73739  3.18146  2.89801  2.37887  2.77519  2.98518  4.58477  3.61503
          0.03311  6.31251  3.48188  0.61958  0.77255  0.00000        *
      1   6.68448  7.76419  7.43947  7.47251  6.91031  6.50766  7.90444  6.65372  7.49212  5.66845  0.01720  7.61674  7.15040  7.76596  7.33697  7.03245  7.13600  6.76019  8.18465  7.42396      1 M - - -
          2.68618  4.42225  2.77519  2.73123  3.46354  2.40513  3.72494  3.29354  2.67741  2.69355  4.24690  2.90347  2.73739  3.18146  2.89801  2.37887  2.77519  2.98518  4.58477  3.61503
          0.02443  6.28218  3.80489  0.61958  0.77255  0.37561  1.16113
      2   3.79738  7.05089  3.86590  0.55392  6.40673  2.05023  5.26026  5.91276  2.73418  5.34721  6.15946  4.30065  5.40995  2.17653  4.54576  4.36119  4.72831  5.46180  7.45372  5.99887      2 E - - -
          2.68618  4.42225  2.77519  2.73123  3.46354  2.40513  3.72494  3.29354  2.67741  2.69355  4.24690  2.90347  2.73739  3.18146  2.89801  2.37887  2.77519  2.98518  4.58477  3.61503
          0.00276  6.28900  7.01135  0.61958  0.77255  0.40144  1.10671
      3   5.41038  7.29296  6.17803  5.06840  7.10978  5.77453  5.40095  6.24142  0.13953  5.46587  6.40384  3.69823  6.06702  4.52769  3.02520  5.36120  5.43039  5.96831  7.32801  6.36827      3 K - - -
          2.68618  4.42225  2.77519  2.73123  3.46354  2.40513  3.72494  3.29354  2.67741  2.69355  4.24690  2.90347  2.73739  3.18146  2.89801  2.37887  2.77519  2.98518  4.58477  3.61503
          0.00270  6.30999  7.03233  0.61958  0.77255  0.51177  0.91488
      4   6.64843  7.58840  7.63170  7.52088  5.76663  6.82334  7.88789  5.18339  7.54391  0.02665  5.57694  7.81851  7.22912  7.44200  7.32680  7.38210  6.90927  5.61072  7.80667  7.02092      4 L - - -
          2.68618  4.42225  2.77519  2.73123  3.46354  2.40513  3.72494  3.29354  2.67741  2.69355  4.24690  2.90347  2.73739  3.18146  2.89801  2.37887  2.77519  2.98518  4.58477  3.61503
          0.00270  6.30999  7.03233  0.61958  0.77255  0.46984  0.98111
      5   3.25631  5.99654  6.59428  6.52546  6.33118  4.95681  7.01987  2.45344  6.36860  5.09995  6.19324  5.84666  5.80185  6.49647  6.34358  4.46122  0.20323  4.38910  7.98090  6.89450      5 T - - -
          2.68618  4.42225  2.77519  2.73123  3.46354  2.40513  3.72494  3.29354  2.67741  2.69355  4.24690  2.90347  2.73739  3.18146  2.89801  2.37887  2.77519  2.98518  4.58477  3.61503
          0.00270  6.31251  7.03485  0.61958  0.77255  0.48576  0.95510
      6   3.73826  5.50156  6.20415  5.62495  3.48288  5.46160  5.87194  0.40709  5.44194  3.59889  2.99034  5.63274  5.79862  5.59469  5.47333  3.61538  3.81517  2.20586  6.33798  5.15268      6 I - - -
          2.68618  4.42225  2.77519  2.73123  3.46354  2.40513  3.72494  3.29354  2.67741  2.69355  4.24690  2.90347  2.73739  3.18146  2.89801  2.37887  2.77519  2.98518  4.58477  3.61503
          0.00270  6.31251  7.03485  0.61958  0.77255  0.48576  0.95510
      7   6.09475  7.29063  7.33884  6.93985  5.38012  6.65520  7.26377  4.80466  6.07645  0.07178  5.19544  7.14500  6.99367  6.62787  3.55633  6.65107  6.35170  5.21123  7.48838  6.52940      7 L - - -
          2.68618  4.42225  2.77519  2.73123  3.46354  2.40513  3.72494  3.29354  2.67741  2.69355  4.24690  2.90347  2.73739  3.18146  2.89801  2.37887  2.77519  2.98518  4.58477  3.61503
          0.00270  6.31251  7.03485  0.61958  0.77255  0.48576  0.95510
      8   4.99578  6.21642  7.03891  6.47588  3.50440  6.41971  6.80707  1.42475  6.33966  0.69033  4.54433  6.59849  6.53939  6.29397  4.40184  5.80531  5.21734  1.75697  6.91758  5.89594      8 L - - -
          2.68618  4.42225  2.77519  2.73123  3.46354  2.40513  3.72494  3.29354  2.67741  2.69355  4.24690  2.90347  2.73739  3.18146  2.89801  2.37887  2.77519  2.98518  4.58477  3.61503
          0.00270  6.31251  7.03485  0.61958  0.77255  0.48576  0.95510
      9   5.79295  6.87816  7.65884  7.13316  3.62244  7.21255  4.28038  3.25528  6.99857  0.13013  4.45327  7.29411  6.99125  6.58420  6.79113  6.68051  5.95758  4.49741  6.75895  5.51978      9 L - - -
          2.68618  4.42225  2.77519  2.73123  3.46354  2.40513  3.72494  3.29354  2.67741  2.69355  4.24690  2.90347  2.73739  3.18146  2.89801  2.37887  2.77519  2.98518  4.58477  3.61503
          0.00270  6.31251  7.03485  0.61958  0.77255  0.48576  0.95510
     10   3.18633  5.86123  6.68671  6.18382  5.20204  6.04749  4.43556  2.85107  6.05001  3.21604  5.03369  6.24559  6.35297  6.27165  6.14545  5.44161  4.86668  0.21995  7.07034  5.85102     10 V - - -
          2.68618  4.42225  2.77519  2.73123  3.46354  2.40513  3.72494  3.29354  2.67741  2.69355  4.24690  2.90347  2.73739  3.18146  2.89801  2.37887  2.77519  2.98518  4.58477  3.61503
          0.00270  6.31251  7.03485  0.61958  0.77255  0.48576  0.95510
     11   0.13023  5.98003  6.67862  6.70757  6.83992  4.80396  7.08714  5.96762  6.53655  5.94877  6.76191  5.77525  5.69130  6.56847  6.43436  4.31024  3.17754  3.39184  8.24085  7.25425     11 A - - -
          2.68618  4.42225  2.77519  2.73123  3.46354  2.40513  3.72494  3.29354  2.67741  2.69355  4.24690  2.90347  2.73739  3.18146  2.89801  2.37887  2.77519  2.98518  4.58477  3.61503
          0.00270  6.31251  7.03485  0.61958  0.77255  0.48576  0.95510
     12   0.38931  5.91279  6.59758  6.39752  6.02652  4.96611  6.81706  3.63900  6.23100  4.86800  5.91161  5.80337  5.77405  6.34325  6.22398  4.45357  1.63209  3.02267  7.64940  6.53317     12 A - - -
          2.68618  4.42225  2.77519  2.73123  3.46354  2.40513  3.72494  3.29354  2.67741  2.69355  4.24690  2.90347  2.73739  3.18146  2.89801  2.37887  2.77519  2.98518  4.58477  3.61503
          0.00270  6.31251  7.03485  0.61958  0.77255  0.48576  0.95510
     13   2.21397  6.08483  7.12109  6.69955  5.60004  6.68448  7.64866  2.34486  6.70090  2.50760  5.27666  6.87006  6.86487  7.00349  6.90673  6.16552  5.19134  0.37988  7.86519  6.60888     13 V - - -
          2.68618  4.42225  2.77519  2.73123  3.46354  2.40513  3.72494  3.29354  2.67741  2.69355  4.24690  2.90347  2.73739  3.18146  2.89801  2.37887  2.77519  2.98518  4.58477  3.61503
          0.00270  6.31251  7.03485  0.61958  0.77255  0.48576  0.95510
     14   5.81505  6.92362  7.78334  7.28166  4.76714  7.23467  7.63270  3.99449  7.19043  0.10518  4.47671  7.61280  7.06375  6.75059  6.97649  6.83327  6.01589  3.09904  7.20357  6.37149     14 L - - -
          2.68618  4.42225  2.77519  2.73123  3.46354  2.40513  3.72494  3.29354  2.67741  2.69355  4.24690  2.90347  2.73739  3.18146  2.89801  2.37887  2.77519  2.98518  4.58477  3.61503
          0.00270  6.31251  7.03485  0.61958  0.77255  0.48576  0.95510
     15   5.22146  6.41652  7.24705  6.67084  4.72392  6.65384  6.98680  3.02935  6.53989  0.76203  1.15362  6.84187  6.67620  6.38169  6.46043  6.05412  3.03103  2.42700  6.96002  6.01580     15 l - - -
          2.68618  4.42225  2.77519  2.73123  3.46354  2.40513  3.72494  3.29354  2.67741  2.69355  4.24690  2.90347  2.73739  3.18146  2.89801  2.37887  2.77519  2.98518  4.58477  3.61503
          0.00270  6.31251  7.03485  0.61958  0.77255  0.48576  0.95510
     16   2.56018  5.30832  5.47060  4.90132  4.47634  4.86691  5.34825  3.82028  4.75597  2.16399  3.87968  5.00949  5.31192  4.95649  4.89189  0.60431  2.32644  3.61726  4.51228  4.80816     16 S - - -
          2.68618  4.42225  2.77519  2.73123  3.46354  2.40513  3.72494  3.29354  2.67741  2.69355  4.24690  2.90347  2.73739  3.18146  2.89801  2.37887  2.77519  2.98518  4.58477  3.61503
          0.00270  6.31251  7.03485  0.61958  0.77255  0.48576  0.95510
     17   2.63373  5.97697  6.64001  6.50147  6.11299  5.05704  6.99261  1.48615  6.35546  4.82536  5.95045  5.90556  5.86799  6.48811  6.34889  4.55494  0.45247  4.03204  7.83456  6.71550     17 T - - -
          2.68618  4.42225  2.77519  2.73123  3.46354  2.40513  3.72494  3.29354  2.67741  2.69355  4.24690  2.90347  2.73739  3.18146  2.89801  2.37887  2.77519  2.98518  4.58477  3.61503
          0.00269  6.31611  7.03846  0.61958  0.77255  0.48576  0.95510
     18   5.87610  7.64343  5.40217  5.32020  6.27332  5.92175  2.74598  7.09341  4.92581  6.31623  7.40105  5.75146  6.52727  0.11827  5.11061  5.84532  6.16676  6.72761  7.52776  6.11861     18 Q - - -
          2.68618  4.42225  2.77519  2.73123  3.46354  2.40513  3.72494  3.29354  2.67741  2.69355  4.24690  2.90347  2.73739  3.18146  2.89801  2.37887  2.77519  2.98518  4.58477  3.61503
          0.00269  6.31611  7.03846  0.61958  0.77255  0.48576  0.95510
     19   0.90420  5.43281  6.06108  5.49664  3.54180  4.03344  5.73280  2.93405  5.30688  3.63828  4.63096  5.45588  5.62192  5.45325  5.33552  4.55045  3.44099  0.98796  6.23757  5.05682     19 a - - -
          2.68618  4.42225  2.77519  2.73123  3.46354  2.40513  3.72494  3.29354  2.67741  2.69355  4.24690  2.90347  2.73739  3.18146  2.89801  2.37887  2.77519  2.98518  4.58477  3.61503
          0.47805  6.31611  0.97233  0.61958  0.77255  0.48576  0.95510
     20   4.73065  5.96579  6.70900  6.12024  4.24301  6.06803  6.39456  3.43255  5.96123  0.67551  1.30488  6.26355  6.14700  5.83004  5.88832  5.45213  2.60312  2.84772  6.43100  5.47427     20 L - - -
          2.68618  4.42225  2.77519  2.73123  3.46354  2.40513  3.72494  3.29354  2.67741  2.69355  4.24690  2.90347  2.73739  3.18146  2.89801  2.37887  2.77519  2.98518  4.58477  3.61503
          0.05144  5.84238  3.05250  0.61958  0.77255  2.08867  0.13222
     21   2.25137  4.87205  5.41272  4.81226  4.00054  2.76493  5.04446  1.79491  4.62015  2.69051  3.72559  4.15599  5.05024  4.77085  4.65932  4.00506  3.51901  0.88072  5.55469  4.37422     21 v - - -
          2.68734  4.42341  2.77636  2.73240  3.46470  2.40136  3.72611  3.29470  2.67831  2.69471  4.24806  2.90463  2.73856  3.17087  2.89878  2.37799  2.77636  2.98635  4.58593  3.61619
          1.13602  0.38727        *  0.63615  0.75359  0.00000        *
//
HMMER3/f [3.4 | Aug 2023]
NAME  O3
LENG  20
ALPH  amino
RF    no
MM    no
CONS  yes
CS    no
MAP   yes
DATE  Fri Jul  5 22:01:54 2024
NSEQ  54
EFFN  6.904907
CKSUM 1008082897
STATS LOCAL MSV       -6.2043  0.72046
STATS LOCAL VITERBI   -6.3220  0.72046
STATS LOCAL FORWARD   -4.1354  0.72046
HMM          A        C        D        E        F        G        H        I        K        L        M        N        P        Q        R        S        T        V        W        Y   
            m->m     m->i     m->d     i->m     i->i     d->m     d->d
  COMPO   3.26242  5.68050  5.02957  4.23498  3.35343  2.44419  5.70210  2.87878  4.83861  1.24834  2.07031  4.82171  4.76885  5.15030  4.32634  2.29410  2.38918  2.32256  6.33753  4.95929
          2.68618  4.42225  2.77519  2.73123  3.46354  2.40513  3.72494  3.29354  2.67741  2.69355  4.24690  2.90347  2.73739  3.18146  2.89801  2.37887  2.77519  2.98518  4.58477  3.61503
          0.00541  5.61810  6.34045  0.61958  0.77255  0.00000        *
      1   5.47382  6.76336  6.51863  6.46793  5.53620  5.68199  6.89982  5.04582  6.32389  4.13119  0.06351  6.55790  6.30047  6.62078  6.26798  5.83901  5.90366  5.19079  7.18873  6.18373      1 M - - -
          2.68618  4.42225  2.77519  2.73123  3.46354  2.40513  3.72494  3.29354  2.67741  2.69355  4.24690  2.90347  2.73739  3.18146  2.89801  2.37887  2.77519  2.98518  4.58477  3.61503
          0.00541  5.61810  6.34045  0.61958  0.77255  0.48576  0.95510
      2   4.08435  5.92499  5.68449  5.73526  6.42144  4.66029  6.56767  6.28039  5.92176  5.87273  6.73811  5.48017  5.50185  6.08930  5.94774  0.07913  4.67092  5.40000  7.55211  6.59936      2 S - - -
          2.68618  4.42225  2.77519  2.73123  3.46354  2.40513  3.72494  3.29354  2.67741  2.69355  4.24690  2.90347  2.73739  3.18146  2.89801  2.37887  2.77519  2.98518  4.58477  3.61503
          0.00541  5.61810  6.34045  0.61958  0.77255  0.48576  0.95510
      3   4.70142  6.44148  5.59385  5.43863  6.75877  0.19990  6.27334  6.52497  4.85021  5.94451  6.89014  5.57925  5.80714  5.60423  2.13515  4.87334  5.19503  5.85560  7.51425  6.74517      3 G - - -
          2.68618  4.42225  2.77519  2.73123  3.46354  2.40513  3.72494  3.29354  2.67741  2.69355  4.24690  2.90347  2.73739  3.18146  2.89801  2.37887  2.77519  2.98518  4.58477  3.61503
          0.00541  5.61810  6.34045  0.61958  0.77255  0.48576  0.95510
      4   5.60773  6.67930  6.81576  6.63040  4.75591  6.10839  6.97470  4.13361  6.54670  0.07455  4.57359  6.88336  6.44720  6.47247  6.39893  6.31989  5.87102  4.51610  6.89092  5.96540      4 L - - -
          2.68618  4.42225  2.77519  2.73123  3.46354  2.40513  3.72494  3.29354  2.67741  2.69355  4.24690  2.90347  2.73739  3.18146  2.89801  2.37887  2.77519  2.98518  4.58477  3.61503
          0.00541  5.61810  6.34045  0.61958  0.77255  0.48576  0.95510
      5   4.30902  6.39663  3.96101  3.15424  6.40582  0.22381  5.42107  5.96385  4.14131  5.41807  6.32887  4.42848  5.32414  4.63416  3.29638  4.32737  4.71812  5.40484  7.35604  6.15098      5 G - - -
          2.68618  4.42225  2.77519  2.73123  3.46354  2.40513  3.72494  3.29354  2.67741  2.69355  4.24690  2.90347  2.73739  3.18146  2.89801  2.37887  2.77519  2.98518  4.58477  3.61503
          0.00541  5.61810  6.34045  0.61958  0.77255  0.48576  0.95510
      6   4.03612  5.31639  6.03829  5.48065  2.13920  5.37139  5.76690  0.52719  5.32165  2.76303  3.37966  5.53769  5.63255  5.41190  5.34737  4.73126  2.86192  2.80102  6.08679  4.91859      6 I - - -
          2.68618  4.42225  2.77519  2.73123  3.46354  2.40513  3.72494  3.29354  2.67741  2.69355  4.24690  2.90347  2.73739  3.18146  2.89801  2.37887  2.77519  2.98518  4.58477  3.61503
          0.00541  5.61810  6.34045  0.61958  0.77255  0.48576  0.95510
      7   4.99102  6.21542  6.72845  6.30997  4.18435  6.11847  6.55263  3.48396  5.98784  2.15045  0.25632  6.47453  6.25323  5.95485  5.92477  5.71665  5.24344  3.80289  6.45179  5.37719      7 M - - -
          2.68618  4.42225  2.77519  2.73123  3.46354  2.40513  3.72494  3.29354  2.67741  2.69355  4.24690  2.90347  2.73739  3.18146  2.89801  2.37887  2.77519  2.98518  4.58477  3.61503
          0.00541  5.61810  6.34045  0.61958  0.77255  0.48576  0.95510
      8   4.41807  5.61371  6.53065  6.14159  4.80516  5.98279  6.92602  2.67964  6.07806  2.30009  4.54383  6.27322  6.23200  6.30582  6.21786  5.50219  4.70059  0.27097  7.06170  5.84433      8 V - - -
          2.68618  4.42225  2.77519  2.73123  3.46354  2.40513  3.72494  3.29354  2.67741  2.69355  4.24690  2.90347  2.73739  3.18146  2.89801  2.37887  2.77519  2.98518  4.58477  3.61503
          0.00541  5.61810  6.34045  0.61958  0.77255  0.48576  0.95510
      9   5.04274  6.19705  6.98304  6.49335  4.14505  6.42171  6.84448  3.32726  6.35270  0.18048  3.87015  6.75599  6.35260  6.04817  6.20480  5.96638  5.26088  2.86215  6.53796  5.64338      9 L - - -
          2.68618  4.42225  2.77519  2.73123  3.46354  2.40513  3.72494  3.29354  2.67741  2.69355  4.24690  2.90347  2.73739  3.18146  2.89801  2.37887  2.77519  2.98518  4.58477  3.61503
          0.00541  5.61810  6.34045  0.61958  0.77255  0.48576  0.95510
     10   2.34462  5.37174  5.66843  5.66499  6.16125  4.17240  6.30418  5.51419  5.62096  5.31847  6.12195  5.05708  5.04912  5.74624  5.61972  3.68737  0.21980  4.70096  7.51608  6.49828     10 T - - -
          2.68618  4.42225  2.77519  2.73123  3.46354  2.40513  3.72494  3.29354  2.67741  2.69355  4.24690  2.90347  2.73739  3.18146  2.89801  2.37887  2.77519  2.98518  4.58477  3.61503
          0.00541  5.61810  6.34045  0.61958  0.77255  0.48576  0.95510
     11   5.27277  6.34306  7.08804  6.60782  3.03185  6.64276  6.50062  3.47073  6.49848  0.16856  3.86926  6.81877  6.43357  6.05460  6.27657  6.21174  5.44466  3.91157  6.25236  5.05848     11 L - - -
          2.68618  4.42225  2.77519  2.73123  3.46354  2.40513  3.72494  3.29354  2.67741  2.69355  4.24690  2.90347  2.73739  3.18146  2.89801  2.37887  2.77519  2.98518  4.58477  3.61503
          0.00541  5.61810  6.34045  0.61958  0.77255  0.48576  0.95510
     12   5.60773  6.67930  6.81576  6.63040  4.75591  6.10839  6.97470  4.13361  6.54670  0.07455  4.57359  6.88336  6.44720  6.47247  6.39893  6.31989  5.87102  4.51610  6.89092  5.96540     12 L - - -
          2.68618  4.42225  2.77519  2.73123  3.46354  2.40513  3.72494  3.29354  2.67741  2.69355  4.24690  2.90347  2.73739  3.18146  2.89801  2.37887  2.77519  2.98518  4.58477  3.61503
          0.00541  5.61810  6.34045  0.61958  0.77255  0.48576  0.95510
     13   5.60773  6.67930  6.81576  6.63040  4.75591  6.10839  6.97470  4.13361  6.54670  0.07455  4.57359  6.88336  6.44720  6.47247  6.39893  6.31989  5.87102  4.51610  6.89092  5.96540     13 L - - -
          2.68618  4.42225  2.77519  2.73123  3.46354  2.40513  3.72494  3.29354  2.67741  2.69355  4.24690  2.90347  2.73739  3.18146  2.89801  2.37887  2.77519  2.98518  4.58477  3.61503
          0.00541  5.61810  6.34045  0.61958  0.77255  0.48576  0.95510
     14   5.27271  6.33921  7.07772  6.60172  2.53844  6.63889  6.39842  3.48066  6.49060  0.20658  3.87618  6.77177  6.42890  6.04105  6.26555  6.18873  5.44227  3.92181  6.17942  4.92680     14 L - - -
          2.68618  4.42225  2.77519  2.73123  3.46354  2.40513  3.72494  3.29354  2.67741  2.69355  4.24690  2.90347  2.73739  3.18146  2.89801  2.37887  2.77519  2.98518  4.58477  3.61503
          0.00541  5.61810  6.34045  0.61958  0.77255  0.48576  0.95510
     15   4.14115  5.42845  6.26616  5.84204  4.83353  5.53061  6.50801  2.66325  5.72983  3.29191  3.01410  5.87451  5.92059  5.98344  5.85803  4.98494  3.40747  0.29170  6.89009  5.68372     15 V - - -
          2.68618  4.42225  2.77519  2.73123  3.46354  2.40513  3.72494  3.29354  2.67741  2.69355  4.24690  2.90347  2.73739  3.18146  2.89801  2.37887  2.77519  2.98518  4.58477  3.61503
          0.00541  5.61810  6.34045  0.61958  0.77255  0.48576  0.95510
     16   3.40515  4.80715  5.13568  4.55032  1.07617  4.53496  4.74483  2.96630  4.37770  2.16145  3.91329  4.60684  2.88987  4.53238  4.45258  1.82591  3.63758  3.05867  5.22413  2.90070     16 f - - -
          2.68618  4.42225  2.77519  2.73123  3.46354  2.40513  3.72494  3.29354  2.67741  2.69355  4.24690  2.90347  2.73739  3.18146  2.89801  2.37887  2.77519  2.98518  4.58477  3.61503
          0.00535  5.62913  6.35148  0.61958  0.77255  0.48576  0.95510
     17   4.96819  6.09595  6.96951  6.40947  4.13558  6.49912  6.77958  2.24998  6.28332  1.98216  0.39653  6.70003  6.33737  5.99849  6.15614  5.96806  5.16011  3.47641  6.51411  5.63346     17 M - - -
          2.68618  4.42225  2.77519  2.73123  3.46354  2.40513  3.72494  3.29354  2.67741  2.69355  4.24690  2.90347  2.73739  3.18146  2.89801  2.37887  2.77519  2.98518  4.58477  3.61503
          0.00535  5.62913  6.35148  0.61958  0.77255  0.48576  0.95510
     18   0.92796  5.27129  4.15720  1.95019  4.74623  4.19368  4.80167  3.93071  3.74079  3.77395  4.65869  4.09825  4.73711  4.05015  4.13281  3.53341  2.37274  1.94580  6.14574  4.88722     18 a - - -
          2.68618  4.42225  2.77519  2.73123  3.46354  2.40513  3.72494  3.29354  2.67741  2.69355  4.24690  2.90347  2.73739  3.18146  2.89801  2.37887  2.77519  2.98518  4.58477  3.61503
          0.03436  5.62913  3.50040  0.61958  0.77255  0.48576  0.95510
     19   2.88535  5.29557  5.57620  5.40239  5.49407  4.22930  6.03641  3.28008  5.25422  4.37932  5.41316  5.00042  5.05104  5.47706  5.33088  3.72281  0.24881  3.89343  7.05357  5.92873     19 T - - -
          2.68618  4.42225  2.77519  2.73123  3.46354  2.40513  3.72494  3.29354  2.67741  2.69355  4.24690  2.90347  2.73739  3.18146  2.89801  2.37887  2.77519  2.98518  4.58477  3.61503
          0.03303  5.58893  3.54892  0.61958  0.77255  0.62592  0.76523
     20   3.56442  5.52117  4.54857  4.58553  6.07681  4.18459  5.86991  5.78804  5.05753  5.41416  6.20419  3.18314  5.03161  5.20985  5.30071  0.19114  4.13332  4.89790  7.38974  6.16861     20 S - - -
          2.68675  4.42282  2.77561  2.73180  3.46411  2.40508  3.71551  3.29411  2.67798  2.69358  4.24747  2.90404  2.73797  3.17656  2.89858  2.37944  2.77577  2.98575  4.58534  3.61560
          0.49361  0.94268        *  0.71447  0.67227  0.00000        *
//
HMMER3/f [3.4 | Aug 2023]
NAME  P
LENG  27
ALPH  amino
RF    no
MM    no
CONS  yes
CS    no
MAP   yes
DATE  Fri Jul  5 22:02:01 2024
NSEQ  17
EFFN  3.747803
CKSUM 1426990828
STATS LOCAL MSV       -7.1049  0.72003
STATS LOCAL VITERBI   -6.9730  0.72003
STATS LOCAL FORWARD   -4.3034  0.72003
HMM          A        C        D        E        F        G        H        I        K        L        M        N        P        Q        R        S        T        V        W        Y   
            m->m     m->i     m->d     i->m     i->i     d->m     d->d
  COMPO   2.18137  5.20527  4.11390  4.31994  2.57571  2.96859  3.30704  3.29093  4.01428  1.47682  2.80450  3.31889  3.71286  3.33191  3.84647  2.48828  3.28458  2.46283  5.31892  4.17172
          2.68618  4.42225  2.77519  2.73123  3.46354  2.40513  3.72494  3.29354  2.67741  2.69355  4.24690  2.90347  2.73739  3.18146  2.89801  2.37887  2.77519  2.98518  4.58477  3.61503
          0.19487  5.10507  1.76614  0.61958  0.77255  0.00000        *
      1   4.24154  5.65864  5.44913  5.24190  4.24743  4.82694  5.74622  3.57473  4.97532  2.77445  0.25472  5.36683  5.37718  5.31359  5.03111  4.63594  4.61562  3.68742  6.11419  4.96254      1 M - - -
          2.68618  4.42225  2.77519  2.73123  3.46354  2.40513  3.72494  3.29354  2.67741  2.69355  4.24690  2.90347  2.73739  3.18146  2.89801  2.37887  2.77519  2.98518  4.58477  3.61503
          0.01089  4.92109  5.64344  0.61958  0.77255  0.90864  0.51596
      2   4.79279  6.20151  4.81211  4.75169  4.65182  4.78386  0.12990  5.71261  4.62368  5.00133  6.20287  5.08259  5.41457  5.16362  4.76813  4.89653  5.17055  5.41617  6.03254  4.59684      2 H - - -
          2.68618  4.42225  2.77519  2.73123  3.46354  2.40513  3.72494  3.29354  2.67741  2.69355  4.24690  2.90347  2.73739  3.18146  2.89801  2.37887  2.77519  2.98518  4.58477  3.61503
          0.01089  4.92109  5.64344  0.61958  0.77255  0.29047  1.37798
      3   3.05351  4.66315  4.13287  3.54552  3.73886  4.06909  4.31423  3.08843  3.33808  1.13351  2.16509  3.88467  3.15984  2.75521  3.00239  3.34083  3.28150  2.91195  5.24097  4.03896      3 l - - -
          2.68618  4.42225  2.77519  2.73123  3.46354  2.40513  3.72494  3.29354  2.67741  2.69355  4.24690  2.90347  2.73739  3.18146  2.89801  2.37887  2.77519  2.98518  4.58477  3.61503
          0.00905  5.10507  5.82742  0.61958  0.77255  0.48576  0.95510
      4   2.97158  4.89957  4.73380  4.59108  5.50776  3.67825  5.49431  4.97572  4.62590  4.68215  5.46808  4.37523  4.52150  4.84309  4.79508  0.47664  1.72103  4.19306  6.84587  5.72535      4 S - - -
          2.68618  4.42225  2.77519  2.73123  3.46354  2.40513  3.72494  3.29354  2.67741  2.69355  4.24690  2.90347  2.73739  3.18146  2.89801  2.37887  2.77519  2.98518  4.58477  3.61503
          0.00905  5.10507  5.82742  0.61958  0.77255  0.48576  0.95510
      5   3.84125  5.30972  5.47074  5.08314  3.88659  4.83127  5.60688  3.03558  4.84586  0.39891  3.70099  5.17184  5.27702  5.03952  4.92059  4.30198  2.42856  3.14917  5.95539  4.87719      5 L - - -
          2.68618  4.42225  2.77519  2.73123  3.46354  2.40513  3.72494  3.29354  2.67741  2.69355  4.24690  2.90347  2.73739  3.18146  2.89801  2.37887  2.77519  2.98518  4.58477  3.61503
          0.00905  5.10507  5.82742  0.61958  0.77255  0.48576  0.95510
      6   0.60396  4.86591  4.96567  4.80438  5.41062  3.68712  5.56516  4.70492  4.76148  4.52170  5.35421  4.45284  4.53213  4.95420  4.88012  3.18267  1.33419  4.04088  6.79353  5.70207      6 A - - -
          2.68618  4.42225  2.77519  2.73123  3.46354  2.40513  3.72494  3.29354  2.67741  2.69355  4.24690  2.90347  2.73739  3.18146  2.89801  2.37887  2.77519  2.98518  4.58477  3.61503
          0.00905  5.10507  5.82742  0.61958  0.77255  0.48576  0.95510
      7   3.29845  5.62805  3.63527  3.03277  5.09588  2.59066  4.08817  4.50495  1.72035  3.94657  4.74209  3.51355  4.39280  3.20113  1.23732  1.97768  3.51033  4.10720  6.01786  4.73934      7 r - - -
          2.68618  4.42225  2.77519  2.73123  3.46354  2.40513  3.72494  3.29354  2.67741  2.69355  4.24690  2.90347  2.73739  3.18146  2.89801  2.37887  2.77519  2.98518  4.58477  3.61503
          0.00905  5.10507  5.82742  0.61958  0.77255  0.48576  0.95510
      8   3.08819  5.02030  4.53153  4.46086  5.60148  3.75773  5.50771  5.17818  4.63979  4.83226  5.62332  4.38059  2.83595  4.85314  4.83469  0.30419  3.65306  4.35588  6.89663  5.76733      8 S - - -
          2.68618  4.42225  2.77519  2.73123  3.46354  2.40513  3.72494  3.29354  2.67741  2.69355  4.24690  2.90347  2.73739  3.18146  2.89801  2.37887  2.77519  2.98518  4.58477  3.61503
          0.00905  5.10507  5.82742  0.61958  0.77255  0.48576  0.95510
      9   0.40395  4.88957  5.12126  4.91572  4.99081  3.85672  5.58911  3.64463  4.82104  3.85950  4.91591  4.59044  4.66180  5.02815  4.92426  3.34871  3.60964  2.15569  6.57441  5.42631      9 A - - -
          2.68618  4.42225  2.77519  2.73123  3.46354  2.40513  3.72494  3.29354  2.67741  2.69355  4.24690  2.90347  2.73739  3.18146  2.89801  2.37887  2.77519  2.98518  4.58477  3.61503
          0.00905  5.10507  5.82742  0.61958  0.77255  0.48576  0.95510
     10   2.06017  4.61373  4.87147  4.34474  3.87836  2.96940  4.82232  2.73718  4.20903  2.05671  3.84491  4.42047  4.67925  4.41538  4.34181  3.56411  3.42802  0.89733  5.45787  4.27124     10 v - - -
          2.68618  4.42225  2.77519  2.73123  3.46354  2.40513  3.72494  3.29354  2.67741  2.69355  4.24690  2.90347  2.73739  3.18146  2.89801  2.37887  2.77519  2.98518  4.58477  3.61503
          0.00905  5.10507  5.82742  0.61958  0.77255  0.48576  0.95510
     11   4.39275  5.60271  6.27549  5.78151  3.74718  5.73361  6.17180  2.82949  5.60958  0.31811  3.49253  5.99156  5.78582  5.48233  5.55361  5.21510  4.62520  2.38485  6.05975  5.09228     11 L - - -
          2.68618  4.42225  2.77519  2.73123  3.46354  2.40513  3.72494  3.29354  2.67741  2.69355  4.24690  2.90347  2.73739  3.18146  2.89801  2.37887  2.77519  2.98518  4.58477  3.61503
          0.00905  5.10507  5.82742  0.61958  0.77255  0.48576  0.95510
     12   4.13425  5.36676  6.04547  5.53518  3.84159  5.51271  5.97101  1.51456  5.35188  2.13561  0.71314  5.70697  5.65125  5.37854  5.36875  4.94791  4.37336  2.70068  6.04839  5.00631     12 m - - -
          2.68618  4.42225  2.77519  2.73123  3.46354  2.40513  3.72494  3.29354  2.67741  2.69355  4.24690  2.90347  2.73739  3.18146  2.89801  2.37887  2.77519  2.98518  4.58477  3.61503
          0.00905  5.10507  5.82742  0.61958  0.77255  0.48576  0.95510
     13   4.38086  5.56203  6.02937  5.59290  2.15460  5.49832  4.94585  3.25128  5.40328  0.45837  3.69647  5.42515  5.61981  5.21221  5.29394  4.88228  4.57931  3.50987  2.96124  3.44181     13 L - - -
          2.68618  4.42225  2.77519  2.73123  3.46354  2.40513  3.72494  3.29354  2.67741  2.69355  4.24690  2.90347  2.73739  3.18146  2.89801  2.37887  2.77519  2.98518  4.58477  3.61503
          0.00905  5.10507  5.82742  0.61958  0.77255  0.48576  0.95510
     14   4.18542  5.40099  6.13226  5.56484  2.35140  5.55307  5.78516  2.80252  5.42282  0.59473  3.45354  5.70901  5.61243  5.29132  5.36015  4.94314  4.39379  1.73898  5.81150  4.73428     14 L - - -
          2.68618  4.42225  2.77519  2.73123  3.46354  2.40513  3.72494  3.29354  2.67741  2.69355  4.24690  2.90347  2.73739  3.18146  2.89801  2.37887  2.77519  2.98518  4.58477  3.61503
          0.00905  5.10507  5.82742  0.61958  0.77255  0.48576  0.95510
     15   4.83909  6.00831  6.12969  5.88674  4.11258  5.53144  6.25291  3.44872  5.71754  0.15586  3.95283  6.10935  5.85267  5.74742  5.65141  5.49584  5.10842  3.76258  6.25085  5.22629     15 L - - -
          2.68618  4.42225  2.77519  2.73123  3.46354  2.40513  3.72494  3.29354  2.67741  2.69355  4.24690  2.90347  2.73739  3.18146  2.89801  2.37887  2.77519  2.98518  4.58477  3.61503
          0.00905  5.10507  5.82742  0.61958  0.77255  0.48576  0.95510
     16   4.83909  6.00831  6.12969  5.88674  4.11258  5.53144  6.25291  3.44872  5.71754  0.15586  3.95283  6.10935  5.85267  5.74742  5.65141  5.49584  5.10842  3.76258  6.25085  5.22629     16 L - - -
          2.68618  4.42225  2.77519  2.73123  3.46354  2.40513  3.72494  3.29354  2.67741  2.69355  4.24690  2.90347  2.73739  3.18146  2.89801  2.37887  2.77519  2.98518  4.58477  3.61503
          0.00905  5.10507  5.82742  0.61958  0.77255  0.48576  0.95510
     17   4.69736  5.77703  5.92929  5.70773  0.54861  5.49327  4.40998  3.90158  5.49314  1.65027  4.40784  5.17958  5.71083  5.23119  5.33873  4.88478  4.89784  4.01242  4.48948  2.34502     17 F - - -
          2.68618  4.42225  2.77519  2.73123  3.46354  2.40513  3.72494  3.29354  2.67741  2.69355  4.24690  2.90347  2.73739  3.18146  2.89801  2.37887  2.77519  2.98518  4.58477  3.61503
          0.00905  5.10507  5.82742  0.61958  0.77255  0.48576  0.95510
     18   0.15095  5.30822  5.19799  5.18760  5.76159  4.08359  5.96932  5.16820  5.24694  4.94288  5.89514  4.89903  4.91880  5.45449  5.29247  3.69023  4.04422  4.53155  6.97904  6.03194     18 A - - -
          2.68618  4.42225  2.77519  2.73123  3.46354  2.40513  3.72494  3.29354  2.67741  2.69355  4.24690  2.90347  2.73739  3.18146  2.89801  2.37887  2.77519  2.98518  4.58477  3.61503
          0.00905  5.10507  5.82742  0.61958  0.77255  0.48576  0.95510
     19   4.32216  5.51868  6.22483  5.66717  1.48836  5.66975  5.75500  2.90367  5.52347  0.65044  3.43244  5.80314  5.68152  5.32891  5.43054  5.06970  4.52140  2.45873  5.72972  4.56782     19 L - - -
          2.68618  4.42225  2.77519  2.73123  3.46354  2.40513  3.72494  3.29354  2.67741  2.69355  4.24690  2.90347  2.73739  3.18146  2.89801  2.37887  2.77519  2.98518  4.58477  3.61503
          0.10775  5.10507  2.34253  0.61958  0.77255  0.48576  0.95510
     20   3.87234  6.08805  1.54054  3.20115  5.94055  0.53791  4.96172  5.61923  4.19538  5.09862  6.02941  3.75524  4.78118  4.19564  4.81964  3.82753  4.28897  5.04018  7.01511  5.69180     20 G - - -
          2.68618  4.42225  2.77519  2.73123  3.46354  2.40513  3.72494  3.29354  2.67741  2.69355  4.24690  2.90347  2.73739  3.18146  2.89801  2.37887  2.77519  2.98518  4.58477  3.61503
          0.20459  5.00731  1.72412  0.61958  0.77255  0.74174  0.64680
     21   3.90137  5.76209  3.75945  3.77194  5.32638  4.16102  5.17117  5.36080  4.23543  4.88764  5.90623  0.22335  4.87888  4.52576  4.55646  3.97763  4.35154  4.86544  6.48057  5.26853     21 N - - -
          2.68618  4.42225  2.77519  2.73123  3.46354  2.40513  3.72494  3.29354  2.67741  2.69355  4.24690  2.90347  2.73739  3.18146  2.89801  2.37887  2.77519  2.98518  4.58477  3.61503
          0.01212  4.81484  5.53718  0.61958  0.77255  1.06744  0.42142
     22   4.70985  5.84245  5.57058  5.51469  0.21850  5.00757  4.65850  4.25119  5.43556  3.42632  4.86521  5.22559  5.49337  5.36734  5.32599  4.87265  5.03379  4.29312  4.76650  3.07511     22 F - - -
          2.68618  4.42225  2.77519  2.73123  3.46354  2.40513  3.72494  3.29354  2.67741  2.69355  4.24690  2.90347  2.73739  3.18146  2.89801  2.37887  2.77519  2.98518  4.58477  3.61503
          0.01212  4.81484  5.53718  0.61958  0.77255  0.67934  0.70715
     23   1.85419  4.48494  4.12684  3.59049  3.61530  3.93007  4.29991  2.92075  3.51133  2.72114  3.64443  2.93603  4.34833  3.77548  3.76509  3.23111  3.16575  1.28821  5.11668  2.56309     23 v - - -
          2.68618  4.42225  2.77519  2.73123  3.46354  2.40513  3.72494  3.29354  2.67741  2.69355  4.24690  2.90347  2.73739  3.18146  2.89801  2.37887  2.77519  2.98518  4.58477  3.61503
          0.23633  4.93218  1.59324  0.61958  0.77255  0.88944  0.52914
     24   2.85135  4.68038  4.32041  4.11094  4.64245  0.72740  5.01058  3.64521  4.13062  3.67040  4.65253  4.10726  4.34699  4.40046  4.33499  3.08567  3.35162  1.70590  6.10530  4.92308     24 g - - -
          2.68618  4.42225  2.77519  2.73123  3.46354  2.40513  3.72494  3.29354  2.67741  2.69355  4.24690  2.90347  2.73739  3.18146  2.89801  2.37887  2.77519  2.98518  4.58477  3.61503
          0.01348  4.70933  5.43168  0.61958  0.77255  0.93539  0.49829
     25   2.39682  4.73857  5.09862  4.78315  4.35646  4.23258  5.50811  2.35700  4.69239  2.97391  4.18111  4.72975  4.86256  4.96242  4.84410  3.70639  3.61547  0.52356  6.20510  4.99154     25 V - - -
          2.68618  4.42225  2.77519  2.73123  3.46354  2.40513  3.72494  3.29354  2.67741  2.69355  4.24690  2.90347  2.73739  3.18146  2.89801  2.37887  2.77519  2.98518  4.58477  3.61503
          0.08812  4.79078  2.57648  0.61958  0.77255  1.09810  0.40572
     26   3.96414  5.78600  3.86956  3.71774  5.09281  4.21955  4.84837  4.96480  3.49762  4.35908  5.44036  4.15589  4.82921  0.28460  3.72873  4.01436  4.29842  4.65407  6.20912  5.02975     26 Q - - -
          2.68618  4.42225  2.77519  2.73123  3.46354  2.40513  3.72494  3.29354  2.67741  2.69355  4.24690  2.90347  2.73739  3.18146  2.89801  2.37887  2.77519  2.98518  4.58477  3.61503
          0.01339  4.71604  5.43839  0.61958  0.77255  1.18363  0.36552
     27   2.76108  4.71371  3.91538  3.75192  5.04384  3.43440  4.88189  4.56739  3.89591  4.22025  5.03634  3.86627  0.90807  4.17045  4.17846  1.32497  3.28543  3.89136  6.34912  5.14770     27 p - - -
          2.68618  4.42225  2.77519  2.73123  3.46354  2.40513  3.72494  3.29354  2.67741  2.69355  4.24690  2.90347  2.73739  3.18146  2.89801  2.37887  2.77519  2.98518  4.58477  3.61503
          0.00903  4.71169        *  0.61958  0.77255  0.00000        *
//
HMMER3/f [3.4 | Aug 2023]
NAME  Q
LENG  21
ALPH  amino
RF    no
MM    no
CONS  yes
CS    no
MAP   yes
DATE  Fri Jul  5 22:02:08 2024
NSEQ  22
EFFN  3.746338
CKSUM 2078179869
STATS LOCAL MSV       -6.8946  0.72040
STATS LOCAL VITERBI   -6.6315  0.72040
STATS LOCAL FORWARD   -4.2045  0.72040
HMM          A        C        D        E        F        G        H        I        K        L        M        N        P        Q        R        S        T        V        W        Y   
            m->m     m->i     m->d     i->m     i->i     d->m     d->d
  COMPO   2.89267  5.62388  4.90329  2.56415  3.62775  2.40790  3.11410  3.49984  4.85769  1.00651  2.22027  5.01969  2.90369  5.08554  4.98523  4.17064  2.99357  3.36179  6.08636  5.02605
          2.68618  4.42225  2.77519  2.73123  3.46354  2.40513  3.72494  3.29354  2.67741  2.69355  4.24690  2.90347  2.73739  3.18146  2.89801  2.37887  2.77519  2.98518  4.58477  3.61503
          0.13495  5.10475  2.11880  0.61958  0.77255  0.00000        *
      1   4.33908  5.74829  5.54082  5.34887  4.34246  4.89609  5.84327  3.68247  5.08704  2.87120  0.22764  5.46680  5.45349  5.42226  5.13342  4.73205  4.71858  3.79989  6.19990  5.05637      1 M - - -
          2.68618  4.42225  2.77519  2.73123  3.46354  2.40513  3.72494  3.29354  2.67741  2.69355  4.24690  2.90347  2.73739  3.18146  2.89801  2.37887  2.77519  2.98518  4.58477  3.61503
          0.01026  4.98006  5.70241  0.61958  0.77255  0.52628  0.89355
      2   5.04828  6.39025  5.06461  5.02414  4.88061  4.97140  0.09955  5.99923  4.91254  5.25835  6.48042  5.34568  5.60722  5.44385  5.03691  5.16234  5.43501  5.69596  6.23717  4.82800      2 H - - -
          2.68618  4.42225  2.77519  2.73123  3.46354  2.40513  3.72494  3.29354  2.67741  2.69355  4.24690  2.90347  2.73739  3.18146  2.89801  2.37887  2.77519  2.98518  4.58477  3.61503
          0.00959  5.04737  5.76971  0.61958  0.77255  0.64672  0.74184
      3   3.58934  5.39415  5.05139  5.00486  5.59972  4.16435  5.84522  4.97893  4.99317  4.75435  5.78709  4.88894  4.96909  5.31513  5.08707  3.80907  0.16948  4.47238  6.82917  5.83878      3 T - - -
          2.68618  4.42225  2.77519  2.73123  3.46354  2.40513  3.72494  3.29354  2.67741  2.69355  4.24690  2.90347  2.73739  3.18146  2.89801  2.37887  2.77519  2.98518  4.58477  3.61503
          0.00959  5.04737  5.76971  0.61958  0.77255  0.64672  0.74184
      4   4.75259  5.93338  6.04650  5.79664  4.04707  5.46272  6.16877  3.37762  5.61906  0.16920  3.89106  6.01702  5.78456  5.66440  5.56372  5.40068  5.02270  3.68161  6.18171  5.14590      4 L - - -
          2.68618  4.42225  2.77519  2.73123  3.46354  2.40513  3.72494  3.29354  2.67741  2.69355  4.24690  2.90347  2.73739  3.18146  2.89801  2.37887  2.77519  2.98518  4.58477  3.61503
          0.00959  5.04737  5.76971  0.61958  0.77255  0.51275  0.91341
      5   4.69182  6.57467  3.80055  0.13076  6.20431  4.60293  5.47874  6.02271  4.60251  5.44062  6.52291  4.41421  5.28636  4.77303  5.03663  4.62573  5.04935  5.61728  7.05130  6.05516      5 E - - -
          2.68618  4.42225  2.77519  2.73123  3.46354  2.40513  3.72494  3.29354  2.67741  2.69355  4.24690  2.90347  2.73739  3.18146  2.89801  2.37887  2.77519  2.98518  4.58477  3.61503
          0.00931  5.07676  5.79911  0.61958  0.77255  0.43720  1.03800
      6   4.55111  5.94233  5.73524  5.57496  4.55391  5.04512  6.05069  3.92252  5.32707  3.08866  0.17867  5.68026  5.61711  5.65534  5.35351  4.93998  4.94191  4.04897  6.38637  5.26233      6 M - - -
          2.68618  4.42225  2.77519  2.73123  3.46354  2.40513  3.72494  3.29354  2.67741  2.69355  4.24690  2.90347  2.73739  3.18146  2.89801  2.37887  2.77519  2.98518  4.58477  3.61503
          0.00906  5.10475  5.82710  0.61958  0.77255  0.48576  0.95510
      7   4.63948  5.77477  6.52151  5.96179  3.65425  6.07318  6.29212  2.93818  5.78841  0.30866  2.35937  6.27188  5.90422  5.51181  5.65828  5.55459  4.82178  3.32589  6.02958  5.14974      7 L - - -
          2.68618  4.42225  2.77519  2.73123  3.46354  2.40513  3.72494  3.29354  2.67741  2.69355  4.24690  2.90347  2.73739  3.18146  2.89801  2.37887  2.77519  2.98518  4.58477  3.61503
          0.00906  5.10475  5.82710  0.61958  0.77255  0.48576  0.95510
      8   4.62925  5.76566  6.51906  5.95395  3.65119  6.06561  6.28237  2.93759  5.78680  0.38793  1.89761  6.26160  5.89654  5.50461  5.65450  5.54008  4.81046  3.32666  6.02414  5.14890      8 L - - -
          2.68618  4.42225  2.77519  2.73123  3.46354  2.40513  3.72494  3.29354  2.67741  2.69355  4.24690  2.90347  2.73739  3.18146  2.89801  2.37887  2.77519  2.98518  4.58477  3.61503
          0.00906  5.10475  5.82710  0.61958  0.77255  0.48576  0.95510
      9   4.63776  5.76774  6.39456  5.91908  1.90343  5.92770  5.68194  3.05116  5.77625  0.39998  3.48645  6.00347  5.86031  5.47173  5.62737  5.39942  4.82485  3.42163  5.59072  4.24737      9 L - - -
          2.68618  4.42225  2.77519  2.73123  3.46354  2.40513  3.72494  3.29354  2.67741  2.69355  4.24690  2.90347  2.73739  3.18146  2.89801  2.37887  2.77519  2.98518  4.58477  3.61503
          0.00906  5.10475  5.82710  0.61958  0.77255  0.48576  0.95510
     10   4.37454  5.55986  6.28646  5.72413  1.96130  5.74567  5.86042  2.90072  5.58642  0.48685  3.41629  5.89037  5.72360  5.36714  5.48414  5.15407  4.57041  2.49658  5.79588  4.68901     10 L - - -
          2.68618  4.42225  2.77519  2.73123  3.46354  2.40513  3.72494  3.29354  2.67741  2.69355  4.24690  2.90347  2.73739  3.18146  2.89801  2.37887  2.77519  2.98518  4.58477  3.61503
          0.00906  5.10475  5.82710  0.61958  0.77255  0.48576  0.95510
     11   4.25811  5.47018  6.19622  5.69320  3.80877  5.65221  6.12046  2.70397  5.54389  0.45312  3.55400  5.88245  5.73792  5.47047  5.51963  5.10876  4.49378  1.75231  6.08375  5.09120     11 L - - -
          2.68618  4.42225  2.77519  2.73123  3.46354  2.40513  3.72494  3.29354  2.67741  2.69355  4.24690  2.90347  2.73739  3.18146  2.89801  2.37887  2.77519  2.98518  4.58477  3.61503
          0.00906  5.10475  5.82710  0.61958  0.77255  0.48576  0.95510
     12   4.83861  6.00789  6.12923  5.88625  4.11222  5.53106  6.25245  3.44832  5.71700  0.15593  3.95248  6.10884  5.85230  5.74696  5.65093  5.49532  5.10795  3.76213  6.25047  5.22585     12 L - - -
          2.68618  4.42225  2.77519  2.73123  3.46354  2.40513  3.72494  3.29354  2.67741  2.69355  4.24690  2.90347  2.73739  3.18146  2.89801  2.37887  2.77519  2.98518  4.58477  3.61503
          0.00906  5.10475  5.82710  0.61958  0.77255  0.48576  0.95510
     13   4.62925  5.76566  6.51906  5.95395  3.65119  6.06561  6.28237  2.93759  5.78680  0.38793  1.89761  6.26160  5.89654  5.50461  5.65450  5.54008  4.81046  3.32666  6.02414  5.14890     13 L - - -
          2.68618  4.42225  2.77519  2.73123  3.46354  2.40513  3.72494  3.29354  2.67741  2.69355  4.24690  2.90347  2.73739  3.18146  2.89801  2.37887  2.77519  2.98518  4.58477  3.61503
          0.00906  5.10475  5.82710  0.61958  0.77255  0.48576  0.95510
     14   3.38491  4.87800  5.08667  4.59832  3.82119  4.42234  5.07588  2.91887  4.42476  0.59690  3.72458  4.67475  4.88981  4.62182  4.53746  2.41711  3.69541  2.35623  5.61100  4.45186     14 L - - -
          2.68618  4.42225  2.77519  2.73123  3.46354  2.40513  3.72494  3.29354  2.67741  2.69355  4.24690  2.90347  2.73739  3.18146  2.89801  2.37887  2.77519  2.98518  4.58477  3.61503
          0.00906  5.10475  5.82710  0.61958  0.77255  0.48576  0.95510
     15   3.89399  5.55074  4.97790  4.77257  4.60004  4.52045  5.53625  4.01163  4.61588  1.73304  4.69770  4.92538  0.44194  5.01140  4.77197  4.15687  4.32125  3.94950  6.26570  5.05310     15 P - - -
          2.68618  4.42225  2.77519  2.73123  3.46354  2.40513  3.72494  3.29354  2.67741  2.69355  4.24690  2.90347  2.73739  3.18146  2.89801  2.37887  2.77519  2.98518  4.58477  3.61503
          0.00906  5.10475  5.82710  0.61958  0.77255  0.48576  0.95510
     16   4.62925  5.76566  6.51906  5.95395  3.65119  6.06561  6.28237  2.93759  5.78680  0.38793  1.89761  6.26160  5.89654  5.50461  5.65450  5.54008  4.81046  3.32666  6.02414  5.14890     16 L - - -
          2.68618  4.42225  2.77519  2.73123  3.46354  2.40513  3.72494  3.29354  2.67741  2.69355  4.24690  2.90347  2.73739  3.18146  2.89801  2.37887  2.77519  2.98518  4.58477  3.61503
          0.00906  5.10475  5.82710  0.61958  0.77255  0.48576  0.95510
     17   0.15103  5.30783  5.19748  5.18703  5.76108  4.08321  5.96883  5.16758  5.24637  4.94232  5.89460  4.89857  4.91841  5.45396  5.29196  3.68982  4.04381  4.53103  6.97862  6.03143     17 A - - -
          2.68618  4.42225  2.77519  2.73123  3.46354  2.40513  3.72494  3.29354  2.67741  2.69355  4.24690  2.90347  2.73739  3.18146  2.89801  2.37887  2.77519  2.98518  4.58477  3.61503
          0.00906  5.10475  5.82710  0.61958  0.77255  0.48576  0.95510
     18   3.91871  5.48774  5.10534  4.83898  4.26764  4.65192  5.52547  3.61200  4.66990  0.89768  4.21938  5.00287  0.93790  4.99509  4.80603  4.24553  4.29445  3.67136  6.10597  4.94541     18 l - - -
          2.68618  4.42225  2.77519  2.73123  3.46354  2.40513  3.72494  3.29354  2.67741  2.69355  4.24690  2.90347  2.73739  3.18146  2.89801  2.37887  2.77519  2.98518  4.58477  3.61503
          0.00906  5.10475  5.82710  0.61958  0.77255  0.48576  0.95510
     19   4.70144  6.20929  5.55333  5.61280  6.48851  0.06071  6.48906  6.50981  5.90563  5.91433  6.99467  5.72416  5.59408  6.14613  5.88575  4.92345  5.24458  5.84135  7.15083  6.66962     19 G - - -
          2.68618  4.42225  2.77519  2.73123  3.46354  2.40513  3.72494  3.29354  2.67741  2.69355  4.24690  2.90347  2.73739  3.18146  2.89801  2.37887  2.77519  2.98518  4.58477  3.61503
          0.28452  5.10475  1.42064  0.61958  0.77255  0.48576  0.95510
     20   4.24160  6.23714  3.41274  0.20911  5.78722  4.25124  5.05159  5.50525  4.11093  4.97409  6.01592  3.99957  4.92278  4.31620  4.55385  4.17505  4.58533  5.11597  6.72203  5.62199     20 E - - -
          2.68618  4.42225  2.77519  2.73123  3.46354  2.40513  3.72494  3.29354  2.67741  2.69355  4.24690  2.90347  2.73739  3.18146  2.89801  2.37887  2.77519  2.98518  4.58477  3.61503
          0.01191  4.83214  5.55449  0.61958  0.77255  1.04375  0.43407
     21   4.21095  5.79643  5.04884  5.08507  6.04014  0.10100  6.03634  5.96530  5.37228  5.43813  6.48510  5.21721  5.19297  5.62501  5.41609  4.42105  4.74999  5.32071  6.79833  6.20221     21 G - - -
          2.68634  4.42241  2.77406  2.73139  3.46370  2.40439  3.72511  3.29370  2.67757  2.69371  4.24706  2.90363  2.73756  3.18162  2.89817  2.37903  2.77536  2.98534  4.58493  3.61519
          0.27552  1.42371        *  0.68167  0.70476  0.00000        *
//
HMMER3/f [3.4 | Aug 2023]
NAME  R
LENG  22
ALPH  amino
RF    no
MM    no
CONS  yes
CS    no
MAP   yes
DATE  Fri Jul  5 22:02:13 2024
NSEQ  8
EFFN  2.652344
CKSUM 3908876001
STATS LOCAL MSV       -6.3726  0.72034
STATS LOCAL VITERBI   -6.8041  0.72034
STATS LOCAL FORWARD   -4.7054  0.72034
HMM          A        C        D        E        F        G        H        I        K        L        M        N        P        Q        R        S        T        V        W        Y   
            m->m     m->i     m->d     i->m     i->i     d->m     d->d
  COMPO   2.52650  5.21415  4.86054  4.69097  2.15424  2.89625  5.21954  3.16513  4.52823  2.04491  2.55649  4.73153  3.15828  4.89208  3.08009  2.62076  2.15101  1.89203  5.73300  4.32753
          2.68618  4.42225  2.77519  2.73123  3.46354  2.40513  3.72494  3.29354  2.67741  2.69355  4.24690  2.90347  2.73739  3.18146  2.89801  2.37887  2.77519  2.98518  4.58477  3.61503
          0.01191  4.83192  5.55426  0.61958  0.77255  0.00000        *
      1   4.09794  5.52641  5.31132  5.08094  4.11036  4.72430  5.60144  3.41938  4.80936  2.63607  0.30099  5.21749  5.26358  5.15194  4.87930  4.49380  4.46385  3.52445  5.98827  4.82554      1 M - - -
          2.68618  4.42225  2.77519  2.73123  3.46354  2.40513  3.72494  3.29354  2.67741  2.69355  4.24690  2.90347  2.73739  3.18146  2.89801  2.37887  2.77519  2.98518  4.58477  3.61503
          0.01191  4.83192  5.55426  0.61958  0.77255  0.48576  0.95510
      2   4.21055  5.79609  5.04842  5.08463  6.03977  0.10104  6.03596  5.96484  5.37183  5.43773  6.48467  5.21678  5.19264  5.62457  5.41569  4.42064  4.74959  5.32027  6.79804  6.20182      2 G - - -
          2.68618  4.42225  2.77519  2.73123  3.46354  2.40513  3.72494  3.29354  2.67741  2.69355  4.24690  2.90347  2.73739  3.18146  2.89801  2.37887  2.77519  2.98518  4.58477  3.61503
          0.01191  4.83192  5.55426  0.61958  0.77255  0.48576  0.95510
      3   4.73881  5.86651  5.59461  5.54241  0.21248  5.02762  4.67817  4.28335  5.46430  3.45532  4.89527  5.24925  5.51431  5.39291  5.35122  4.89921  5.06323  4.32566  4.78527  3.09364      3 F - - -
          2.68618  4.42225  2.77519  2.73123  3.46354  2.40513  3.72494  3.29354  2.67741  2.69355  4.24690  2.90347  2.73739  3.18146  2.89801  2.37887  2.77519  2.98518  4.58477  3.61503
          0.01191  4.83192  5.55426  0.61958  0.77255  0.48576  0.95510
      4   4.45968  6.03689  5.05862  4.47709  5.66806  4.62805  5.00418  5.38084  3.25282  4.71554  5.75671  4.73280  5.14731  4.24272  0.18360  4.54768  4.70197  5.07303  6.39490  5.48649      4 R - - -
          2.68618  4.42225  2.77519  2.73123  3.46354  2.40513  3.72494  3.29354  2.67741  2.69355  4.24690  2.90347  2.73739  3.18146  2.89801  2.37887  2.77519  2.98518  4.58477  3.61503
          0.01191  4.83192  5.55426  0.61958  0.77255  0.48576  0.95510
      5   3.70274  5.08713  5.41151  5.18009  4.49193  4.69562  5.89962  2.49053  5.08808  3.05824  4.37729  5.21691  5.26239  5.41334  5.20857  4.33120  4.07463  0.31556  6.39023  5.16837      5 V - - -
          2.68618  4.42225  2.77519  2.73123  3.46354  2.40513  3.72494  3.29354  2.67741  2.69355  4.24690  2.90347  2.73739  3.18146  2.89801  2.37887  2.77519  2.98518  4.58477  3.61503
          0.01191  4.83192  5.55426  0.61958  0.77255  0.48576  0.95510
      6   4.43100  5.65653  5.72472  5.44832  3.81659  5.19928  5.85041  3.12466  5.24401  0.22964  3.67716  5.66428  5.52822  5.35097  5.23115  5.04275  4.70413  3.38816  5.93010  4.85197      6 L - - -
          2.68618  4.42225  2.77519  2.73123  3.46354  2.40513  3.72494  3.29354  2.67741  2.69355  4.24690  2.90347  2.73739  3.18146  2.89801  2.37887  2.77519  2.98518  4.58477  3.61503
          0.01191  4.83192  5.55426  0.61958  0.77255  0.48576  0.95510
      7   3.70274  5.08713  5.41151  5.18009  4.49193  4.69562  5.89962  2.49053  5.08808  3.05824  4.37729  5.21691  5.26239  5.41334  5.20857  4.33120  4.07463  0.31556  6.39023  5.16837      7 V - - -
          2.68618  4.42225  2.77519  2.73123  3.46354  2.40513  3.72494  3.29354  2.67741  2.69355  4.24690  2.90347  2.73739  3.18146  2.89801  2.37887  2.77519  2.98518  4.58477  3.61503
          0.01191  4.83192  5.55426  0.61958  0.77255  0.48576  0.95510
      8   4.43100  5.65653  5.72472  5.44832  3.81659  5.19928  5.85041  3.12466  5.24401  0.22964  3.67716  5.66428  5.52822  5.35097  5.23115  5.04275  4.70413  3.38816  5.93010  4.85197      8 L - - -
          2.68618  4.42225  2.77519  2.73123  3.46354  2.40513  3.72494  3.29354  2.67741  2.69355  4.24690  2.90347  2.73739  3.18146  2.89801  2.37887  2.77519  2.98518  4.58477  3.61503
          0.01191  4.83192  5.55426  0.61958  0.77255  0.48576  0.95510
      9   3.71615  4.90397  5.82614  5.39282  4.32654  5.36836  6.23506  1.29008  5.35180  2.71709  4.03868  5.55539  5.59146  5.63466  5.53803  4.83236  3.98474  0.63681  6.51590  5.27426      9 V - - -
          2.68618  4.42225  2.77519  2.73123  3.46354  2.40513  3.72494  3.29354  2.67741  2.69355  4.24690  2.90347  2.73739  3.18146  2.89801  2.37887  2.77519  2.98518  4.58477  3.61503
          0.01191  4.83192  5.55426  0.61958  0.77255  0.48576  0.95510
     10   3.70274  5.08713  5.41151  5.18009  4.49193  4.69562  5.89962  2.49053  5.08808  3.05824  4.37729  5.21691  5.26239  5.41334  5.20857  4.33120  4.07463  0.31556  6.39023  5.16837     10 V - - -
          2.68618  4.42225  2.77519  2.73123  3.46354  2.40513  3.72494  3.29354  2.67741  2.69355  4.24690  2.90347  2.73739  3.18146  2.89801  2.37887  2.77519  2.98518  4.58477  3.61503
          0.01191  4.83192  5.55426  0.61958  0.77255  0.48576  0.95510
     11   4.09794  5.52641  5.31132  5.08094  4.11036  4.72430  5.60144  3.41938  4.80936  2.63607  0.30099  5.21749  5.26358  5.15194  4.87930  4.49380  4.46385  3.52445  5.98827  4.82554     11 M - - -
          2.68618  4.42225  2.77519  2.73123  3.46354  2.40513  3.72494  3.29354  2.67741  2.69355  4.24690  2.90347  2.73739  3.18146  2.89801  2.37887  2.77519  2.98518  4.58477  3.61503
          0.01191  4.83192  5.55426  0.61958  0.77255  0.48576  0.95510
     12   0.75274  4.66348  4.78849  4.47083  4.46592  3.78266  5.19113  2.97687  4.38175  3.28766  4.37092  4.35504  4.51258  4.62435  4.54618  3.24912  3.40632  1.51100  6.09697  4.91570     12 a - - -
          2.68618  4.42225  2.77519  2.73123  3.46354  2.40513  3.72494  3.29354  2.67741  2.69355  4.24690  2.90347  2.73739  3.18146  2.89801  2.37887  2.77519  2.98518  4.58477  3.61503
          0.01191  4.83192  5.55426  0.61958  0.77255  0.48576  0.95510
     13   3.29840  5.11602  4.68621  4.59588  5.23101  3.89953  5.48120  4.53765  4.57020  4.34287  5.37941  4.54723  4.69279  4.91264  4.70549  3.51552  0.24735  4.08233  6.52313  5.46722     13 T - - -
          2.68618  4.42225  2.77519  2.73123  3.46354  2.40513  3.72494  3.29354  2.67741  2.69355  4.24690  2.90347  2.73739  3.18146  2.89801  2.37887  2.77519  2.98518  4.58477  3.61503
          0.01191  4.83192  5.55426  0.61958  0.77255  0.48576  0.95510
     14   3.29840  5.11602  4.68621  4.59588  5.23101  3.89953  5.48120  4.53765  4.57020  4.34287  5.37941  4.54723  4.69279  4.91264  4.70549  3.51552  0.24735  4.08233  6.52313  5.46722     14 T - - -
          2.68618  4.42225  2.77519  2.73123  3.46354  2.40513  3.72494  3.29354  2.67741  2.69355  4.24690  2.90347  2.73739  3.18146  2.89801  2.37887  2.77519  2.98518  4.58477  3.61503
          0.01191  4.83192  5.55426  0.61958  0.77255  0.48576  0.95510
     15   3.05106  4.85471  4.31873  4.02120  2.25106  3.79684  4.59879  3.89845  4.02146  3.50321  4.53467  4.10598  4.48609  4.26595  4.26165  0.59362  3.49884  3.57606  5.24836  3.68273     15 S - - -
          2.68618  4.42225  2.77519  2.73123  3.46354  2.40513  3.72494  3.29354  2.67741  2.69355  4.24690  2.90347  2.73739  3.18146  2.89801  2.37887  2.77519  2.98518  4.58477  3.61503
          0.01191  4.83192  5.55426  0.61958  0.77255  0.48576  0.95510
     16   0.23252  4.98759  4.75633  4.69684  5.32748  3.77298  5.54613  4.64844  4.74741  4.46124  5.43191  4.50963  4.59666  4.98998  4.85041  3.35872  3.70118  4.09040  6.61260  5.58887     16 A - - -
          2.68618  4.42225  2.77519  2.73123  3.46354  2.40513  3.72494  3.29354  2.67741  2.69355  4.24690  2.90347  2.73739  3.18146  2.89801  2.37887  2.77519  2.98518  4.58477  3.61503
          0.21849  4.83192  1.66974  0.61958  0.77255  0.48576  0.95510
     17   4.13189  5.40210  5.40594  5.10432  3.62108  4.94188  5.54617  2.90586  4.88255  0.30613  3.50177  5.32275  5.28416  5.05029  4.91196  4.70424  4.40798  3.12637  5.70364  4.58506     17 L - - -
          2.68618  4.42225  2.77519  2.73123  3.46354  2.40513  3.72494  3.29354  2.67741  2.69355  4.24690  2.90347  2.73739  3.18146  2.89801  2.37887  2.77519  2.98518  4.58477  3.61503
          0.01463  4.62806  5.35040  0.61958  0.77255  0.85011  0.55751
     18   4.03744  5.59871  4.72232  4.69967  5.54292  4.24798  5.65029  5.36744  4.83697  4.86589  5.98309  4.91156  0.15245  5.19277  4.93885  4.23988  4.53918  4.90919  6.44766  5.69006     18 P - - -
          2.68618  4.42225  2.77519  2.73123  3.46354  2.40513  3.72494  3.29354  2.67741  2.69355  4.24690  2.90347  2.73739  3.18146  2.89801  2.37887  2.77519  2.98518  4.58477  3.61503
          0.01463  4.62806  5.35040  0.61958  0.77255  0.85011  0.55751
     19   4.39418  5.58068  5.30504  5.20516  0.29686  4.78816  4.45345  3.90759  5.11647  3.11861  4.54447  4.96875  5.26447  5.08741  5.04812  4.58381  4.71244  3.94344  4.57381  2.88658     19 F - - -
          2.68618  4.42225  2.77519  2.73123  3.46354  2.40513  3.72494  3.29354  2.67741  2.69355  4.24690  2.90347  2.73739  3.18146  2.89801  2.37887  2.77519  2.98518  4.58477  3.61503
          0.01463  4.62806  5.35040  0.61958  0.77255  0.85011  0.55751
     20   3.04787  4.87514  4.35572  4.22106  4.89721  3.67219  5.14511  4.14789  4.18481  3.97370  5.01159  4.23958  4.44956  4.54296  4.35711  3.26193  0.35299  3.73562  6.23750  5.12904     20 T - - -
          2.68618  4.42225  2.77519  2.73123  3.46354  2.40513  3.72494  3.29354  2.67741  2.69355  4.24690  2.90347  2.73739  3.18146  2.89801  2.37887  2.77519  2.98518  4.58477  3.61503
          0.01463  4.62806  5.35040  0.61958  0.77255  0.85011  0.55751
     21   4.39418  5.58068  5.30504  5.20516  0.29686  4.78816  4.45345  3.90759  5.11647  3.11861  4.54447  4.96875  5.26447  5.08741  5.04812  4.58381  4.71244  3.94344  4.57381  2.88658     21 F - - -
          2.68618  4.42225  2.77519  2.73123  3.46354  2.40513  3.72494  3.29354  2.67741  2.69355  4.24690  2.90347  2.73739  3.18146  2.89801  2.37887  2.77519  2.98518  4.58477  3.61503
          0.01463  4.62806  5.35040  0.61958  0.77255  0.85011  0.55751
     22   2.88079  4.78108  4.09286  4.00890  4.97749  3.50752  5.05183  4.64269  4.14348  4.31621  5.20644  4.04637  4.31528  4.42819  4.35133  0.35916  3.42457  3.98689  6.28528  5.08847     22 S - - -
          2.68618  4.42225  2.77519  2.73123  3.46354  2.40513  3.72494  3.29354  2.67741  2.69355  4.24690  2.90347  2.73739  3.18146  2.89801  2.37887  2.77519  2.98518  4.58477  3.61503
          0.00987  4.62330        *  0.61958  0.77255  0.00000        *
//
HMMER3/f [3.4 | Aug 2023]
NAME  S
LENG  21
ALPH  amino
RF    no
MM    no
CONS  yes
CS    no
MAP   yes
DATE  Fri Jul  5 22:02:19 2024
NSEQ  23
EFFN  6.954468
CKSUM 3137995627
STATS LOCAL MSV       -6.6001  0.72039
STATS LOCAL VITERBI   -6.5147  0.72039
STATS LOCAL FORWARD   -4.2986  0.72039
HMM          A        C        D        E        F        G        H        I        K        L        M        N        P        Q        R        S        T        V        W        Y   
            m->m     m->i     m->d     i->m     i->i     d->m     d->d
  COMPO   2.57178  4.18104  4.92681  4.88793  2.50030  2.87737  5.56740  3.58312  3.11066  1.44841  1.79760  4.45875  3.92958  4.29401  4.82495  2.31362  3.28435  2.63001  4.60718  4.95675
          2.68618  4.42225  2.77519  2.73123  3.46354  2.40513  3.72494  3.29354  2.67741  2.69355  4.24690  2.90347  2.73739  3.18146  2.89801  2.37887  2.77519  2.98518  4.58477  3.61503
          0.43481  5.63552  1.05255  0.61958  0.77255  0.00000        *
      1   4.73307  6.10762  5.89721  5.76226  4.74027  5.17191  6.22488  4.13449  5.52995  3.28257  0.14539  5.85955  5.75531  5.85201  5.53970  5.11765  5.13297  4.26733  6.54621  5.44107      1 M - - -
          2.68618  4.42225  2.77519  2.73123  3.46354  2.40513  3.72494  3.29354  2.67741  2.69355  4.24690  2.90347  2.73739  3.18146  2.89801  2.37887  2.77519  2.98518  4.58477  3.61503
          0.00816  5.20886  5.93121  0.61958  0.77255  0.38471  1.14146
      2   5.31537  6.62575  6.39021  6.32396  5.36174  5.57344  6.75982  4.84508  6.15867  3.94252  0.07572  6.41232  6.18592  6.46064  6.11659  5.68457  5.73984  4.98945  7.05291  6.02322      2 M - - -
          2.68618  4.42225  2.77519  2.73123  3.46354  2.40513  3.72494  3.29354  2.67741  2.69355  4.24690  2.90347  2.73739  3.18146  2.89801  2.37887  2.77519  2.98518  4.58477  3.61503
          0.00590  5.53168  6.25403  0.61958  0.77255  0.58526  0.81409
      3   3.80617  5.28560  5.41671  4.94072  3.74485  4.78118  5.02872  3.66064  4.68332  0.99945  4.26129  4.94092  5.23963  4.90175  4.77182  1.44985  4.10245  3.57533  1.72382  3.93677      3 l - - -
          2.68618  4.42225  2.77519  2.73123  3.46354  2.40513  3.72494  3.29354  2.67741  2.69355  4.24690  2.90347  2.73739  3.18146  2.89801  2.37887  2.77519  2.98518  4.58477  3.61503
          0.00562  5.57933  6.30167  0.61958  0.77255  0.74110  0.64739
      4   4.55092  6.57926  4.47653  4.10510  6.28588  4.87354  4.94207  5.68898  0.23547  4.98999  5.91800  2.92821  5.35140  4.09292  3.30305  4.51344  4.73600  5.32973  6.85213  5.76667      4 K - - -
          2.68618  4.42225  2.77519  2.73123  3.46354  2.40513  3.72494  3.29354  2.67741  2.69355  4.24690  2.90347  2.73739  3.18146  2.89801  2.37887  2.77519  2.98518  4.58477  3.61503
          0.00562  5.57933  6.30167  0.61958  0.77255  0.74110  0.64739
      5   5.40266  6.70175  6.46122  6.40370  5.45761  5.63327  6.83723  4.95532  6.25002  4.04602  0.06872  6.49275  6.24915  6.54916  6.20031  5.76962  5.83016  5.10016  7.12787  6.11155      5 M - - -
          2.68618  4.42225  2.77519  2.73123  3.46354  2.40513  3.72494  3.29354  2.67741  2.69355  4.24690  2.90347  2.73739  3.18146  2.89801  2.37887  2.77519  2.98518  4.58477  3.61503
          0.00562  5.57933  6.30167  0.61958  0.77255  0.74110  0.64739
      6   5.54861  6.90222  6.36746  6.44724  7.19806  0.02686  7.19798  7.35262  6.72262  6.64761  7.79010  6.55545  6.25743  6.95958  6.61069  5.79271  6.08691  6.68828  7.72279  7.40707      6 G - - -
          2.68618  4.42225  2.77519  2.73123  3.46354  2.40513  3.72494  3.29354  2.67741  2.69355  4.24690  2.90347  2.73739  3.18146  2.89801  2.37887  2.77519  2.98518  4.58477  3.61503
          0.00562  5.57933  6.30167  0.61958  0.77255  0.74110  0.64739
      7   0.44687  5.32942  5.83175  5.70068  5.49647  4.35414  6.26567  3.78938  5.59212  4.26606  5.37303  5.18229  5.17159  5.74487  5.61580  3.85813  4.09385  1.48587  7.16551  6.03670      7 A - - -
          2.68618  4.42225  2.77519  2.73123  3.46354  2.40513  3.72494  3.29354  2.67741  2.69355  4.24690  2.90347  2.73739  3.18146  2.89801  2.37887  2.77519  2.98518  4.58477  3.61503
          0.00562  5.57933  6.30167  0.61958  0.77255  0.35392  1.21044
      8   5.50581  6.79095  6.54428  6.49658  5.57164  5.70388  6.92781  5.08667  6.35692  4.16970  0.06130  6.58706  6.32348  6.65282  6.29823  5.87022  5.93666  5.23163  7.21601  6.21621      8 M - - -
          2.68618  4.42225  2.77519  2.73123  3.46354  2.40513  3.72494  3.29354  2.67741  2.69355  4.24690  2.90347  2.73739  3.18146  2.89801  2.37887  2.77519  2.98518  4.58477  3.61503
          0.00532  5.63552  6.35786  0.61958  0.77255  0.48576  0.95510
      9   5.35458  6.39882  6.81237  6.53609  0.43990  6.36041  5.54212  3.81627  6.37311  1.38944  4.24604  6.24315  6.39217  5.98418  6.15739  5.88232  5.54538  4.18185  5.53016  3.91814      9 F - - -
          2.68618  4.42225  2.77519  2.73123  3.46354  2.40513  3.72494  3.29354  2.67741  2.69355  4.24690  2.90347  2.73739  3.18146  2.89801  2.37887  2.77519  2.98518  4.58477  3.61503
          0.00532  5.63552  6.35786  0.61958  0.77255  0.48576  0.95510
     10   2.48898  1.75078  3.40852  5.10726  4.71491  4.52839  5.64056  3.27070  5.03041  3.61925  4.64526  5.01145  5.16486  5.20614  5.13829  3.96297  3.96648  0.63351  6.32888  5.14857     10 V - - -
          2.68618  4.42225  2.77519  2.73123  3.46354  2.40513  3.72494  3.29354  2.67741  2.69355  4.24690  2.90347  2.73739  3.18146  2.89801  2.37887  2.77519  2.98518  4.58477  3.61503
          0.00532  5.63552  6.35786  0.61958  0.77255  0.48576  0.95510
     11   4.69537  5.83639  6.80052  6.29864  4.37627  6.34722  6.88332  2.20861  6.24217  0.51925  4.07740  6.53832  6.31873  6.13546  6.22924  5.81749  4.92209  1.49609  6.73419  5.77964     11 L - - -
          2.68618  4.42225  2.77519  2.73123  3.46354  2.40513  3.72494  3.29354  2.67741  2.69355  4.24690  2.90347  2.73739  3.18146  2.89801  2.37887  2.77519  2.98518  4.58477  3.61503
          0.00532  5.63552  6.35786  0.61958  0.77255  0.48576  0.95510
     12   4.83577  5.99739  6.86158  6.37059  4.26164  6.32457  6.82801  3.11893  6.26441  0.39905  3.98180  6.59891  6.31515  6.07779  6.19055  5.82763  5.06532  1.54815  6.62427  5.68866     12 L - - -
          2.68618  4.42225  2.77519  2.73123  3.46354  2.40513  3.72494  3.29354  2.67741  2.69355  4.24690  2.90347  2.73739  3.18146  2.89801  2.37887  2.77519  2.98518  4.58477  3.61503
          0.00532  5.63552  6.35786  0.61958  0.77255  0.48576  0.95510
     13   5.29376  6.35505  7.04967  6.60211  1.61671  6.61256  6.20416  3.53522  6.48320  0.36424  3.93049  6.67531  6.43351  6.03658  6.25663  6.14352  5.46352  3.97029  6.04491  4.68204     13 L - - -
          2.68618  4.42225  2.77519  2.73123  3.46354  2.40513  3.72494  3.29354  2.67741  2.69355  4.24690  2.90347  2.73739  3.18146  2.89801  2.37887  2.77519  2.98518  4.58477  3.61503
          0.00532  5.63552  6.35786  0.61958  0.77255  0.48576  0.95510
     14   5.63379  6.70214  6.83757  6.65408  4.77949  6.12705  6.99841  4.15838  6.57337  0.07268  4.59670  6.90822  6.46709  6.49684  6.42330  6.34717  5.89693  4.54261  6.91334  5.99119     14 L - - -
          2.68618  4.42225  2.77519  2.73123  3.46354  2.40513  3.72494  3.29354  2.67741  2.69355  4.24690  2.90347  2.73739  3.18146  2.89801  2.37887  2.77519  2.98518  4.58477  3.61503
          0.00532  5.63552  6.35786  0.61958  0.77255  0.48576  0.95510
     15   4.63873  2.51005  6.45896  5.99752  0.62692  5.77877  5.56041  3.54547  5.81221  1.40042  4.08416  5.87168  5.97404  5.65716  5.71258  5.18302  4.87065  3.74102  5.63953  4.13864     15 F - - -
          2.68618  4.42225  2.77519  2.73123  3.46354  2.40513  3.72494  3.29354  2.67741  2.69355  4.24690  2.90347  2.73739  3.18146  2.89801  2.37887  2.77519  2.98518  4.58477  3.61503
          0.00532  5.63552  6.35786  0.61958  0.77255  0.48576  0.95510
     16   2.39088  5.18696  5.21751  4.81737  5.05025  4.18971  5.52374  2.20318  4.73153  4.12957  5.01712  4.73144  4.92577  4.95151  4.92523  1.26539  0.95944  3.91594  6.50963  5.34518     16 t - - -
          2.68618  4.42225  2.77519  2.73123  3.46354  2.40513  3.72494  3.29354  2.67741  2.69355  4.24690  2.90347  2.73739  3.18146  2.89801  2.37887  2.77519  2.98518  4.58477  3.61503
          0.00532  5.63552  6.35786  0.61958  0.77255  0.48576  0.95510
     17   4.71542  5.96585  6.47338  5.99185  2.32208  5.89630  5.94459  3.49070  5.83194  0.51684  3.93375  6.05066  1.73540  5.69138  5.75998  5.32342  4.94138  3.79348  5.98454  4.67279     17 L - - -
          2.68618  4.42225  2.77519  2.73123  3.46354  2.40513  3.72494  3.29354  2.67741  2.69355  4.24690  2.90347  2.73739  3.18146  2.89801  2.37887  2.77519  2.98518  4.58477  3.61503
          0.00532  5.63552  6.35786  0.61958  0.77255  0.48576  0.95510
     18   1.05336  5.10345  4.79215  4.30313  4.66073  4.18841  5.10675  4.02524  4.23733  1.68130  4.63459  4.45586  2.13496  4.49774  4.50807  2.51160  2.32971  3.70980  6.11200  4.91566     18 a - - -
          2.68618  4.42225  2.77519  2.73123  3.46354  2.40513  3.72494  3.29354  2.67741  2.69355  4.24690  2.90347  2.73739  3.18146  2.89801  2.37887  2.77519  2.98518  4.58477  3.61503
          0.00532  5.63552  6.35786  0.61958  0.77255  0.48576  0.95510
     19   1.51557  5.30636  5.47769  5.25911  2.41765  4.17701  5.86922  5.01708  5.21141  4.72245  5.58401  4.91352  5.00060  5.36595  5.32458  0.55391  3.97991  4.42754  6.82940  5.54257     19 S - - -
          2.68618  4.42225  2.77519  2.73123  3.46354  2.40513  3.72494  3.29354  2.67741  2.69355  4.24690  2.90347  2.73739  3.18146  2.89801  2.37887  2.77519  2.98518  4.58477  3.61503
          0.03136  5.63552  3.60083  0.61958  0.77255  0.48576  0.95510
     20   3.39604  5.30034  5.60065  5.46287  5.93797  4.12288  6.11835  5.26601  5.37855  5.08033  5.88606  4.95720  4.98216  5.53246  5.44652  0.30854  2.23532  3.04646  7.32203  6.24818     20 S - - -
          2.68618  4.42225  2.77519  2.73123  3.46354  2.40513  3.72494  3.29354  2.67741  2.69355  4.24690  2.90347  2.73739  3.18146  2.89801  2.37887  2.77519  2.98518  4.58477  3.61503
          0.43820  5.60962  1.04656  0.61958  0.77255  0.61338  0.77983
     21   3.34354  5.42267  3.50668  3.12650  4.53580  4.04007  4.29072  4.02185  2.99532  1.44607  4.49427  2.12064  4.49291  1.32767  3.34199  3.39086  3.58542  3.76441  5.86283  4.53224     21 q - - -
          2.68552  4.42264  2.77559  2.73163  3.46393  2.40552  3.72534  3.29201  2.67676  2.69394  4.24729  2.90386  2.73779  3.17802  2.89803  2.37926  2.77559  2.98558  4.58516  3.61542
          0.72648  0.66089        *  0.46079  0.99637  0.00000        *
//
HMMER3/f [3.4 | Aug 2023]
NAME  T
LENG  22
ALPH  amino
RF    no
MM    no
CONS  yes
CS    no
MAP   yes
DATE  Fri Jul  5 22:02:24 2024
NSEQ  247
EFFN  14.076920
CKSUM 2949840701
STATS LOCAL MSV       -6.5827  0.72033
STATS LOCAL VITERBI   -6.7422  0.72033
STATS LOCAL FORWARD   -4.3207  0.72033
HMM          A        C        D        E        F        G        H        I        K        L        M        N        P        Q        R        S        T        V        W        Y   
            m->m     m->i     m->d     i->m     i->i     d->m     d->d
  COMPO   2.29862  3.06921  3.80878  4.71266  2.86289  4.34742  5.44092  2.17566  5.21106  1.50525  2.92961  5.25830  2.32338  5.05694  3.74459  2.46925  3.64361  2.27792  6.83475  5.16625
          2.68621  4.42228  2.77522  2.73126  3.46357  2.40516  3.72497  3.29357  2.67744  2.69358  4.24475  2.90350  2.73743  3.18149  2.89804  2.37890  2.77522  2.98521  4.58480  3.61506
          0.04935  3.78303  3.67298  0.25122  1.50440  0.00000        *
      1   6.64209  7.73052  7.40865  7.43962  6.86160  6.47874  7.87089  6.59576  7.45411  5.61234  0.01798  7.58103  7.12114  7.72817  7.30208  6.99015  7.09341  6.70503  8.15107  7.38040      2 M - - -
          2.68618  4.42225  2.77519  2.73123  3.46354  2.40513  3.72494  3.29354  2.67741  2.69355  4.24690  2.90347  2.73739  3.18146  2.89801  2.37887  2.77519  2.98518  4.58477  3.61503
          0.00285  6.25844  6.98079  0.61958  0.77255  0.70828  0.67824
      2   3.84752  3.16469  4.98542  4.35983  4.56502  4.85301  3.32605  3.92473  3.96431  1.30816  4.55357  4.67157  4.57164  3.66978  0.92338  3.80751  4.06958  3.71647  6.01069  3.36155      3 r - - -
          2.68618  4.42225  2.77519  2.73123  3.46354  2.40513  3.72494  3.29354  2.67741  2.69355  4.24690  2.90347  2.73739  3.18146  2.89801  2.37887  2.77519  2.98518  4.58477  3.61503
          0.00285  6.25844  6.98079  0.61958  0.77255  0.70828  0.67824
      3   4.25214  0.15686  6.51218  6.40471  4.08179  3.88500  6.11035  5.58770  6.22226  5.18370  6.16916  5.73362  5.79775  6.24520  6.15743  3.82256  4.79252  5.09940  6.46728  3.62739      4 C - - -
          2.68618  4.42225  2.77519  2.73123  3.46354  2.40513  3.72494  3.29354  2.67741  2.69355  4.24690  2.90347  2.73739  3.18146  2.89801  2.37887  2.77519  2.98518  4.58477  3.61503
          0.00285  6.25844  6.98079  0.61958  0.77255  0.67523  0.71139
      4   5.58943  6.68822  7.63010  7.07099  2.86890  7.19778  7.46935  2.86762  6.99819  0.36417  4.40822  7.40297  6.95961  6.62891  6.83708  6.68577  5.77426  1.83316  7.11996  6.27494      5 L - - -
          2.68618  4.42225  2.77519  2.73123  3.46354  2.40513  3.72494  3.29354  2.67741  2.69355  4.24690  2.90347  2.73739  3.18146  2.89801  2.37887  2.77519  2.98518  4.58477  3.61503
          0.00284  6.26052  6.98287  0.61958  0.77255  0.69159  0.69470
      5   4.56073  6.50977  5.12432  4.79342  6.40011  5.12311  5.64429  5.85043  3.95812  3.62761  6.23326  5.07114  0.20384  3.58870  3.59827  3.86644  4.92880  5.40695  7.37484  6.22047      6 P - - -
          2.68618  4.42225  2.77519  2.73123  3.46354  2.40513  3.72494  3.29354  2.67741  2.69355  4.24690  2.90347  2.73739  3.18146  2.89801  2.37887  2.77519  2.98518  4.58477  3.61503
          0.00447  6.26052  5.97346  0.61958  0.77255  0.69159  0.69470
      6   4.97220  6.10897  7.18839  6.79561  5.59025  6.81707  7.94462  2.66617  6.83272  3.25755  5.24060  7.00658  6.95043  7.15213  7.07470  6.34068  5.24004  0.15390  8.01169  6.74772      7 V - - -
          2.68618  4.42225  2.77519  2.73123  3.46354  2.40513  3.72494  3.29354  2.67741  2.69355  4.24690  2.90347  2.73739  3.18146  2.89801  2.37887  2.77519  2.98518  4.58477  3.61503
          0.00285  6.25891  6.98125  0.61958  0.77255  0.67879  0.70772
      7   5.56254  6.66608  7.48849  7.01875  0.23510  7.03482  6.81008  3.36841  6.92128  2.51108  4.54777  7.10168  6.92666  6.59892  6.77571  6.50466  5.76119  2.83492  6.68795  5.33257      8 F - - -
          2.68618  4.42225  2.77519  2.73123  3.46354  2.40513  3.72494  3.29354  2.67741  2.69355  4.24690  2.90347  2.73739  3.18146  2.89801  2.37887  2.77519  2.98518  4.58477  3.61503
          0.00284  6.26052  6.98287  0.61958  0.77255  0.60387  0.79118
      8   4.75962  3.84461  6.91708  6.45487  3.66434  6.41095  7.16584  0.64337  6.40467  3.28619  5.16395  6.58151  6.63158  6.66992  6.55856  5.84444  3.82071  1.08927  7.49332  6.25085      9 I - - -
          2.68618  4.42225  2.77519  2.73123  3.46354  2.40513  3.72494  3.29354  2.67741  2.69355  4.24690  2.90347  2.73739  3.18146  2.89801  2.37887  2.77519  2.98518  4.58477  3.61503
          0.00283  6.26618  6.98853  0.61958  0.77255  0.39789  1.11393
      9   4.88843  6.06594  7.04040  6.57654  3.34781  6.54556  7.27475  0.22891  6.52990  3.67577  4.12670  6.72399  6.71917  6.71729  6.65500  5.99044  3.69044  2.55772  7.47399  6.29674     10 I - - -
          2.68618  4.42225  2.77519  2.73123  3.46354  2.40513  3.72494  3.29354  2.67741  2.69355  4.24690  2.90347  2.73739  3.18146  2.89801  2.37887  2.77519  2.98518  4.58477  3.61503
          0.00278  6.28324  7.00559  0.61958  0.77255  0.48576  0.95510
     10   4.95391  6.21717  6.89462  6.30131  3.52109  6.22265  4.15208  3.36101  6.11720  0.18173  4.35917  6.37922  4.56721  6.03065  6.05175  5.58061  5.16175  3.68162  6.55414  5.43721     11 L - - -
          2.68618  4.42225  2.77519  2.73123  3.46354  2.40513  3.72494  3.29354  2.67741  2.69355  4.24690  2.90347  2.73739  3.18146  2.89801  2.37887  2.77519  2.98518  4.58477  3.61503
          0.00278  6.28324  7.00559  0.61958  0.77255  0.48576  0.95510
     11   5.78612  6.90286  7.60088  7.14560  2.54527  7.07208  6.96156  4.10310  7.03184  0.18473  4.48436  7.27050  3.45441  6.61267  6.81890  6.60683  5.98115  4.54868  6.76978  5.51462     12 L - - -
          2.68618  4.42225  2.77519  2.73123  3.46354  2.40513  3.72494  3.29354  2.67741  2.69355  4.24690  2.90347  2.73739  3.18146  2.89801  2.37887  2.77519  2.98518  4.58477  3.61503
          0.00278  6.28324  7.00559  0.61958  0.77255  0.48576  0.95510
     12   4.69306  5.98776  6.65675  6.07503  4.60623  4.29042  6.32627  2.41342  5.87436  0.27819  4.41867  6.14377  6.18956  4.00004  5.85874  5.31996  4.92004  2.90392  6.58348  5.52263     13 L - - -
          2.68618  4.42225  2.77519  2.73123  3.46354  2.40513  3.72494  3.29354  2.67741  2.69355  4.24690  2.90347  2.73739  3.18146  2.89801  2.37887  2.77519  2.98518  4.58477  3.61503
          0.00278  6.28324  7.00559  0.61958  0.77255  0.48576  0.95510
     13   5.86099  6.91526  7.84648  7.29170  4.69975  7.45179  7.65606  2.44015  7.21774  0.14813  4.39802  7.71975  7.08836  6.71599  6.98056  7.02832  6.02591  4.32601  7.16142  6.36688     14 L - - -
          2.68618  4.42225  2.77519  2.73123  3.46354  2.40513  3.72494  3.29354  2.67741  2.69355  4.24690  2.90347  2.73739  3.18146  2.89801  2.37887  2.77519  2.98518  4.58477  3.61503
          0.00278  6.28324  7.00559  0.61958  0.77255  0.48576  0.95510
     14   2.01144  5.33846  5.96832  5.37489  4.49742  5.21342  5.59409  0.65647  5.18105  3.02282  3.95693  5.37860  5.56755  5.32835  5.20895  3.07799  2.64918  2.33737  6.08212  4.90010     15 I - - -
          2.68618  4.42225  2.77519  2.73123  3.46354  2.40513  3.72494  3.29354  2.67741  2.69355  4.24690  2.90347  2.73739  3.18146  2.89801  2.37887  2.77519  2.98518  4.58477  3.61503
          0.00278  6.28324  7.00559  0.61958  0.77255  0.48576  0.95510
     15   1.06016  5.90710  6.09206  5.78905  6.40687  4.10254  6.52949  5.86070  5.70590  4.39716  6.33666  5.47580  1.41203  5.89321  5.87271  1.24579  3.05412  4.15561  7.77019  6.66380     16 a - - -
          2.68618  4.42225  2.77519  2.73123  3.46354  2.40513  3.72494  3.29354  2.67741  2.69355  4.24690  2.90347  2.73739  3.18146  2.89801  2.37887  2.77519  2.98518  4.58477  3.61503
          0.00277  6.28489  7.00724  0.61958  0.77255  0.48576  0.95510
     16   2.75408  5.91190  6.32405  6.15382  2.63118  4.75111  6.73232  5.94638  6.06002  5.65240  6.44029  5.59947  1.70148  6.17450  6.11102  0.50573  3.28914  5.19641  7.86165  6.78083     17 S - - -
          2.68618  4.42225  2.77519  2.73123  3.46354  2.40513  3.72494  3.29354  2.67741  2.69355  4.24690  2.90347  2.73739  3.18146  2.89801  2.37887  2.77519  2.98518  4.58477  3.61503
          0.00277  6.28489  7.00724  0.61958  0.77255  0.48576  0.95510
     17   0.43742  5.67965  4.94948  3.73679  5.18279  3.48786  5.39864  3.35559  4.40174  4.26108  5.12863  4.73787  3.77582  4.69706  4.75371  3.05612  2.43531  3.81736  6.59462  5.36527     18 A - - -
          2.68618  4.42225  2.77519  2.73123  3.46354  2.40513  3.72494  3.29354  2.67741  2.69355  4.24690  2.90347  2.73739  3.18146  2.89801  2.37887  2.77519  2.98518  4.58477  3.61503
          0.02390  6.28489  3.82781  0.61958  0.77255  0.48576  0.95510
     18   1.46019  5.88736  6.34520  6.18572  6.45935  3.39296  6.73304  5.90010  6.07537  4.21943  6.41133  5.59339  0.49727  6.18392  6.10879  3.15229  4.56899  3.42266  7.84894  6.78592     19 P - - -
          2.68618  4.42225  2.77519  2.73123  3.46354  2.40513  3.72494  3.29354  2.67741  2.69355  4.24690  2.90347  2.73739  3.18146  2.89801  2.37887  2.77519  2.98518  4.58477  3.61503
          0.08835  6.26382  2.49307  0.61958  0.77255  0.67846  0.70806
     19   3.34077  3.83355  5.05993  4.58023  5.99281  2.84692  5.66741  5.45051  4.55692  5.06714  5.84212  4.01183  2.14580  4.86577  3.82677  0.64593  1.97529  4.85447  7.26201  6.01577     20 S - - -
          2.68618  4.42225  2.77519  2.73123  3.46354  2.40513  3.72494  3.29354  2.67741  2.69355  4.24690  2.90347  2.73739  3.18146  2.89801  2.37887  2.77519  2.98518  4.58477  3.61503
          0.43097  6.17672  1.05543  0.61958  0.77255  1.19287  0.36147
     20   2.80644  4.95567  5.57764  4.98705  3.07473  4.84319  5.22367  2.20930  4.79870  2.72683  4.09049  5.00129  5.19248  4.94935  4.83327  2.23871  3.84900  0.70735  5.71167  4.52858     21 v - - -
          2.68618  4.42225  2.77519  2.73123  3.46354  2.40513  3.72494  3.29354  2.67741  2.69355  4.24690  2.90347  2.73739  3.18146  2.89801  2.37887  2.77519  2.98518  4.58477  3.61503
          0.03850  5.75049  3.36414  0.61958  0.77255  1.71664  0.19805
     21   3.16949  6.96516  0.48603  1.94981  6.23546  4.43980  5.03251  5.79391  4.12658  2.86586  6.11164  3.31475  5.09405  4.20237  4.78916  4.10826  4.56069  5.32908  7.40134  5.82685     22 D - - -
          2.68618  4.42225  2.77519  2.73123  3.46354  2.40513  3.72494  3.29354  2.67741  2.69355  4.24690  2.90347  2.73739  3.18146  2.89801  2.37887  2.77519  2.98518  4.58477  3.61503
          0.00464  5.77072  6.49307  0.61958  0.77255  1.87929  0.16570
     22   0.39895  5.45739  5.88890  5.71391  6.14894  2.80820  6.31037  5.61722  5.60847  5.32079  6.08409  5.13981  5.14067  5.72729  5.66640  1.99699  3.09360  3.26275  7.51092  6.45959     23 A - - -
          2.68618  4.42225  2.77519  2.73123  3.46354  2.40513  3.72494  3.29354  2.67741  2.69355  4.24690  2.90347  2.73739  3.18146  2.89801  2.37887  2.77519  2.98518  4.58477  3.61503
          0.00305  5.79524        *  0.61958  0.77255  0.00000        *
//
HMMER3/f [3.4 | Aug 2023]
NAME  U
LENG  24
ALPH  amino
RF    no
MM    no
CONS  yes
CS    no
MAP   yes
DATE  Fri Jul  5 22:02:29 2024
NSEQ  5
EFFN  2.299805
CKSUM 3250856582
STATS LOCAL MSV       -6.7183  0.72023
STATS LOCAL VITERBI   -6.7692  0.72023
STATS LOCAL FORWARD   -4.2307  0.72023
HMM          A        C        D        E        F        G        H        I        K        L        M        N        P        Q        R        S        T        V        W        Y   
            m->m     m->i     m->d     i->m     i->i     d->m     d->d
  COMPO   2.33662  3.19536  4.59029  3.16204  2.57280  2.96120  5.13923  2.91180  4.31217  1.68664  2.56433  3.99811  4.73708  4.66897  3.15768  2.87326  2.18090  2.48517  5.78607  4.49061
          2.68618  4.42225  2.77519  2.73123  3.46354  2.40513  3.72494  3.29354  2.67741  2.69355  4.24690  2.90347  2.73739  3.18146  2.89801  2.37887  2.77519  2.98518  4.58477  3.61503
          0.01326  4.72535  5.44770  0.61958  0.77255  0.00000        *
      1   3.93338  5.37474  5.14888  4.89118  3.95771  4.60516  5.43271  3.24643  4.61690  2.48387  0.36550  5.04296  5.13135  4.96414  4.70361  4.32971  4.28969  3.34177  5.84459  4.67032      1 M - - -
          2.68618  4.42225  2.77519  2.73123  3.46354  2.40513  3.72494  3.29354  2.67741  2.69355  4.24690  2.90347  2.73739  3.18146  2.89801  2.37887  2.77519  2.98518  4.58477  3.61503
          0.01326  4.72535  5.44770  0.61958  0.77255  0.48576  0.95510
      2   3.14431  4.80676  3.86635  3.56656  3.98215  4.00461  4.56243  1.08295  3.56405  2.93845  4.03140  1.57424  4.52535  3.92896  3.85769  3.43269  3.45588  2.60286  5.57687  4.25943      2 i - - -
          2.68618  4.42225  2.77519  2.73123  3.46354  2.40513  3.72494  3.29354  2.67741  2.69355  4.24690  2.90347  2.73739  3.18146  2.89801  2.37887  2.77519  2.98518  4.58477  3.61503
          0.01326  4.72535  5.44770  0.61958  0.77255  0.48576  0.95510
      3   4.26828  5.88833  4.85904  4.27783  5.48608  4.48206  4.83275  5.17027  3.08617  4.52549  5.55881  4.54466  4.99582  4.06435  0.22427  4.35202  4.51015  4.86633  6.24901  5.30683      3 R - - -
          2.68618  4.42225  2.77519  2.73123  3.46354  2.40513  3.72494  3.29354  2.67741  2.69355  4.24690  2.90347  2.73739  3.18146  2.89801  2.37887  2.77519  2.98518  4.58477  3.61503
          0.01326  4.72535  5.44770  0.61958  0.77255  0.48576  0.95510
      4   3.93338  5.37474  5.14888  4.89118  3.95771  4.60516  5.43271  3.24643  4.61690  2.48387  0.36550  5.04296  5.13135  4.96414  4.70361  4.32971  4.28969  3.34177  5.84459  4.67032      4 M - - -
          2.68618  4.42225  2.77519  2.73123  3.46354  2.40513  3.72494  3.29354  2.67741  2.69355  4.24690  2.90347  2.73739  3.18146  2.89801  2.37887  2.77519  2.98518  4.58477  3.61503
          0.01326  4.72535  5.44770  0.61958  0.77255  0.48576  0.95510
      5   4.01977  5.63333  4.84644  4.87066  5.85647  0.12432  5.84988  5.74133  5.15169  5.24041  6.27519  5.01451  5.03297  5.41103  5.22152  4.22526  4.55555  5.11112  6.65476  6.01071      5 G - - -
          2.68618  4.42225  2.77519  2.73123  3.46354  2.40513  3.72494  3.29354  2.67741  2.69355  4.24690  2.90347  2.73739  3.18146  2.89801  2.37887  2.77519  2.98518  4.58477  3.61503
          0.01326  4.72535  5.44770  0.61958  0.77255  0.48576  0.95510
      6   4.55822  5.71661  5.44394  5.36776  0.25304  4.90243  4.55790  4.08457  5.28366  3.27659  4.70957  5.10207  5.38362  5.23323  5.19321  4.73381  4.87951  4.12397  4.67120  2.98144      6 F - - -
          2.68618  4.42225  2.77519  2.73123  3.46354  2.40513  3.72494  3.29354  2.67741  2.69355  4.24690  2.90347  2.73739  3.18146  2.89801  2.37887  2.77519  2.98518  4.58477  3.61503
          0.01326  4.72535  5.44770  0.61958  0.77255  0.48576  0.95510
      7   4.55822  5.71661  5.44394  5.36776  0.25304  4.90243  4.55790  4.08457  5.28366  3.27659  4.70957  5.10207  5.38362  5.23323  5.19321  4.73381  4.87951  4.12397  4.67120  2.98144      7 F - - -
          2.68618  4.42225  2.77519  2.73123  3.46354  2.40513  3.72494  3.29354  2.67741  2.69355  4.24690  2.90347  2.73739  3.18146  2.89801  2.37887  2.77519  2.98518  4.58477  3.61503
          0.01326  4.72535  5.44770  0.61958  0.77255  0.48576  0.95510
      8   4.27369  5.52228  5.55956  5.26988  3.71146  5.06549  5.69142  3.00757  5.05544  0.26693  3.58196  5.48628  5.40066  5.19415  5.06453  4.86538  4.54836  3.24911  5.81010  4.71088      8 L - - -
          2.68618  4.42225  2.77519  2.73123  3.46354  2.40513  3.72494  3.29354  2.67741  2.69355  4.24690  2.90347  2.73739  3.18146  2.89801  2.37887  2.77519  2.98518  4.58477  3.61503
          0.01326  4.72535  5.44770  0.61958  0.77255  0.48576  0.95510
      9   2.97554  4.64412  4.34426  3.89251  3.85929  3.87144  4.64694  2.97025  3.71740  2.62745  1.55395  4.07317  4.43740  4.05220  3.94031  3.27416  1.15549  2.82396  5.50850  4.31464      9 t - - -
          2.68618  4.42225  2.77519  2.73123  3.46354  2.40513  3.72494  3.29354  2.67741  2.69355  4.24690  2.90347  2.73739  3.18146  2.89801  2.37887  2.77519  2.98518  4.58477  3.61503
          0.01326  4.72535  5.44770  0.61958  0.77255  0.48576  0.95510
     10   4.27369  5.52228  5.55956  5.26988  3.71146  5.06549  5.69142  3.00757  5.05544  0.26693  3.58196  5.48628  5.40066  5.19415  5.06453  4.86538  4.54836  3.24911  5.81010  4.71088     10 L - - -
          2.68618  4.42225  2.77519  2.73123  3.46354  2.40513  3.72494  3.29354  2.67741  2.69355  4.24690  2.90347  2.73739  3.18146  2.89801  2.37887  2.77519  2.98518  4.58477  3.61503
          0.01326  4.72535  5.44770  0.61958  0.77255  0.48576  0.95510
     11   3.16401  4.98693  4.51085  4.39740  5.05382  3.77745  5.30356  4.32963  4.36585  4.14648  5.18395  4.38386  4.56296  4.71697  4.52091  3.37960  0.29809  3.89758  6.37255  5.28792     11 T - - -
          2.68618  4.42225  2.77519  2.73123  3.46354  2.40513  3.72494  3.29354  2.67741  2.69355  4.24690  2.90347  2.73739  3.18146  2.89801  2.37887  2.77519  2.98518  4.58477  3.61503
          0.01326  4.72535  5.44770  0.61958  0.77255  0.48576  0.95510
     12   1.36621  4.61008  4.80085  4.44397  4.25585  3.91716  5.15304  2.55878  4.35277  3.00907  4.13329  4.40289  4.58152  4.60497  4.52337  3.37109  3.40736  0.92242  5.95791  4.76187     12 v - - -
          2.68618  4.42225  2.77519  2.73123  3.46354  2.40513  3.72494  3.29354  2.67741  2.69355  4.24690  2.90347  2.73739  3.18146  2.89801  2.37887  2.77519  2.98518  4.58477  3.61503
          0.01326  4.72535  5.44770  0.61958  0.77255  0.48576  0.95510
     13   0.27568  4.87056  4.58665  4.50584  5.15999  3.66036  5.38056  4.45105  4.55221  4.27596  5.25315  4.36147  4.47751  4.80828  4.67769  3.23798  3.57465  3.92264  6.46836  5.41711     13 A - - -
          2.68618  4.42225  2.77519  2.73123  3.46354  2.40513  3.72494  3.29354  2.67741  2.69355  4.24690  2.90347  2.73739  3.18146  2.89801  2.37887  2.77519  2.98518  4.58477  3.61503
          0.01326  4.72535  5.44770  0.61958  0.77255  0.48576  0.95510
     14   3.58604  4.98035  5.27110  5.02451  4.36287  4.58488  5.74501  2.39893  4.92396  2.93848  4.25287  5.07495  5.14731  5.25129  5.05360  4.20032  3.95511  0.36242  6.25629  5.02694     14 V - - -
          2.68618  4.42225  2.77519  2.73123  3.46354  2.40513  3.72494  3.29354  2.67741  2.69355  4.24690  2.90347  2.73739  3.18146  2.89801  2.37887  2.77519  2.98518  4.58477  3.61503
          0.01326  4.72535  5.44770  0.61958  0.77255  0.48576  0.95510
     15   4.27369  5.52228  5.55956  5.26988  3.71146  5.06549  5.69142  3.00757  5.05544  0.26693  3.58196  5.48628  5.40066  5.19415  5.06453  4.86538  4.54836  3.24911  5.81010  4.71088     15 L - - -
          2.68618  4.42225  2.77519  2.73123  3.46354  2.40513  3.72494  3.29354  2.67741  2.69355  4.24690  2.90347  2.73739  3.18146  2.89801  2.37887  2.77519  2.98518  4.58477  3.61503
          0.01326  4.72535  5.44770  0.61958  0.77255  0.48576  0.95510
     16   4.27369  5.52228  5.55956  5.26988  3.71146  5.06549  5.69142  3.00757  5.05544  0.26693  3.58196  5.48628  5.40066  5.19415  5.06453  4.86538  4.54836  3.24911  5.81010  4.71088     16 L - - -
          2.68618  4.42225  2.77519  2.73123  3.46354  2.40513  3.72494  3.29354  2.67741  2.69355  4.24690  2.90347  2.73739  3.18146  2.89801  2.37887  2.77519  2.98518  4.58477  3.61503
          0.01326  4.72535  5.44770  0.61958  0.77255  0.48576  0.95510
     17   3.16401  4.98693  4.51085  4.39740  5.05382  3.77745  5.30356  4.32963  4.36585  4.14648  5.18395  4.38386  4.56296  4.71697  4.52091  3.37960  0.29809  3.89758  6.37255  5.28792     17 T - - -
          2.68618  4.42225  2.77519  2.73123  3.46354  2.40513  3.72494  3.29354  2.67741  2.69355  4.24690  2.90347  2.73739  3.18146  2.89801  2.37887  2.77519  2.98518  4.58477  3.61503
          0.01326  4.72535  5.44770  0.61958  0.77255  0.48576  0.95510
     18   2.98129  4.87659  4.23864  4.17275  5.11517  3.60383  5.19959  4.80313  4.31633  4.47009  5.35696  4.17803  4.41892  4.58991  4.50713  0.30881  3.53234  4.11927  6.41105  5.23252     18 S - - -
          2.68618  4.42225  2.77519  2.73123  3.46354  2.40513  3.72494  3.29354  2.67741  2.69355  4.24690  2.90347  2.73739  3.18146  2.89801  2.37887  2.77519  2.98518  4.58477  3.61503
          0.01326  4.72535  5.44770  0.61958  0.77255  0.48576  0.95510
     19   4.27369  5.52228  5.55956  5.26988  3.71146  5.06549  5.69142  3.00757  5.05544  0.26693  3.58196  5.48628  5.40066  5.19415  5.06453  4.86538  4.54836  3.24911  5.81010  4.71088     19 L - - -
          2.68618  4.42225  2.77519  2.73123  3.46354  2.40513  3.72494  3.29354  2.67741  2.69355  4.24690  2.90347  2.73739  3.18146  2.89801  2.37887  2.77519  2.98518  4.58477  3.61503
          0.01326  4.72535  5.44770  0.61958  0.77255  0.48576  0.95510
     20   3.38982  4.67234  5.31423  4.80751  4.03371  4.79851  5.41307  1.19741  4.70676  2.64542  3.84578  4.94335  5.11626  4.94872  4.86140  4.18289  2.12256  1.09287  5.90492  4.69261     20 v - - -
          2.68618  4.42225  2.77519  2.73123  3.46354  2.40513  3.72494  3.29354  2.67741  2.69355  4.24690  2.90347  2.73739  3.18146  2.89801  2.37887  2.77519  2.98518  4.58477  3.61503
          0.01326  4.72535  5.44770  0.61958  0.77255  0.48576  0.95510
     21   3.92294  0.15099  5.46059  5.42332  5.37176  4.29477  5.91445  4.78862  5.31719  4.59295  5.75882  5.24933  5.04144  5.62270  5.26537  4.18817  4.45467  4.44112  6.48141  5.62926     21 C - - -
          2.68618  4.42225  2.77519  2.73123  3.46354  2.40513  3.72494  3.29354  2.67741  2.69355  4.24690  2.90347  2.73739  3.18146  2.89801  2.37887  2.77519  2.98518  4.58477  3.61503
          0.01326  4.72535  5.44770  0.61958  0.77255  0.48576  0.95510
     22   2.67469  4.60040  4.17926  3.94836  4.92652  3.39140  4.92622  4.32980  3.96448  4.05722  4.88395  3.93120  4.19038  4.24024  4.20586  1.70223  0.68806  3.71220  6.28258  5.10646     22 T - - -
          2.68618  4.42225  2.77519  2.73123  3.46354  2.40513  3.72494  3.29354  2.67741  2.69355  4.24690  2.90347  2.73739  3.18146  2.89801  2.37887  2.77519  2.98518  4.58477  3.61503
          0.01326  4.72535  5.44770  0.61958  0.77255  0.48576  0.95510
     23   4.05380  6.08966  3.25898  0.25579  5.60743  4.10623  4.87420  5.28519  3.90688  4.77400  5.79971  3.83173  4.77084  4.12766  4.35106  3.98898  4.39124  4.90320  6.57768  5.43885     23 E - - -
          2.68618  4.42225  2.77519  2.73123  3.46354  2.40513  3.72494  3.29354  2.67741  2.69355  4.24690  2.90347  2.73739  3.18146  2.89801  2.37887  2.77519  2.98518  4.58477  3.61503
          0.01326  4.72535  5.44770  0.61958  0.77255  0.48576  0.95510
     24   0.27568  4.87056  4.58665  4.50584  5.15999  3.66036  5.38056  4.45105  4.55221  4.27596  5.25315  4.36147  4.47751  4.80828  4.67769  3.23798  3.57465  3.92264  6.46836  5.41711     24 A - - -
          2.68618  4.42225  2.77519  2.73123  3.46354  2.40513  3.72494  3.29354  2.67741  2.69355  4.24690  2.90347  2.73739  3.18146  2.89801  2.37887  2.77519  2.98518  4.58477  3.61503
          0.00895  4.72103        *  0.61958  0.77255  0.00000        *
//
HMMER3/f [3.4 | Aug 2023]
NAME  V
LENG  19
ALPH  amino
RF    no
MM    no
CONS  yes
CS    no
MAP   yes
DATE  Fri Jul  5 22:02:35 2024
NSEQ  2
EFFN  2.000000
CKSUM 2164822347
STATS LOCAL MSV       -6.4096  0.72994
STATS LOCAL VITERBI   -6.5981  0.72994
STATS LOCAL FORWARD   -3.7740  0.72994
HMM          A        C        D        E        F        G        H        I        K        L        M        N        P        Q        R        S        T        V        W        Y   
            m->m     m->i     m->d     i->m     i->i     d->m     d->d
  COMPO   2.52478  3.76207  3.02648  4.34197  4.15015  2.37927  5.20806  2.34113  4.25764  1.44835  2.51343  4.51523  2.71333  4.63195  3.01394  2.87390  3.90279  2.63979  5.91938  4.80357
          2.68618  4.42225  2.77519  2.73123  3.46354  2.40513  3.72494  3.29354  2.67741  2.69355  4.24690  2.90347  2.73739  3.18146  2.89801  2.37887  2.77519  2.98518  4.58477  3.61503
          0.01467  4.62483  5.34718  0.61958  0.77255  0.00000        *
      1   3.78609  5.23920  4.99896  4.71640  3.82551  4.49683  5.27913  3.09658  4.44245  2.35395  0.43643  4.88347  5.01099  4.79366  4.54476  4.18152  4.13368  3.18226  5.71684  4.53313      1 M - - -
          2.68618  4.42225  2.77519  2.73123  3.46354  2.40513  3.72494  3.29354  2.67741  2.69355  4.24690  2.90347  2.73739  3.18146  2.89801  2.37887  2.77519  2.98518  4.58477  3.61503
          0.01467  4.62483  5.34718  0.61958  0.77255  0.48576  0.95510
      2   3.78609  5.23920  4.99896  4.71640  3.82551  4.49683  5.27913  3.09658  4.44245  2.35395  0.43643  4.88347  5.01099  4.79366  4.54476  4.18152  4.13368  3.18226  5.71684  4.53313      2 M - - -
          2.68618  4.42225  2.77519  2.73123  3.46354  2.40513  3.72494  3.29354  2.67741  2.69355  4.24690  2.90347  2.73739  3.18146  2.89801  2.37887  2.77519  2.98518  4.58477  3.61503
          0.01467  4.62483  5.34718  0.61958  0.77255  0.48576  0.95510
      3   4.03124  5.59357  4.71592  4.69270  5.53678  4.24299  5.64411  5.35980  4.82963  4.85903  5.97586  4.90496  0.15351  5.18563  4.93230  4.23350  4.53279  4.90205  6.44294  5.68377      3 P - - -
          2.68618  4.42225  2.77519  2.73123  3.46354  2.40513  3.72494  3.29354  2.67741  2.69355  4.24690  2.90347  2.73739  3.18146  2.89801  2.37887  2.77519  2.98518  4.58477  3.61503
          0.01467  4.62483  5.34718  0.61958  0.77255  0.48576  0.95510
      4   3.48020  4.88506  5.13802  4.87715  4.24638  4.48140  5.59995  2.32145  4.76955  2.83193  4.14161  4.94179  5.04021  5.09894  4.90810  4.07890  3.84676  0.41190  6.13252  4.89734      4 V - - -
          2.68618  4.42225  2.77519  2.73123  3.46354  2.40513  3.72494  3.29354  2.67741  2.69355  4.24690  2.90347  2.73739  3.18146  2.89801  2.37887  2.77519  2.98518  4.58477  3.61503
          0.01467  4.62483  5.34718  0.61958  0.77255  0.48576  0.95510
      5   3.69784  4.98155  5.31546  5.00583  4.01721  4.82673  5.66089  0.45120  4.86180  2.50308  3.89050  5.16483  5.23925  5.16590  4.98478  4.45434  4.00240  2.15231  6.01857  4.79529      5 I - - -
          2.68618  4.42225  2.77519  2.73123  3.46354  2.40513  3.72494  3.29354  2.67741  2.69355  4.24690  2.90347  2.73739  3.18146  2.89801  2.37887  2.77519  2.98518  4.58477  3.61503
          0.01467  4.62483  5.34718  0.61958  0.77255  0.48576  0.95510
      6   4.12723  5.39816  5.40081  5.09880  3.61818  4.93777  5.54137  2.90258  4.87682  0.30752  3.49923  5.31733  5.28030  5.04552  4.90691  4.69892  4.40337  3.12238  5.70016  4.58094      6 L - - -
          2.68618  4.42225  2.77519  2.73123  3.46354  2.40513  3.72494  3.29354  2.67741  2.69355  4.24690  2.90347  2.73739  3.18146  2.89801  2.37887  2.77519  2.98518  4.58477  3.61503
          0.01467  4.62483  5.34718  0.61958  0.77255  0.48576  0.95510
      7   3.25246  4.88475  4.29737  3.92700  3.78514  4.06751  4.72663  3.08535  3.77652  1.07413  3.76301  4.19135  1.32051  4.13477  3.99807  3.54176  3.58624  3.04576  5.51412  4.29702      7 l - - -
          2.68618  4.42225  2.77519  2.73123  3.46354  2.40513  3.72494  3.29354  2.67741  2.69355  4.24690  2.90347  2.73739  3.18146  2.89801  2.37887  2.77519  2.98518  4.58477  3.61503
          0.01467  4.62483  5.34718  0.61958  0.77255  0.48576  0.95510
      8   4.12723  5.39816  5.40081  5.09880  3.61818  4.93777  5.54137  2.90258  4.87682  0.30752  3.49923  5.31733  5.28030  5.04552  4.90691  4.69892  4.40337  3.12238  5.70016  4.58094      8 L - - -
          2.68618  4.42225  2.77519  2.73123  3.46354  2.40513  3.72494  3.29354  2.67741  2.69355  4.24690  2.90347  2.73739  3.18146  2.89801  2.37887  2.77519  2.98518  4.58477  3.61503
          0.01467  4.62483  5.34718  0.61958  0.77255  0.48576  0.95510
      9   4.12723  5.39816  5.40081  5.09880  3.61818  4.93777  5.54137  2.90258  4.87682  0.30752  3.49923  5.31733  5.28030  5.04552  4.90691  4.69892  4.40337  3.12238  5.70016  4.58094      9 L - - -
          2.68618  4.42225  2.77519  2.73123  3.46354  2.40513  3.72494  3.29354  2.67741  2.69355  4.24690  2.90347  2.73739  3.18146  2.89801  2.37887  2.77519  2.98518  4.58477  3.61503
          0.01467  4.62483  5.34718  0.61958  0.77255  0.48576  0.95510
     10   4.12723  5.39816  5.40081  5.09880  3.61818  4.93777  5.54137  2.90258  4.87682  0.30752  3.49923  5.31733  5.28030  5.04552  4.90691  4.69892  4.40337  3.12238  5.70016  4.58094     10 L - - -
          2.68618  4.42225  2.77519  2.73123  3.46354  2.40513  3.72494  3.29354  2.67741  2.69355  4.24690  2.90347  2.73739  3.18146  2.89801  2.37887  2.77519  2.98518  4.58477  3.61503
          0.01467  4.62483  5.34718  0.61958  0.77255  0.48576  0.95510
     11   2.87755  4.77801  4.08812  4.00356  4.97298  3.50443  5.04700  4.63743  4.13784  4.31116  5.20151  4.04209  4.31192  4.42291  4.34624  0.36096  3.42109  3.98257  6.28115  5.08376     11 S - - -
          2.68618  4.42225  2.77519  2.73123  3.46354  2.40513  3.72494  3.29354  2.67741  2.69355  4.24690  2.90347  2.73739  3.18146  2.89801  2.37887  2.77519  2.98518  4.58477  3.61503
          0.01467  4.62483  5.34718  0.61958  0.77255  0.48576  0.95510
     12   4.12723  5.39816  5.40081  5.09880  3.61818  4.93777  5.54137  2.90258  4.87682  0.30752  3.49923  5.31733  5.28030  5.04552  4.90691  4.69892  4.40337  3.12238  5.70016  4.58094     12 L - - -
          2.68618  4.42225  2.77519  2.73123  3.46354  2.40513  3.72494  3.29354  2.67741  2.69355  4.24690  2.90347  2.73739  3.18146  2.89801  2.37887  2.77519  2.98518  4.58477  3.61503
          0.01467  4.62483  5.34718  0.61958  0.77255  0.48576  0.95510
     13   0.32372  4.76536  4.42980  4.32857  5.00499  3.55951  5.22620  4.27004  4.37081  4.10495  5.08789  4.22499  4.36948  4.63911  4.51684  3.12947  3.46009  3.76842  6.33337  5.25783     13 A - - -
          2.68618  4.42225  2.77519  2.73123  3.46354  2.40513  3.72494  3.29354  2.67741  2.69355  4.24690  2.90347  2.73739  3.18146  2.89801  2.37887  2.77519  2.98518  4.58477  3.61503
          0.01467  4.62483  5.34718  0.61958  0.77255  0.48576  0.95510
     14   3.69784  4.98155  5.31546  5.00583  4.01721  4.82673  5.66089  0.45120  4.86180  2.50308  3.89050  5.16483  5.23925  5.16590  4.98478  4.45434  4.00240  2.15231  6.01857  4.79529     14 I - - -
          2.68618  4.42225  2.77519  2.73123  3.46354  2.40513  3.72494  3.29354  2.67741  2.69355  4.24690  2.90347  2.73739  3.18146  2.89801  2.37887  2.77519  2.98518  4.58477  3.61503
          0.01467  4.62483  5.34718  0.61958  0.77255  0.48576  0.95510
     15   4.09153  5.75008  4.67229  4.09411  5.31638  4.34678  4.67762  4.97541  2.93879  4.35023  5.37643  4.37234  4.85576  3.90366  0.27042  4.17197  4.33362  4.67489  6.11461  5.14175     15 R - - -
          2.68618  4.42225  2.77519  2.73123  3.46354  2.40513  3.72494  3.29354  2.67741  2.69355  4.24690  2.90347  2.73739  3.18146  2.89801  2.37887  2.77519  2.98518  4.58477  3.61503
          0.01467  4.62483  5.34718  0.61958  0.77255  0.48576  0.95510
     16   2.81840  1.07096  4.74602  4.57918  4.97876  1.01198  5.26147  4.39922  4.50130  4.16450  5.03588  4.27464  4.31507  4.72251  4.59012  3.04592  3.36953  3.80579  6.27646  5.24462     16 g - - -
          2.68618  4.42225  2.77519  2.73123  3.46354  2.40513  3.72494  3.29354  2.67741  2.69355  4.24690  2.90347  2.73739  3.18146  2.89801  2.37887  2.77519  2.98518  4.58477  3.61503
          0.01467  4.62483  5.34718  0.61958  0.77255  0.48576  0.95510
     17   1.00089  4.54999  4.14581  3.99372  5.03746  1.10483  4.99778  4.46684  4.11793  4.18226  4.99064  3.92429  4.14228  4.33008  4.33730  2.82419  3.17415  3.76533  6.35907  5.23581     17 a - - -
          2.68618  4.42225  2.77519  2.73123  3.46354  2.40513  3.72494  3.29354  2.67741  2.69355  4.24690  2.90347  2.73739  3.18146  2.89801  2.37887  2.77519  2.98518  4.58477  3.61503
          0.01467  4.62483  5.34718  0.61958  0.77255  0.48576  0.95510
     18   4.01052  6.06349  0.26136  3.13020  5.59274  3.98247  4.84911  5.39974  4.10339  4.87690  5.92735  3.70557  4.68335  4.12652  4.67577  3.92547  4.37982  4.97238  6.57594  5.41591     18 D - - -
          2.68618  4.42225  2.77519  2.73123  3.46354  2.40513  3.72494  3.29354  2.67741  2.69355  4.24690  2.90347  2.73739  3.18146  2.89801  2.37887  2.77519  2.98518  4.58477  3.61503
          0.01467  4.62483  5.34718  0.61958  0.77255  0.48576  0.95510
     19   3.84125  5.47999  4.65486  4.66631  5.68016  0.15181  5.67046  5.52655  4.93955  5.04946  6.07339  4.82272  4.88165  5.20581  5.03385  4.04240  4.37307  4.91201  6.51694  5.82696     19 G - - -
          2.68618  4.42225  2.77519  2.73123  3.46354  2.40513  3.72494  3.29354  2.67741  2.69355  4.24690  2.90347  2.73739  3.18146  2.89801  2.37887  2.77519  2.98518  4.58477  3.61503
          0.00990  4.62006        *  0.61958  0.77255  0.00000        *
//
HMMER3/f [3.4 | Aug 2023]
NAME  Y
LENG  20
ALPH  amino
RF    no
MM    no
CONS  yes
CS    no
MAP   yes
DATE  Fri Jul  5 22:02:41 2024
NSEQ  4
EFFN  4.000000
CKSUM 1047461534
STATS LOCAL MSV       -5.9290  0.72168
STATS LOCAL VITERBI   -6.4483  0.72168
STATS LOCAL FORWARD   -4.1844  0.72168
HMM          A        C        D        E        F        G        H        I        K        L        M        N        P        Q        R        S        T        V        W        Y   
            m->m     m->i     m->d     i->m     i->i     d->m     d->d
  COMPO   1.99584  5.61649  5.33921  5.13849  4.52896  4.63814  5.84464  2.86790  3.00491  1.01064  2.75366  5.19372  2.76283  3.55832  4.97103  3.22706  2.51333  2.79005  6.42178  5.38417
          2.68618  4.42225  2.77519  2.73123  3.46354  2.40513  3.72494  3.29354  2.67741  2.69355  4.24690  2.90347  2.73739  3.18146  2.89801  2.37887  2.77519  2.98518  4.58477  3.61503
          0.00858  5.15864  5.88099  0.61958  0.77255  0.00000        *
      1   4.64481  6.02761  5.81918  5.67216  4.64934  5.11052  6.14082  4.03101  5.43191  3.18771  0.16065  5.77301  5.68852  5.75700  5.44971  5.03154  5.04037  4.16092  6.46873  5.35415      1 M - - -
          2.68618  4.42225  2.77519  2.73123  3.46354  2.40513  3.72494  3.29354  2.67741  2.69355  4.24690  2.90347  2.73739  3.18146  2.89801  2.37887  2.77519  2.98518  4.58477  3.61503
          0.00858  5.15864  5.88099  0.61958  0.77255  0.48576  0.95510
      2   3.94512  5.66087  4.41942  4.03545  4.19361  4.64284  4.89411  3.68826  3.54226  1.37641  4.20373  4.42054  5.07504  0.72228  3.75704  4.12939  4.19774  3.76588  5.92655  4.64146      2 q - - -
          2.68618  4.42225  2.77519  2.73123  3.46354  2.40513  3.72494  3.29354  2.67741  2.69355  4.24690  2.90347  2.73739  3.18146  2.89801  2.37887  2.77519  2.98518  4.58477  3.61503
          0.00858  5.15864  5.88099  0.61958  0.77255  0.48576  0.95510
      3   4.81271  6.44149  5.07288  4.60759  6.17405  4.93894  5.25639  5.79217  0.13196  5.11184  6.12690  4.92115  5.45017  4.46991  3.63257  4.85607  5.02597  5.46942  6.76991  5.89471      3 K - - -
          2.68618  4.42225  2.77519  2.73123  3.46354  2.40513  3.72494  3.29354  2.67741  2.69355  4.24690  2.90347  2.73739  3.18146  2.89801  2.37887  2.77519  2.98518  4.58477  3.61503
          0.00858  5.15864  5.88099  0.61958  0.77255  0.48576  0.95510
      4   0.64801  4.96017  4.97286  4.65354  4.52284  4.01206  5.32369  3.63620  4.50047  3.29533  1.55954  4.56058  4.73318  4.76991  4.64767  3.48154  3.67373  3.42218  6.17293  5.00716      4 A - - -
          2.68618  4.42225  2.77519  2.73123  3.46354  2.40513  3.72494  3.29354  2.67741  2.69355  4.24690  2.90347  2.73739  3.18146  2.89801  2.37887  2.77519  2.98518  4.58477  3.61503
          0.00858  5.15864  5.88099  0.61958  0.77255  0.48576  0.95510
      5   3.19937  5.10279  4.73030  4.60843  5.54302  3.87590  5.56177  4.97101  4.64541  4.68387  5.54054  4.50900  1.45853  4.91971  4.82222  3.40328  0.56881  4.30444  6.84899  5.75492      5 T - - -
          2.68618  4.42225  2.77519  2.73123  3.46354  2.40513  3.72494  3.29354  2.67741  2.69355  4.24690  2.90347  2.73739  3.18146  2.89801  2.37887  2.77519  2.98518  4.58477  3.61503
          0.00858  5.15864  5.88099  0.61958  0.77255  0.48576  0.95510
      6   4.09003  5.45000  5.83814  5.65142  4.92123  5.04232  6.37195  2.83023  5.59102  3.46844  4.79891  5.65677  5.62439  5.90976  5.68410  4.74694  4.47096  0.20223  6.81142  5.62400      6 V - - -
          2.68618  4.42225  2.77519  2.73123  3.46354  2.40513  3.72494  3.29354  2.67741  2.69355  4.24690  2.90347  2.73739  3.18146  2.89801  2.37887  2.77519  2.98518  4.58477  3.61503
          0.00858  5.15864  5.88099  0.61958  0.77255  0.48576  0.95510
      7   4.91943  6.07804  6.20575  5.96913  4.17473  5.59449  6.33051  3.51589  5.80807  0.14441  4.01175  6.19412  5.91567  5.82414  5.73219  5.58379  5.18804  3.83852  6.31563  5.30148      7 L - - -
          2.68618  4.42225  2.77519  2.73123  3.46354  2.40513  3.72494  3.29354  2.67741  2.69355  4.24690  2.90347  2.73739  3.18146  2.89801  2.37887  2.77519  2.98518  4.58477  3.61503
          0.00858  5.15864  5.88099  0.61958  0.77255  0.48576  0.95510
      8   4.51148  5.65420  6.48916  5.95418  3.79266  6.02583  6.35877  1.53109  5.83098  0.47337  3.51413  6.22362  5.92671  5.61182  5.74035  5.49834  4.71495  2.98047  6.14959  5.23295      8 L - - -
          2.68618  4.42225  2.77519  2.73123  3.46354  2.40513  3.72494  3.29354  2.67741  2.69355  4.24690  2.90347  2.73739  3.18146  2.89801  2.37887  2.77519  2.98518  4.58477  3.61503
          0.00858  5.15864  5.88099  0.61958  0.77255  0.48576  0.95510
      9   4.91943  6.07804  6.20575  5.96913  4.17473  5.59449  6.33051  3.51589  5.80807  0.14441  4.01175  6.19412  5.91567  5.82414  5.73219  5.58379  5.18804  3.83852  6.31563  5.30148      9 L - - -
          2.68618  4.42225  2.77519  2.73123  3.46354  2.40513  3.72494  3.29354  2.67741  2.69355  4.24690  2.90347  2.73739  3.18146  2.89801  2.37887  2.77519  2.98518  4.58477  3.61503
          0.00858  5.15864  5.88099  0.61958  0.77255  0.48576  0.95510
     10   0.13884  5.37390  5.28464  5.28248  5.84631  4.14753  6.05100  5.27079  5.34307  5.03692  5.98543  4.97628  4.98417  5.54403  5.37783  3.75834  4.11404  4.61881  7.04944  6.11806     10 A - - -
          2.68618  4.42225  2.77519  2.73123  3.46354  2.40513  3.72494  3.29354  2.67741  2.69355  4.24690  2.90347  2.73739  3.18146  2.89801  2.37887  2.77519  2.98518  4.58477  3.61503
          0.00858  5.15864  5.88099  0.61958  0.77255  0.48576  0.95510
     11   4.26702  5.43227  6.29766  5.81017  3.99565  5.83428  6.34841  0.58803  5.70301  1.35613  3.72845  6.02275  5.87743  5.67963  5.71766  5.30469  4.50132  2.54784  6.29524  5.26583     11 I - - -
          2.68618  4.42225  2.77519  2.73123  3.46354  2.40513  3.72494  3.29354  2.67741  2.69355  4.24690  2.90347  2.73739  3.18146  2.89801  2.37887  2.77519  2.98518  4.58477  3.61503
          0.00858  5.15864  5.88099  0.61958  0.77255  0.48576  0.95510
     12   4.91943  6.07804  6.20575  5.96913  4.17473  5.59449  6.33051  3.51589  5.80807  0.14441  4.01175  6.19412  5.91567  5.82414  5.73219  5.58379  5.18804  3.83852  6.31563  5.30148     12 L - - -
          2.68618  4.42225  2.77519  2.73123  3.46354  2.40513  3.72494  3.29354  2.67741  2.69355  4.24690  2.90347  2.73739  3.18146  2.89801  2.37887  2.77519  2.98518  4.58477  3.61503
          0.00858  5.15864  5.88099  0.61958  0.77255  0.48576  0.95510
     13   4.91943  6.07804  6.20575  5.96913  4.17473  5.59449  6.33051  3.51589  5.80807  0.14441  4.01175  6.19412  5.91567  5.82414  5.73219  5.58379  5.18804  3.83852  6.31563  5.30148     13 L - - -
          2.68618  4.42225  2.77519  2.73123  3.46354  2.40513  3.72494  3.29354  2.67741  2.69355  4.24690  2.90347  2.73739  3.18146  2.89801  2.37887  2.77519  2.98518  4.58477  3.61503
          0.00858  5.15864  5.88099  0.61958  0.77255  0.48576  0.95510
     14   4.91943  6.07804  6.20575  5.96913  4.17473  5.59449  6.33051  3.51589  5.80807  0.14441  4.01175  6.19412  5.91567  5.82414  5.73219  5.58379  5.18804  3.83852  6.31563  5.30148     14 L - - -
          2.68618  4.42225  2.77519  2.73123  3.46354  2.40513  3.72494  3.29354  2.67741  2.69355  4.24690  2.90347  2.73739  3.18146  2.89801  2.37887  2.77519  2.98518  4.58477  3.61503
          0.00858  5.15864  5.88099  0.61958  0.77255  0.48576  0.95510
     15   4.91943  6.07804  6.20575  5.96913  4.17473  5.59449  6.33051  3.51589  5.80807  0.14441  4.01175  6.19412  5.91567  5.82414  5.73219  5.58379  5.18804  3.83852  6.31563  5.30148     15 L - - -
          2.68618  4.42225  2.77519  2.73123  3.46354  2.40513  3.72494  3.29354  2.67741  2.69355  4.24690  2.90347  2.73739  3.18146  2.89801  2.37887  2.77519  2.98518  4.58477  3.61503
          0.00858  5.15864  5.88099  0.61958  0.77255  0.48576  0.95510
     16   5.05729  6.42579  5.73817  5.78480  6.50109  5.05594  6.59427  6.56747  5.97179  5.92399  7.10105  5.95881  0.05262  6.29187  5.94310  5.28930  5.57523  6.04327  7.18148  6.67383     16 P - - -
          2.68618  4.42225  2.77519  2.73123  3.46354  2.40513  3.72494  3.29354  2.67741  2.69355  4.24690  2.90347  2.73739  3.18146  2.89801  2.37887  2.77519  2.98518  4.58477  3.61503
          0.00858  5.15864  5.88099  0.61958  0.77255  0.48576  0.95510
     17   4.91943  6.07804  6.20575  5.96913  4.17473  5.59449  6.33051  3.51589  5.80807  0.14441  4.01175  6.19412  5.91567  5.82414  5.73219  5.58379  5.18804  3.83852  6.31563  5.30148     17 L - - -
          2.68618  4.42225  2.77519  2.73123  3.46354  2.40513  3.72494  3.29354  2.67741  2.69355  4.24690  2.90347  2.73739  3.18146  2.89801  2.37887  2.77519  2.98518  4.58477  3.61503
          0.00858  5.15864  5.88099  0.61958  0.77255  0.48576  0.95510
     18   1.31302  4.92331  4.96062  4.85757  5.65352  3.70838  5.67510  5.13619  4.89936  4.84178  5.60484  4.49097  4.56902  5.05377  5.01302  0.55755  3.57880  4.28102  6.99200  5.91355     18 S - - -
          2.68618  4.42225  2.77519  2.73123  3.46354  2.40513  3.72494  3.29354  2.67741  2.69355  4.24690  2.90347  2.73739  3.18146  2.89801  2.37887  2.77519  2.98518  4.58477  3.61503
          0.00858  5.15864  5.88099  0.61958  0.77255  0.48576  0.95510
     19   3.74785  5.54475  5.24247  5.21589  5.79205  4.30866  6.03224  5.21341  5.21228  4.97013  5.99995  5.06893  5.11712  5.52252  5.28479  3.96874  0.13957  4.67902  6.98520  6.03187     19 T - - -
          2.68618  4.42225  2.77519  2.73123  3.46354  2.40513  3.72494  3.29354  2.67741  2.69355  4.24690  2.90347  2.73739  3.18146  2.89801  2.37887  2.77519  2.98518  4.58477  3.61503
          0.00858  5.15864  5.88099  0.61958  0.77255  0.48576  0.95510
     20   0.13884  5.37390  5.28464  5.28248  5.84631  4.14753  6.05100  5.27079  5.34307  5.03692  5.98543  4.97628  4.98417  5.54403  5.37783  3.75834  4.11404  4.61881  7.04944  6.11806     20 A - - -
          2.68618  4.42225  2.77519  2.73123  3.46354  2.40513  3.72494  3.29354  2.67741  2.69355  4.24690  2.90347  2.73739  3.18146  2.89801  2.37887  2.77519  2.98518  4.58477  3.61503
          0.00578  5.15585        *  0.61958  0.77255  0.00000        *
//
HMMER3/f [3.4 | Aug 2023]
NAME  DivergentMXXXLXLTVA
LENG  22
ALPH  amino
RF    no
MM    no
CONS  yes
CS    no
MAP   yes
DATE  Sat Jul  6 16:42:07 2024
NSEQ  6
EFFN  6.000000
CKSUM 2964755957
STATS LOCAL MSV       -6.4185  0.72375
STATS LOCAL VITERBI   -6.7290  0.72375
STATS LOCAL FORWARD   -4.2414  0.72375
HMM          A        C        D        E        F        G        H        I        K        L        M        N        P        Q        R        S        T        V        W        Y   
            m->m     m->i     m->d     i->m     i->i     d->m     d->d
  COMPO   2.40755  4.07689  3.50294  3.12658  2.85621  4.02530  5.27656  2.86239  3.81275  1.39407  2.67897  4.16669  4.85660  4.66895  3.49819  2.68561  2.18563  2.48589  6.15675  4.28419
          2.68618  4.42225  2.77519  2.73123  3.46354  2.40513  3.72494  3.29354  2.67741  2.69355  4.24690  2.90347  2.73739  3.18146  2.89801  2.37887  2.77519  2.98518  4.58477  3.61503
          0.16183  5.50481  1.92860  0.61958  0.77255  0.00000        *
      1   4.98516  6.33417  6.11504  6.01213  5.00506  5.34637  6.46057  4.43648  5.80612  3.56136  0.10948  6.10253  5.94375  6.11937  5.79320  5.36316  5.39660  4.57603  6.76677  5.69140      1 M - - -
          2.68618  4.42225  2.77519  2.73123  3.46354  2.40513  3.72494  3.29354  2.67741  2.69355  4.24690  2.90347  2.73739  3.18146  2.89801  2.37887  2.77519  2.98518  4.58477  3.61503
          0.00708  5.35005  6.07240  0.61958  0.77255  0.99845  0.45958
      2   3.45627  5.87250  3.63728  1.71291  5.29469  4.13144  4.21451  4.71968  1.33339  4.13881  4.92378  1.89622  4.52278  3.32229  1.90654  3.41008  3.65931  4.31083  6.19886  4.89309      2 k - - -
          2.68618  4.42225  2.77519  2.73123  3.46354  2.40513  3.72494  3.29354  2.67741  2.69355  4.24690  2.90347  2.73739  3.18146  2.89801  2.37887  2.77519  2.98518  4.58477  3.61503
          0.00708  5.35005  6.07240  0.61958  0.77255  0.99845  0.45958
      3   4.45258  1.69492  6.09422  5.94862  0.40906  5.09696  5.09641  4.38152  5.76574  3.78080  5.11594  5.47521  5.67996  5.69033  5.65256  4.69814  4.86072  4.29710  5.23452  3.55300      3 F - - -
          2.68618  4.42225  2.77519  2.73123  3.46354  2.40513  3.72494  3.29354  2.67741  2.69355  4.24690  2.90347  2.73739  3.18146  2.89801  2.37887  2.77519  2.98518  4.58477  3.61503
          0.00708  5.35005  6.07240  0.61958  0.77255  0.99845  0.45958
      4   3.89525  5.35583  5.15968  4.51445  3.52419  4.83724  4.64513  3.64107  3.74067  0.91478  4.20808  4.65481  5.16109  4.36062  1.71102  4.19173  4.10313  3.58099  5.16822  1.76080      4 l - - -
          2.68618  4.42225  2.77519  2.73123  3.46354  2.40513  3.72494  3.29354  2.67741  2.69355  4.24690  2.90347  2.73739  3.18146  2.89801  2.37887  2.77519  2.98518  4.58477  3.61503
          0.00708  5.35005  6.07240  0.61958  0.77255  0.99845  0.45958
      5   4.42827  5.92333  5.60311  4.86920  4.40963  5.16513  5.27721  3.79871  3.67192  0.47863  4.28198  5.08467  5.50599  4.54931  1.59266  4.73192  4.63769  3.96953  6.20814  5.08791      5 L - - -
          2.68618  4.42225  2.77519  2.73123  3.46354  2.40513  3.72494  3.29354  2.67741  2.69355  4.24690  2.90347  2.73739  3.18146  2.89801  2.37887  2.77519  2.98518  4.58477  3.61503
          0.00708  5.35005  6.07240  0.61958  0.77255  0.26193  1.46779
      6   4.89187  6.01824  6.86252  6.29352  1.44223  6.36590  6.46290  1.73999  6.18081  0.71064  3.71200  6.53376  6.19968  5.83651  6.01667  5.81239  5.07158  3.54848  6.24664  5.23543      6 l - - -
          2.68618  4.42225  2.77519  2.73123  3.46354  2.40513  3.72494  3.29354  2.67741  2.69355  4.24690  2.90347  2.73739  3.18146  2.89801  2.37887  2.77519  2.98518  4.58477  3.61503
          0.00606  5.50481  6.22715  0.61958  0.77255  0.48576  0.95510
      7   2.03014  5.30368  5.96914  5.45619  4.22449  5.20953  5.84805  2.86340  5.30372  0.68724  4.03482  5.49124  5.55997  5.40369  5.34496  4.60656  4.24405  1.60280  6.18419  5.07836      7 L - - -
          2.68618  4.42225  2.77519  2.73123  3.46354  2.40513  3.72494  3.29354  2.67741  2.69355  4.24690  2.90347  2.73739  3.18146  2.89801  2.37887  2.77519  2.98518  4.58477  3.61503
          0.00606  5.50481  6.22715  0.61958  0.77255  0.48576  0.95510
      8   3.33357  5.25291  5.35484  5.30680  6.02143  4.03864  6.07428  5.52265  5.32729  5.22994  5.99228  4.85929  4.90823  5.47876  5.39485  1.29544  0.50986  4.63812  7.35977  6.29803      8 T - - -
          2.68618  4.42225  2.77519  2.73123  3.46354  2.40513  3.72494  3.29354  2.67741  2.69355  4.24690  2.90347  2.73739  3.18146  2.89801  2.37887  2.77519  2.98518  4.58477  3.61503
          0.00606  5.50481  6.22715  0.61958  0.77255  0.48576  0.95510
      9   4.55093  5.88967  6.28810  6.14406  5.42775  5.42353  6.85950  3.28304  6.12158  3.97274  5.30983  6.13331  6.02298  6.43173  6.18260  5.21530  4.94145  0.12145  7.26275  6.13681      9 V - - -
          2.68618  4.42225  2.77519  2.73123  3.46354  2.40513  3.72494  3.29354  2.67741  2.69355  4.24690  2.90347  2.73739  3.18146  2.89801  2.37887  2.77519  2.98518  4.58477  3.61503
          0.00606  5.50481  6.22715  0.61958  0.77255  0.48576  0.95510
     10   0.36382  5.23482  5.58044  5.53806  6.00421  4.04239  6.15732  5.36924  5.47612  5.16100  5.95306  4.92494  4.91634  5.59402  5.48597  3.55019  1.66816  4.55965  7.36622  6.33940     10 A - - -
          2.68618  4.42225  2.77519  2.73123  3.46354  2.40513  3.72494  3.29354  2.67741  2.69355  4.24690  2.90347  2.73739  3.18146  2.89801  2.37887  2.77519  2.98518  4.58477  3.61503
          0.00606  5.50481  6.22715  0.61958  0.77255  0.48576  0.95510
     11   5.43817  6.53075  6.67177  6.47415  4.60509  5.98571  6.81928  3.97480  6.37089  0.08787  4.42629  6.71949  6.31742  6.31369  6.23882  6.14138  5.70257  4.34505  6.74609  5.79872     11 L - - -
          2.68618  4.42225  2.77519  2.73123  3.46354  2.40513  3.72494  3.29354  2.67741  2.69355  4.24690  2.90347  2.73739  3.18146  2.89801  2.37887  2.77519  2.98518  4.58477  3.61503
          0.00606  5.50481  6.22715  0.61958  0.77255  0.48576  0.95510
     12   5.43817  6.53075  6.67177  6.47415  4.60509  5.98571  6.81928  3.97480  6.37089  0.08787  4.42629  6.71949  6.31742  6.31369  6.23882  6.14138  5.70257  4.34505  6.74609  5.79872     12 L - - -
          2.68618  4.42225  2.77519  2.73123  3.46354  2.40513  3.72494  3.29354  2.67741  2.69355  4.24690  2.90347  2.73739  3.18146  2.89801  2.37887  2.77519  2.98518  4.58477  3.61503
          0.00606  5.50481  6.22715  0.61958  0.77255  0.48576  0.95510
     13   5.43817  6.53075  6.67177  6.47415  4.60509  5.98571  6.81928  3.97480  6.37089  0.08787  4.42629  6.71949  6.31742  6.31369  6.23882  6.14138  5.70257  4.34505  6.74609  5.79872     13 L - - -
          2.68618  4.42225  2.77519  2.73123  3.46354  2.40513  3.72494  3.29354  2.67741  2.69355  4.24690  2.90347  2.73739  3.18146  2.89801  2.37887  2.77519  2.98518  4.58477  3.61503
          0.00606  5.50481  6.22715  0.61958  0.77255  0.48576  0.95510
     14   4.26750  6.03290  5.83342  5.85403  6.38225  4.77985  6.59668  5.94691  5.87704  5.63330  6.65242  5.63428  5.59139  6.14976  5.88633  4.49179  0.07703  5.32677  7.45201  6.62264     14 T - - -
          2.68618  4.42225  2.77519  2.73123  3.46354  2.40513  3.72494  3.29354  2.67741  2.69355  4.24690  2.90347  2.73739  3.18146  2.89801  2.37887  2.77519  2.98518  4.58477  3.61503
          0.00606  5.50481  6.22715  0.61958  0.77255  0.48576  0.95510
     15   3.35544  2.13694  5.42881  5.04687  4.60463  4.20336  5.46939  3.89472  4.85579  1.20467  4.61296  4.80860  4.91261  5.04254  4.92881  0.96064  3.80637  3.63564  6.17949  4.99931     15 s - - -
          2.68618  4.42225  2.77519  2.73123  3.46354  2.40513  3.72494  3.29354  2.67741  2.69355  4.24690  2.90347  2.73739  3.18146  2.89801  2.37887  2.77519  2.98518  4.58477  3.61503
          0.00606  5.50481  6.22715  0.61958  0.77255  0.48576  0.95510
     16   1.94287  5.04642  5.78591  5.23521  1.57942  5.10614  5.57218  1.76692  5.08283  3.02346  4.16224  5.27582  5.42099  5.25021  5.14124  4.46158  4.00373  1.12815  6.00902  4.81066     16 v - - -
          2.68618  4.42225  2.77519  2.73123  3.46354  2.40513  3.72494  3.29354  2.67741  2.69355  4.24690  2.90347  2.73739  3.18146  2.89801  2.37887  2.77519  2.98518  4.58477  3.61503
          0.00606  5.50481  6.22715  0.61958  0.77255  0.48576  0.95510
     17   4.56872  5.76189  6.56472  6.08030  4.20414  6.01893  6.54208  1.31598  5.92302  2.45628  0.63637  6.26327  6.10630  5.88617  5.91053  5.49814  4.80999  2.98451  6.49150  5.47685     17 M - - -
          2.68618  4.42225  2.77519  2.73123  3.46354  2.40513  3.72494  3.29354  2.67741  2.69355  4.24690  2.90347  2.73739  3.18146  2.89801  2.37887  2.77519  2.98518  4.58477  3.61503
          0.00606  5.50481  6.22715  0.61958  0.77255  0.48576  0.95510
     18   3.40093  5.71378  3.48007  1.10902  5.39926  2.09494  4.57634  4.88836  3.42137  4.40326  5.17329  3.69772  4.59361  3.71198  3.91976  1.80527  1.94181  4.38717  6.55291  5.15555     18 e - - -
          2.68618  4.42225  2.77519  2.73123  3.46354  2.40513  3.72494  3.29354  2.67741  2.69355  4.24690  2.90347  2.73739  3.18146  2.89801  2.37887  2.77519  2.98518  4.58477  3.61503
          0.18475  5.50481  1.80411  0.61958  0.77255  0.48576  0.95510
     19   3.70236  5.17590  5.58702  5.23808  4.59907  4.76546  5.88222  0.99072  5.08324  3.18329  4.43648  5.21307  5.33968  5.36559  5.21259  4.23644  0.93762  2.58468  6.47705  5.27450     19 t - - -
          2.68618  4.42225  2.77519  2.73123  3.46354  2.40513  3.72494  3.29354  2.67741  2.69355  4.24690  2.90347  2.73739  3.18146  2.89801  2.37887  2.77519  2.98518  4.58477  3.61503
          0.16534  5.32730  1.91368  0.61958  0.77255  1.05095  0.43017
     20   4.07487  6.90390  0.51807  1.51378  6.15118  4.02994  4.75097  5.80109  4.02509  5.20878  6.17594  3.47343  4.75559  3.95071  4.81514  3.86169  4.41248  5.29468  7.32238  5.66275     20 D - - -
          2.68618  4.42225  2.77519  2.73123  3.46354  2.40513  3.72494  3.29354  2.67741  2.69355  4.24690  2.90347  2.73739  3.18146  2.89801  2.37887  2.77519  2.98518  4.58477  3.61503
          0.00848  5.17044  5.89278  0.61958  0.77255  1.33063  0.30695
     21   0.93127  4.92977  4.99314  4.88488  5.65933  3.71728  5.68880  5.14019  4.91688  4.84597  5.60851  4.50547  4.57801  5.06926  5.02751  0.80009  3.58612  4.28662  6.99898  5.92292     21 s - - -
          2.68518  4.42269  2.77563  2.73167  3.46398  2.40557  3.72538  3.29398  2.67785  2.69399  4.24734  2.90391  2.73444  3.18190  2.89845  2.37931  2.77563  2.98320  4.58521  3.61547
          1.05752  0.78547  1.62569  0.68847  0.69785  1.33063  0.30695
     22   0.78384  5.42017  3.16151  1.51539  5.16279  3.77275  4.51838  4.55642  3.44995  4.19482  5.05490  3.53445  4.42527  3.70801  3.91219  3.29699  3.63687  4.11033  6.39520  5.04369     24 a - - -
          2.68618  4.42225  2.77519  2.73123  3.46354  2.40513  3.72494  3.29354  2.67741  2.69355  4.24690  2.90347  2.73739  3.18146  2.89801  2.37887  2.77519  2.98518  4.58477  3.61503
          0.00710  4.95131        *  0.61958  0.77255  0.00000        *
//
HMMER3/f [3.4 | Aug 2023]
NAME  DivergentMKFPLLFISL
LENG  24
ALPH  amino
RF    no
MM    no
CONS  yes
CS    no
MAP   yes
DATE  Sat Jul  6 16:41:36 2024
NSEQ  1
EFFN  1.000000
CKSUM 2023405819
STATS LOCAL MSV       -7.1200  0.73866
STATS LOCAL VITERBI   -7.2883  0.73866
STATS LOCAL FORWARD   -3.4743  0.73866
HMM          A        C        D        E        F        G        H        I        K        L        M        N        P        Q        R        S        T        V        W        Y   
            m->m     m->i     m->d     i->m     i->i     d->m     d->d
  COMPO   2.12152  4.75753  2.74694  3.56473  2.48035  3.61794  4.44613  2.81408  3.05101  1.86305  3.34769  3.82806  3.18862  3.28433  3.12309  2.60977  3.00008  2.72528  5.25044  3.88012
          2.68618  4.42225  2.77519  2.73123  3.46354  2.40513  3.72494  3.29354  2.67741  2.69355  4.24690  2.90347  2.73739  3.18146  2.89801  2.37887  2.77519  2.98518  4.58477  3.61503
          0.02276  4.18987  4.91222  0.61958  0.77255  0.00000        *
      1   3.25222  4.75661  4.40951  4.03909  3.39126  4.08269  4.70091  2.60085  3.78687  1.94755  0.87716  4.27371  4.55506  4.15310  3.95236  3.62896  3.56913  2.64181  5.26720  4.05226      1 m - - -
          2.68618  4.42225  2.77519  2.73123  3.46354  2.40513  3.72494  3.29354  2.67741  2.69355  4.24690  2.90347  2.73739  3.18146  2.89801  2.37887  2.77519  2.98518  4.58477  3.61503
          0.02276  4.18987  4.91222  0.61958  0.77255  0.48576  0.95510
      2   3.29562  5.24422  3.49093  3.06777  4.70484  3.73606  3.98019  4.15785  0.67250  3.65898  4.61469  3.47357  4.22328  3.16177  2.54913  3.32356  3.53061  3.85194  5.63649  4.50155      2 K - - -
          2.68618  4.42225  2.77519  2.73123  3.46354  2.40513  3.72494  3.29354  2.67741  2.69355  4.24690  2.90347  2.73739  3.18146  2.89801  2.37887  2.77519  2.98518  4.58477  3.61503
          0.02276  4.18987  4.91222  0.61958  0.77255  0.48576  0.95510
      3   3.69320  5.00473  4.67777  4.46296  0.60712  4.28590  4.06097  3.19071  4.36534  2.49165  3.87959  4.39336  4.74507  4.44771  4.40581  3.93901  3.99841  3.20303  4.23541  2.57067      3 F - - -
          2.68618  4.42225  2.77519  2.73123  3.46354  2.40513  3.72494  3.29354  2.67741  2.69355  4.24690  2.90347  2.73739  3.18146  2.89801  2.37887  2.77519  2.98518  4.58477  3.61503
          0.02276  4.18987  4.91222  0.61958  0.77255  0.48576  0.95510
      4   3.23070  4.92185  3.87384  3.76704  4.71566  3.59203  4.80764  4.35681  3.85437  3.94292  5.01397  4.03637  0.40440  4.23275  4.05325  3.41067  3.69911  3.96322  5.80181  4.84428      4 P - - -
          2.68618  4.42225  2.77519  2.73123  3.46354  2.40513  3.72494  3.29354  2.67741  2.69355  4.24690  2.90347  2.73739  3.18146  2.89801  2.37887  2.77519  2.98518  4.58477  3.61503
          0.02276  4.18987  4.91222  0.61958  0.77255  0.48576  0.95510
      5   3.53219  4.90705  4.69875  4.35172  3.28930  4.38188  4.90956  2.52153  4.11714  0.56381  3.23352  4.59702  4.76998  4.40760  4.23639  4.00847  3.81594  2.63910  5.27109  4.06384      5 L - - -
          2.68618  4.42225  2.77519  2.73123  3.46354  2.40513  3.72494  3.29354  2.67741  2.69355  4.24690  2.90347  2.73739  3.18146  2.89801  2.37887  2.77519  2.98518  4.58477  3.61503
          0.02276  4.18987  4.91222  0.61958  0.77255  0.48576  0.95510
      6   3.53219  4.90705  4.69875  4.35172  3.28930  4.38188  4.90956  2.52153  4.11714  0.56381  3.23352  4.59702  4.76998  4.40760  4.23639  4.00847  3.81594  2.63910  5.27109  4.06384      6 L - - -
          2.68618  4.42225  2.77519  2.73123  3.46354  2.40513  3.72494  3.29354  2.67741  2.69355  4.24690  2.90347  2.73739  3.18146  2.89801  2.37887  2.77519  2.98518  4.58477  3.61503
          0.02276  4.18987  4.91222  0.61958  0.77255  0.48576  0.95510
      7   3.69320  5.00473  4.67777  4.46296  0.60712  4.28590  4.06097  3.19071  4.36534  2.49165  3.87959  4.39336  4.74507  4.44771  4.40581  3.93901  3.99841  3.20303  4.23541  2.57067      7 F - - -
          2.68618  4.42225  2.77519  2.73123  3.46354  2.40513  3.72494  3.29354  2.67741  2.69355  4.24690  2.90347  2.73739  3.18146  2.89801  2.37887  2.77519  2.98518  4.58477  3.61503
          0.02276  4.18987  4.91222  0.61958  0.77255  0.48576  0.95510
      8   3.28749  4.63384  4.76460  4.40209  3.60940  4.39337  5.08283  0.75301  4.23704  2.14257  3.50787  4.60518  4.80492  4.55994  4.39921  3.93013  3.58532  1.90852  5.55767  4.31609      8 i - - -
          2.68618  4.42225  2.77519  2.73123  3.46354  2.40513  3.72494  3.29354  2.67741  2.69355  4.24690  2.90347  2.73739  3.18146  2.89801  2.37887  2.77519  2.98518  4.58477  3.61503
          0.02276  4.18987  4.91222  0.61958  0.77255  0.48576  0.95510
      9   2.50290  4.42108  3.51861  3.36211  4.41329  3.14686  4.45616  3.98573  3.45836  3.68510  4.59157  3.52531  3.91437  3.78381  3.72517  0.69670  3.00903  3.44843  5.76176  4.50243      9 s - - -
          2.68618  4.42225  2.77519  2.73123  3.46354  2.40513  3.72494  3.29354  2.67741  2.69355  4.24690  2.90347  2.73739  3.18146  2.89801  2.37887  2.77519  2.98518  4.58477  3.61503
          0.02276  4.18987  4.91222  0.61958  0.77255  0.48576  0.95510
     10   3.53219  4.90705  4.69875  4.35172  3.28930  4.38188  4.90956  2.52153  4.11714  0.56381  3.23352  4.59702  4.76998  4.40760  4.23639  4.00847  3.81594  2.63910  5.27109  4.06384     10 L - - -
          2.68618  4.42225  2.77519  2.73123  3.46354  2.40513  3.72494  3.29354  2.67741  2.69355  4.24690  2.90347  2.73739  3.18146  2.89801  2.37887  2.77519  2.98518  4.58477  3.61503
          0.02276  4.18987  4.91222  0.61958  0.77255  0.48576  0.95510
     11   0.63821  4.38336  3.81718  3.63781  4.40030  3.19683  4.61755  3.57590  3.66322  3.44164  4.44765  3.69681  3.96722  3.97650  3.88271  2.73571  3.03580  3.17318  5.79420  4.63502     11 A - - -
          2.68618  4.42225  2.77519  2.73123  3.46354  2.40513  3.72494  3.29354  2.67741  2.69355  4.24690  2.90347  2.73739  3.18146  2.89801  2.37887  2.77519  2.98518  4.58477  3.61503
          0.02276  4.18987  4.91222  0.61958  0.77255  0.48576  0.95510
     12   3.53219  4.90705  4.69875  4.35172  3.28930  4.38188  4.90956  2.52153  4.11714  0.56381  3.23352  4.59702  4.76998  4.40760  4.23639  4.00847  3.81594  2.63910  5.27109  4.06384     12 L - - -
          2.68618  4.42225  2.77519  2.73123  3.46354  2.40513  3.72494  3.29354  2.67741  2.69355  4.24690  2.90347  2.73739  3.18146  2.89801  2.37887  2.77519  2.98518  4.58477  3.61503
          0.02276  4.18987  4.91222  0.61958  0.77255  0.48576  0.95510
     13   0.63821  4.38336  3.81718  3.63781  4.40030  3.19683  4.61755  3.57590  3.66322  3.44164  4.44765  3.69681  3.96722  3.97650  3.88271  2.73571  3.03580  3.17318  5.79420  4.63502     13 A - - -
          2.68618  4.42225  2.77519  2.73123  3.46354  2.40513  3.72494  3.29354  2.67741  2.69355  4.24690  2.90347  2.73739  3.18146  2.89801  2.37887  2.77519  2.98518  4.58477  3.61503
          0.02276  4.18987  4.91222  0.61958  0.77255  0.48576  0.95510
     14   0.63821  4.38336  3.81718  3.63781  4.40030  3.19683  4.61755  3.57590  3.66322  3.44164  4.44765  3.69681  3.96722  3.97650  3.88271  2.73571  3.03580  3.17318  5.79420  4.63502     14 A - - -
          2.68618  4.42225  2.77519  2.73123  3.46354  2.40513  3.72494  3.29354  2.67741  2.69355  4.24690  2.90347  2.73739  3.18146  2.89801  2.37887  2.77519  2.98518  4.58477  3.61503
          0.02276  4.18987  4.91222  0.61958  0.77255  0.48576  0.95510
     15   3.69320  5.00473  4.67777  4.46296  0.60712  4.28590  4.06097  3.19071  4.36534  2.49165  3.87959  4.39336  4.74507  4.44771  4.40581  3.93901  3.99841  3.20303  4.23541  2.57067     15 F - - -
          2.68618  4.42225  2.77519  2.73123  3.46354  2.40513  3.72494  3.29354  2.67741  2.69355  4.24690  2.90347  2.73739  3.18146  2.89801  2.37887  2.77519  2.98518  4.58477  3.61503
          0.02276  4.18987  4.91222  0.61958  0.77255  0.48576  0.95510
     16   3.53219  4.90705  4.69875  4.35172  3.28930  4.38188  4.90956  2.52153  4.11714  0.56381  3.23352  4.59702  4.76998  4.40760  4.23639  4.00847  3.81594  2.63910  5.27109  4.06384     16 L - - -
          2.68618  4.42225  2.77519  2.73123  3.46354  2.40513  3.72494  3.29354  2.67741  2.69355  4.24690  2.90347  2.73739  3.18146  2.89801  2.37887  2.77519  2.98518  4.58477  3.61503
          0.02276  4.18987  4.91222  0.61958  0.77255  0.48576  0.95510
     17   2.61912  4.46078  3.74967  3.53206  4.28883  3.28581  4.52002  3.45705  3.48154  3.30872  4.34787  3.67861  4.01894  3.86246  3.71613  2.82516  0.72895  3.11550  5.69669  4.50919     17 t - - -
          2.68618  4.42225  2.77519  2.73123  3.46354  2.40513  3.72494  3.29354  2.67741  2.69355  4.24690  2.90347  2.73739  3.18146  2.89801  2.37887  2.77519  2.98518  4.58477  3.61503
          0.02276  4.18987  4.91222  0.61958  0.77255  0.48576  0.95510
     18   3.40184  5.19446  3.92838  3.38722  4.63204  3.81259  4.10738  4.20674  2.43586  3.66497  4.66691  3.71718  4.30889  3.32078  0.58595  3.47711  3.65193  3.91932  5.59128  4.50174     18 R - - -
          2.68618  4.42225  2.77519  2.73123  3.46354  2.40513  3.72494  3.29354  2.67741  2.69355  4.24690  2.90347  2.73739  3.18146  2.89801  2.37887  2.77519  2.98518  4.58477  3.61503
          0.02276  4.18987  4.91222  0.61958  0.77255  0.48576  0.95510
     19   3.06814  4.53666  4.55675  4.24109  3.80509  4.04348  4.99558  2.09190  4.11452  2.44351  3.73220  4.37728  4.59470  4.45659  4.29516  3.57621  3.42714  0.70040  5.63939  4.38629     19 v - - -
          2.68618  4.42225  2.77519  2.73123  3.46354  2.40513  3.72494  3.29354  2.67741  2.69355  4.24690  2.90347  2.73739  3.18146  2.89801  2.37887  2.77519  2.98518  4.58477  3.61503
          0.02276  4.18987  4.91222  0.61958  0.77255  0.48576  0.95510
     20   3.18056  5.14913  3.15936  2.93231  4.35888  3.60737  4.08871  4.05241  2.73344  3.52111  4.55259  3.39014  4.17333  0.75928  3.00572  3.22069  3.48321  3.76569  5.57845  4.29984     20 q - - -
          2.68618  4.42225  2.77519  2.73123  3.46354  2.40513  3.72494  3.29354  2.67741  2.69355  4.24690  2.90347  2.73739  3.18146  2.89801  2.37887  2.77519  2.98518  4.58477  3.61503
          0.02276  4.18987  4.91222  0.61958  0.77255  0.48576  0.95510
     21   3.36627  5.50598  0.55181  2.59291  4.93396  3.48364  4.25675  4.60211  3.40764  4.15729  5.15403  3.16106  4.15945  3.50439  3.95835  3.30052  3.71544  4.21088  6.03629  4.76935     21 D - - -
          2.68618  4.42225  2.77519  2.73123  3.46354  2.40513  3.72494  3.29354  2.67741  2.69355  4.24690  2.90347  2.73739  3.18146  2.89801  2.37887  2.77519  2.98518  4.58477  3.61503
          0.02276  4.18987  4.91222  0.61958  0.77255  0.48576  0.95510
     22   0.63821  4.38336  3.81718  3.63781  4.40030  3.19683  4.61755  3.57590  3.66322  3.44164  4.44765  3.69681  3.96722  3.97650  3.88271  2.73571  3.03580  3.17318  5.79420  4.63502     22 A - - -
          2.68618  4.42225  2.77519  2.73123  3.46354  2.40513  3.72494  3.29354  2.67741  2.69355  4.24690  2.90347  2.73739  3.18146  2.89801  2.37887  2.77519  2.98518  4.58477  3.61503
          0.02276  4.18987  4.91222  0.61958  0.77255  0.48576  0.95510
     23   3.36627  5.50598  0.55181  2.59291  4.93396  3.48364  4.25675  4.60211  3.40764  4.15729  5.15403  3.16106  4.15945  3.50439  3.95835  3.30052  3.71544  4.21088  6.03629  4.76935     23 D - - -
          2.68618  4.42225  2.77519  2.73123  3.46354  2.40513  3.72494  3.29354  2.67741  2.69355  4.24690  2.90347  2.73739  3.18146  2.89801  2.37887  2.77519  2.98518  4.58477  3.61503
          0.02276  4.18987  4.91222  0.61958  0.77255  0.48576  0.95510
     24   2.50290  4.42108  3.51861  3.36211  4.41329  3.14686  4.45616  3.98573  3.45836  3.68510  4.59157  3.52531  3.91437  3.78381  3.72517  0.69670  3.00903  3.44843  5.76176  4.50243     24 s - - -
          2.68618  4.42225  2.77519  2.73123  3.46354  2.40513  3.72494  3.29354  2.67741  2.69355  4.24690  2.90347  2.73739  3.18146  2.89801  2.37887  2.77519  2.98518  4.58477  3.61503
          0.01538  4.18249        *  0.61958  0.77255  0.00000        *
//
HMMER3/f [3.4 | Aug 2023]
NAME  DivergentMKLCVVIVLL
LENG  21
ALPH  amino
RF    no
MM    no
CONS  yes
CS    no
MAP   yes
DATE  Sat Jul  6 16:41:27 2024
NSEQ  4
EFFN  3.160156
CKSUM 3360320205
STATS LOCAL MSV       -6.5921  0.72041
STATS LOCAL VITERBI   -6.6176  0.72041
STATS LOCAL FORWARD   -4.3718  0.72041
HMM          A        C        D        E        F        G        H        I        K        L        M        N        P        Q        R        S        T        V        W        Y   
            m->m     m->i     m->d     i->m     i->i     d->m     d->d
  COMPO   2.77340  3.20135  3.94184  3.33149  3.29843  2.56528  4.78519  2.85620  2.94233  1.78793  2.23016  3.34109  3.05384  4.24450  3.99153  3.42812  3.05708  2.16666  4.30274  4.46554
          2.68623  4.41219  2.77267  2.73118  3.46576  2.40735  3.72717  3.28780  2.67747  2.69577  4.24912  2.90569  2.73962  3.18369  2.89219  2.37949  2.77742  2.98155  4.57256  3.61725
          0.48051  0.97245  5.69020  2.62146  0.07547  0.00000        *
      1   4.31872  5.72960  5.52181  5.32670  4.32250  4.88169  5.82310  3.65984  5.06379  2.85083  0.23303  5.44603  5.43762  5.39966  5.11212  4.71202  4.69711  3.77630  6.18201  5.03674     16 M - - -
          2.68618  4.42225  2.77519  2.73123  3.46354  2.40513  3.72494  3.29354  2.67741  2.69355  4.24690  2.90347  2.73739  3.18146  2.89801  2.37887  2.77519  2.98518  4.58477  3.61503
          0.01039  4.96785  5.69020  0.61958  0.77255  0.48576  0.95510
      2   4.47132  6.18321  4.71745  4.25332  5.86081  4.67237  4.94957  5.43281  0.18650  4.78689  5.78676  4.58444  5.17493  4.15139  3.34461  4.50615  4.68548  5.11311  6.51460  5.57918     17 K - - -
          2.68618  4.42225  2.77519  2.73123  3.46354  2.40513  3.72494  3.29354  2.67741  2.69355  4.24690  2.90347  2.73739  3.18146  2.89801  2.37887  2.77519  2.98518  4.58477  3.61503
          0.01039  4.96785  5.69020  0.61958  0.77255  0.48576  0.95510
      3   4.63355  5.83057  5.92977  5.67022  3.95935  5.36672  6.05196  3.28189  5.48188  0.18942  3.80896  5.88821  5.69029  5.54936  5.44185  5.26895  4.90478  3.57159  6.08758  5.03621     18 L - - -
          2.68618  4.42225  2.77519  2.73123  3.46354  2.40513  3.72494  3.29354  2.67741  2.69355  4.24690  2.90347  2.73739  3.18146  2.89801  2.37887  2.77519  2.98518  4.58477  3.61503
          0.01039  4.96785  5.69020  0.61958  0.77255  0.48576  0.95510
      4   4.37535  0.09249  5.84171  5.85045  5.85147  4.65727  6.32177  5.40058  5.78839  5.13530  6.31308  5.68291  5.40106  6.08058  5.68950  4.63964  4.91618  5.01390  6.84009  6.09620     19 C - - -
          2.68618  4.42225  2.77519  2.73123  3.46354  2.40513  3.72494  3.29354  2.67741  2.69355  4.24690  2.90347  2.73739  3.18146  2.89801  2.37887  2.77519  2.98518  4.58477  3.61503
          0.01039  4.96785  5.69020  0.61958  0.77255  0.48576  0.95510
      5   3.85840  5.23171  5.58961  5.37725  4.66454  4.83850  6.09694  2.62122  5.29754  3.22105  4.54544  5.39903  5.41135  5.62020  5.40664  4.50143  4.23401  0.26327  6.56406  5.35418     20 V - - -
          2.68618  4.42225  2.77519  2.73123  3.46354  2.40513  3.72494  3.29354  2.67741  2.69355  4.24690  2.90347  2.73739  3.18146  2.89801  2.37887  2.77519  2.98518  4.58477  3.61503
          0.01039  4.96785  5.69020  0.61958  0.77255  0.48576  0.95510
      6   3.85840  5.23171  5.58961  5.37725  4.66454  4.83850  6.09694  2.62122  5.29754  3.22105  4.54544  5.39903  5.41135  5.62020  5.40664  4.50143  4.23401  0.26327  6.56406  5.35418     21 V - - -
          2.68618  4.42225  2.77519  2.73123  3.46354  2.40513  3.72494  3.29354  2.67741  2.69355  4.24690  2.90347  2.73739  3.18146  2.89801  2.37887  2.77519  2.98518  4.58477  3.61503
          0.01039  4.96785  5.69020  0.61958  0.77255  0.48576  0.95510
      7   4.08151  5.33105  5.73968  5.47951  4.41195  5.17100  6.13468  0.28939  5.36617  2.87627  4.27814  5.61814  5.60098  5.66078  5.46242  4.89595  4.39410  2.46015  6.42492  5.22329     22 I - - -
          2.68618  4.42225  2.77519  2.73123  3.46354  2.40513  3.72494  3.29354  2.67741  2.69355  4.24690  2.90347  2.73739  3.18146  2.89801  2.37887  2.77519  2.98518  4.58477  3.61503
          0.01039  4.96785  5.69020  0.61958  0.77255  0.48576  0.95510
      8   3.85840  5.23171  5.58961  5.37725  4.66454  4.83850  6.09694  2.62122  5.29754  3.22105  4.54544  5.39903  5.41135  5.62020  5.40664  4.50143  4.23401  0.26327  6.56406  5.35418     23 V - - -
          2.68618  4.42225  2.77519  2.73123  3.46354  2.40513  3.72494  3.29354  2.67741  2.69355  4.24690  2.90347  2.73739  3.18146  2.89801  2.37887  2.77519  2.98518  4.58477  3.61503
          0.01039  4.96785  5.69020  0.61958  0.77255  0.48576  0.95510
      9   4.63355  5.83057  5.92977  5.67022  3.95935  5.36672  6.05196  3.28189  5.48188  0.18942  3.80896  5.88821  5.69029  5.54936  5.44185  5.26895  4.90478  3.57159  6.08758  5.03621     24 L - - -
          2.68618  4.42225  2.77519  2.73123  3.46354  2.40513  3.72494  3.29354  2.67741  2.69355  4.24690  2.90347  2.73739  3.18146  2.89801  2.37887  2.77519  2.98518  4.58477  3.61503
          0.01039  4.96785  5.69020  0.61958  0.77255  0.48576  0.95510
     10   4.63355  5.83057  5.92977  5.67022  3.95935  5.36672  6.05196  3.28189  5.48188  0.18942  3.80896  5.88821  5.69029  5.54936  5.44185  5.26895  4.90478  3.57159  6.08758  5.03621     25 L - - -
          2.68618  4.42225  2.77519  2.73123  3.46354  2.40513  3.72494  3.29354  2.67741  2.69355  4.24690  2.90347  2.73739  3.18146  2.89801  2.37887  2.77519  2.98518  4.58477  3.61503
          0.01039  4.96785  5.69020  0.61958  0.77255  0.48576  0.95510
     11   4.31872  5.72960  5.52181  5.32670  4.32250  4.88169  5.82310  3.65984  5.06379  2.85083  0.23303  5.44603  5.43762  5.39966  5.11212  4.71202  4.69711  3.77630  6.18201  5.03674     26 M - - -
          2.68618  4.42225  2.77519  2.73123  3.46354  2.40513  3.72494  3.29354  2.67741  2.69355  4.24690  2.90347  2.73739  3.18146  2.89801  2.37887  2.77519  2.98518  4.58477  3.61503
          0.01039  4.96785  5.69020  0.61958  0.77255  0.48576  0.95510
     12   4.63355  5.83057  5.92977  5.67022  3.95935  5.36672  6.05196  3.28189  5.48188  0.18942  3.80896  5.88821  5.69029  5.54936  5.44185  5.26895  4.90478  3.57159  6.08758  5.03621     27 L - - -
          2.68618  4.42225  2.77519  2.73123  3.46354  2.40513  3.72494  3.29354  2.67741  2.69355  4.24690  2.90347  2.73739  3.18146  2.89801  2.37887  2.77519  2.98518  4.58477  3.61503
          0.01039  4.96785  5.69020  0.61958  0.77255  0.48576  0.95510
     13   1.00193  4.75065  4.73288  4.52610  5.19074  3.57845  5.34051  4.46105  4.48856  4.28471  5.13196  4.28182  4.40695  4.70933  4.64889  3.06703  0.90183  3.85354  6.57992  5.46323     28 t - - -
          2.68618  4.42225  2.77519  2.73123  3.46354  2.40513  3.72494  3.29354  2.67741  2.69355  4.24690  2.90347  2.73739  3.18146  2.89801  2.37887  2.77519  2.98518  4.58477  3.61503
          0.01039  4.96785  5.69020  0.61958  0.77255  0.48576  0.95510
     14   4.31872  5.72960  5.52181  5.32670  4.32250  4.88169  5.82310  3.65984  5.06379  2.85083  0.23303  5.44603  5.43762  5.39966  5.11212  4.71202  4.69711  3.77630  6.18201  5.03674     29 M - - -
          2.68618  4.42225  2.77519  2.73123  3.46354  2.40513  3.72494  3.29354  2.67741  2.69355  4.24690  2.90347  2.73739  3.18146  2.89801  2.37887  2.77519  2.98518  4.58477  3.61503
          0.01039  4.96785  5.69020  0.61958  0.77255  0.48576  0.95510
     15   3.68309  5.33560  4.75230  4.49406  4.32643  4.36809  5.27262  3.69424  4.33529  1.51368  4.37914  4.68463  0.60388  4.72136  4.51417  3.95390  4.08148  3.64374  6.02317  4.80407     30 P - - -
          2.68618  4.42225  2.77519  2.73123  3.46354  2.40513  3.72494  3.29354  2.67741  2.69355  4.24690  2.90347  2.73739  3.18146  2.89801  2.37887  2.77519  2.98518  4.58477  3.61503
          0.28860  4.96785  1.41170  0.61958  0.77255  0.48576  0.95510
     16   4.50347  5.67121  5.39782  5.31391  0.26686  4.86436  4.52253  4.02511  5.22819  3.22340  4.65408  5.05755  5.34390  5.18466  5.14495  4.68373  4.82376  4.06342  4.63802  2.94902     31 F - - -
          2.68618  4.42225  2.77519  2.73123  3.46354  2.40513  3.72494  3.29354  2.67741  2.69355  4.24690  2.90347  2.73739  3.18146  2.89801  2.37887  2.77519  2.98518  4.58477  3.61503
          0.01370  4.69296  5.41530  0.61958  0.77255  0.26437  1.45968
     17   3.38322  5.43781  3.41984  3.41604  5.56376  1.44889  4.95375  5.21955  4.02317  4.77605  5.63023  0.67276  4.59975  4.20063  4.45366  3.46651  3.86172  4.55777  6.75302  5.46766     32 N - - -
          2.68618  4.42225  2.77519  2.73123  3.46354  2.40513  3.72494  3.29354  2.67741  2.69355  4.24690  2.90347  2.73739  3.18146  2.89801  2.37887  2.77519  2.98518  4.58477  3.61503
          0.01039  4.96785  5.69020  0.61958  0.77255  0.48576  0.95510
     18   4.17233  5.76439  5.13590  4.99225  4.63832  0.50188  5.50350  5.22006  4.92147  4.71440  5.77315  5.10105  5.24347  5.27766  5.03744  4.37592  4.63038  4.84413  1.33921  4.64133     33 G - - -
          2.68618  4.42225  2.77519  2.73123  3.46354  2.40513  3.72494  3.29354  2.67741  2.69355  4.24690  2.90347  2.73739  3.18146  2.89801  2.37887  2.77519  2.98518  4.58477  3.61503
          0.01039  4.96785  5.69020  0.61958  0.77255  0.48576  0.95510
     19   2.96981  4.88692  4.51286  4.42593  5.45791  0.64233  5.41702  4.91947  4.56301  4.62756  5.43562  4.30199  4.48480  4.77388  4.73953  3.17202  1.39634  4.16544  6.75385  5.66887     34 G - - -
          2.68618  4.42225  2.77519  2.73123  3.46354  2.40513  3.72494  3.29354  2.67741  2.69355  4.24690  2.90347  2.73739  3.18146  2.89801  2.37887  2.77519  2.98518  4.58477  3.61503
          0.01039  4.96785  5.69020  0.61958  0.77255  0.48576  0.95510
     20   3.39855  5.48059  3.30028  0.84910  4.58313  3.98514  4.39626  3.90743  3.22415  3.42546  1.72869  3.58710  4.50318  3.59363  3.62636  3.43889  3.66938  3.71048  6.00168  4.68070     35 e - - -
          2.68618  4.42225  2.77519  2.73123  3.46354  2.40513  3.72494  3.29354  2.67741  2.69355  4.24690  2.90347  2.73739  3.18146  2.89801  2.37887  2.77519  2.98518  4.58477  3.61503
          0.01039  4.96785  5.69020  0.61958  0.77255  0.48576  0.95510
     21   0.60646  4.85825  4.57437  4.43241  5.34820  3.63968  5.37133  4.76637  4.50030  4.48719  5.31887  4.29491  1.48478  4.72560  4.68342  3.15122  3.50107  4.07515  6.67385  5.57197     36 A - - -
          2.68618  4.42225  2.77519  2.73123  3.46354  2.40513  3.72494  3.29354  2.67741  2.69355  4.24690  2.90347  2.73739  3.18146  2.89801  2.37887  2.77519  2.98518  4.58477  3.61503
          0.00701  4.96447        *  0.61958  0.77255  0.00000        *
//
HMMER3/f [3.4 | Aug 2023]
NAME  DivergentMKLLLTLLLG
LENG  19
ALPH  amino
RF    no
MM    no
CONS  yes
CS    no
MAP   yes
DATE  Sat Jul  6 16:40:30 2024
NSEQ  1
EFFN  1.000000
CKSUM 971943565
STATS LOCAL MSV       -7.1574  0.75119
STATS LOCAL VITERBI   -7.1299  0.75119
STATS LOCAL FORWARD   -3.0111  0.75119
HMM          A        C        D        E        F        G        H        I        K        L        M        N        P        Q        R        S        T        V        W        Y   
            m->m     m->i     m->d     i->m     i->i     d->m     d->d
  COMPO   2.38481  3.21185  4.10194  3.85455  3.65885  2.84486  4.67039  2.58492  3.06058  1.31976  2.73311  4.04782  4.28237  4.07877  3.84556  2.85363  2.57376  2.81527  5.41857  4.24359
          2.68618  4.42225  2.77519  2.73123  3.46354  2.40513  3.72494  3.29354  2.67741  2.69355  4.24690  2.90347  2.73739  3.18146  2.89801  2.37887  2.77519  2.98518  4.58477  3.61503
          0.02276  4.18987  4.91222  0.61958  0.77255  0.00000        *
      1   3.25222  4.75661  4.40951  4.03909  3.39126  4.08269  4.70091  2.60085  3.78687  1.94755  0.87716  4.27371  4.55506  4.15310  3.95236  3.62896  3.56913  2.64181  5.26720  4.05226      1 m - - -
          2.68618  4.42225  2.77519  2.73123  3.46354  2.40513  3.72494  3.29354  2.67741  2.69355  4.24690  2.90347  2.73739  3.18146  2.89801  2.37887  2.77519  2.98518  4.58477  3.61503
          0.02276  4.18987  4.91222  0.61958  0.77255  0.48576  0.95510
      2   3.29562  5.24422  3.49093  3.06777  4.70484  3.73606  3.98019  4.15785  0.67250  3.65898  4.61469  3.47357  4.22328  3.16177  2.54913  3.32356  3.53061  3.85194  5.63649  4.50155      2 K - - -
          2.68618  4.42225  2.77519  2.73123  3.46354  2.40513  3.72494  3.29354  2.67741  2.69355  4.24690  2.90347  2.73739  3.18146  2.89801  2.37887  2.77519  2.98518  4.58477  3.61503
          0.02276  4.18987  4.91222  0.61958  0.77255  0.48576  0.95510
      3   3.53219  4.90705  4.69875  4.35172  3.28930  4.38188  4.90956  2.52153  4.11714  0.56381  3.23352  4.59702  4.76998  4.40760  4.23639  4.00847  3.81594  2.63910  5.27109  4.06384      3 L - - -
          2.68618  4.42225  2.77519  2.73123  3.46354  2.40513  3.72494  3.29354  2.67741  2.69355  4.24690  2.90347  2.73739  3.18146  2.89801  2.37887  2.77519  2.98518  4.58477  3.61503
          0.02276  4.18987  4.91222  0.61958  0.77255  0.48576  0.95510
      4   3.53219  4.90705  4.69875  4.35172  3.28930  4.38188  4.90956  2.52153  4.11714  0.56381  3.23352  4.59702  4.76998  4.40760  4.23639  4.00847  3.81594  2.63910  5.27109  4.06384      4 L - - -
          2.68618  4.42225  2.77519  2.73123  3.46354  2.40513  3.72494  3.29354  2.67741  2.69355  4.24690  2.90347  2.73739  3.18146  2.89801  2.37887  2.77519  2.98518  4.58477  3.61503
          0.02276  4.18987  4.91222  0.61958  0.77255  0.48576  0.95510
      5   3.53219  4.90705  4.69875  4.35172  3.28930  4.38188  4.90956  2.52153  4.11714  0.56381  3.23352  4.59702  4.76998  4.40760  4.23639  4.00847  3.81594  2.63910  5.27109  4.06384      5 L - - -
          2.68618  4.42225  2.77519  2.73123  3.46354  2.40513  3.72494  3.29354  2.67741  2.69355  4.24690  2.90347  2.73739  3.18146  2.89801  2.37887  2.77519  2.98518  4.58477  3.61503
          0.02276  4.18987  4.91222  0.61958  0.77255  0.48576  0.95510
      6   2.61912  4.46078  3.74967  3.53206  4.28883  3.28581  4.52002  3.45705  3.48154  3.30872  4.34787  3.67861  4.01894  3.86246  3.71613  2.82516  0.72895  3.11550  5.69669  4.50919      6 t - - -
          2.68618  4.42225  2.77519  2.73123  3.46354  2.40513  3.72494  3.29354  2.67741  2.69355  4.24690  2.90347  2.73739  3.18146  2.89801  2.37887  2.77519  2.98518  4.58477  3.61503
          0.02276  4.18987  4.91222  0.61958  0.77255  0.48576  0.95510
      7   3.53219  4.90705  4.69875  4.35172  3.28930  4.38188  4.90956  2.52153  4.11714  0.56381  3.23352  4.59702  4.76998  4.40760  4.23639  4.00847  3.81594  2.63910  5.27109  4.06384      7 L - - -
          2.68618  4.42225  2.77519  2.73123  3.46354  2.40513  3.72494  3.29354  2.67741  2.69355  4.24690  2.90347  2.73739  3.18146  2.89801  2.37887  2.77519  2.98518  4.58477  3.61503
          0.02276  4.18987  4.91222  0.61958  0.77255  0.48576  0.95510
      8   3.53219  4.90705  4.69875  4.35172  3.28930  4.38188  4.90956  2.52153  4.11714  0.56381  3.23352  4.59702  4.76998  4.40760  4.23639  4.00847  3.81594  2.63910  5.27109  4.06384      8 L - - -
          2.68618  4.42225  2.77519  2.73123  3.46354  2.40513  3.72494  3.29354  2.67741  2.69355  4.24690  2.90347  2.73739  3.18146  2.89801  2.37887  2.77519  2.98518  4.58477  3.61503
          0.02276  4.18987  4.91222  0.61958  0.77255  0.48576  0.95510
      9   3.53219  4.90705  4.69875  4.35172  3.28930  4.38188  4.90956  2.52153  4.11714  0.56381  3.23352  4.59702  4.76998  4.40760  4.23639  4.00847  3.81594  2.63910  5.27109  4.06384      9 L - - -
          2.68618  4.42225  2.77519  2.73123  3.46354  2.40513  3.72494  3.29354  2.67741  2.69355  4.24690  2.90347  2.73739  3.18146  2.89801  2.37887  2.77519  2.98518  4.58477  3.61503
          0.02276  4.18987  4.91222  0.61958  0.77255  0.48576  0.95510
     10   3.10948  4.84107  3.84719  3.79257  4.90565  0.37306  4.88139  4.59443  4.01632  4.20398  5.19076  4.01300  4.24120  4.31596  4.20612  3.29233  3.61514  4.06116  5.90481  5.02236     10 G - - -
          2.68618  4.42225  2.77519  2.73123  3.46354  2.40513  3.72494  3.29354  2.67741  2.69355  4.24690  2.90347  2.73739  3.18146  2.89801  2.37887  2.77519  2.98518  4.58477  3.61503
          0.02276  4.18987  4.91222  0.61958  0.77255  0.48576  0.95510
     11   2.50290  4.42108  3.51861  3.36211  4.41329  3.14686  4.45616  3.98573  3.45836  3.68510  4.59157  3.52531  3.91437  3.78381  3.72517  0.69670  3.00903  3.44843  5.76176  4.50243     11 s - - -
          2.68618  4.42225  2.77519  2.73123  3.46354  2.40513  3.72494  3.29354  2.67741  2.69355  4.24690  2.90347  2.73739  3.18146  2.89801  2.37887  2.77519  2.98518  4.58477  3.61503
          0.02276  4.18987  4.91222  0.61958  0.77255  0.48576  0.95510
     12   0.63821  4.38336  3.81718  3.63781  4.40030  3.19683  4.61755  3.57590  3.66322  3.44164  4.44765  3.69681  3.96722  3.97650  3.88271  2.73571  3.03580  3.17318  5.79420  4.63502     12 A - - -
          2.68618  4.42225  2.77519  2.73123  3.46354  2.40513  3.72494  3.29354  2.67741  2.69355  4.24690  2.90347  2.73739  3.18146  2.89801  2.37887  2.77519  2.98518  4.58477  3.61503
          0.02276  4.18987  4.91222  0.61958  0.77255  0.48576  0.95510
     13   3.53219  4.90705  4.69875  4.35172  3.28930  4.38188  4.90956  2.52153  4.11714  0.56381  3.23352  4.59702  4.76998  4.40760  4.23639  4.00847  3.81594  2.63910  5.27109  4.06384     13 L - - -
          2.68618  4.42225  2.77519  2.73123  3.46354  2.40513  3.72494  3.29354  2.67741  2.69355  4.24690  2.90347  2.73739  3.18146  2.89801  2.37887  2.77519  2.98518  4.58477  3.61503
          0.02276  4.18987  4.91222  0.61958  0.77255  0.48576  0.95510
     14   3.25222  4.75661  4.40951  4.03909  3.39126  4.08269  4.70091  2.60085  3.78687  1.94755  0.87716  4.27371  4.55506  4.15310  3.95236  3.62896  3.56913  2.64181  5.26720  4.05226     14 m - - -
          2.68618  4.42225  2.77519  2.73123  3.46354  2.40513  3.72494  3.29354  2.67741  2.69355  4.24690  2.90347  2.73739  3.18146  2.89801  2.37887  2.77519  2.98518  4.58477  3.61503
          0.02276  4.18987  4.91222  0.61958  0.77255  0.48576  0.95510
     15   3.00466  0.47450  4.57818  4.39870  4.33313  3.54972  4.97771  3.54355  4.23313  3.43780  4.57334  4.30380  4.27967  4.56637  4.29664  3.27520  3.49877  3.26299  5.66639  4.61507     15 C - - -
          2.68618  4.42225  2.77519  2.73123  3.46354  2.40513  3.72494  3.29354  2.67741  2.69355  4.24690  2.90347  2.73739  3.18146  2.89801  2.37887  2.77519  2.98518  4.58477  3.61503
          0.02276  4.18987  4.91222  0.61958  0.77255  0.48576  0.95510
     16   3.28749  4.63384  4.76460  4.40209  3.60940  4.39337  5.08283  0.75301  4.23704  2.14257  3.50787  4.60518  4.80492  4.55994  4.39921  3.93013  3.58532  1.90852  5.55767  4.31609     16 i - - -
          2.68618  4.42225  2.77519  2.73123  3.46354  2.40513  3.72494  3.29354  2.67741  2.69355  4.24690  2.90347  2.73739  3.18146  2.89801  2.37887  2.77519  2.98518  4.58477  3.61503
          0.02276  4.18987  4.91222  0.61958  0.77255  0.48576  0.95510
     17   2.61912  4.46078  3.74967  3.53206  4.28883  3.28581  4.52002  3.45705  3.48154  3.30872  4.34787  3.67861  4.01894  3.86246  3.71613  2.82516  0.72895  3.11550  5.69669  4.50919     17 t - - -
          2.68618  4.42225  2.77519  2.73123  3.46354  2.40513  3.72494  3.29354  2.67741  2.69355  4.24690  2.90347  2.73739  3.18146  2.89801  2.37887  2.77519  2.98518  4.58477  3.61503
          0.02276  4.18987  4.91222  0.61958  0.77255  0.48576  0.95510
     18   3.53219  4.90705  4.69875  4.35172  3.28930  4.38188  4.90956  2.52153  4.11714  0.56381  3.23352  4.59702  4.76998  4.40760  4.23639  4.00847  3.81594  2.63910  5.27109  4.06384     18 L - - -
          2.68618  4.42225  2.77519  2.73123  3.46354  2.40513  3.72494  3.29354  2.67741  2.69355  4.24690  2.90347  2.73739  3.18146  2.89801  2.37887  2.77519  2.98518  4.58477  3.61503
          0.02276  4.18987  4.91222  0.61958  0.77255  0.48576  0.95510
     19   0.63821  4.38336  3.81718  3.63781  4.40030  3.19683  4.61755  3.57590  3.66322  3.44164  4.44765  3.69681  3.96722  3.97650  3.88271  2.73571  3.03580  3.17318  5.79420  4.63502     19 A - - -
          2.68618  4.42225  2.77519  2.73123  3.46354  2.40513  3.72494  3.29354  2.67741  2.69355  4.24690  2.90347  2.73739  3.18146  2.89801  2.37887  2.77519  2.98518  4.58477  3.61503
          0.01538  4.18249        *  0.61958  0.77255  0.00000        *
//
HMMER3/f [3.4 | Aug 2023]
NAME  DivergentMKVAVVLLVS
LENG  17
ALPH  amino
RF    no
MM    no
CONS  yes
CS    no
MAP   yes
DATE  Sat Jul  6 16:39:47 2024
NSEQ  1
EFFN  1.000000
CKSUM 1375761507
STATS LOCAL MSV       -6.8435  0.76300
STATS LOCAL VITERBI   -7.0722  0.76300
STATS LOCAL FORWARD   -2.7967  0.76300
HMM          A        C        D        E        F        G        H        I        K        L        M        N        P        Q        R        S        T        V        W        Y   
            m->m     m->i     m->d     i->m     i->i     d->m     d->d
  COMPO   2.06399  4.63331  4.08152  3.83089  3.60893  3.67901  4.59139  2.67543  2.99792  1.72594  3.10702  3.99907  4.26347  4.06350  3.83429  2.77142  2.83015  1.72657  5.32092  3.09637
          2.68618  4.42225  2.77519  2.73123  3.46354  2.40513  3.72494  3.29354  2.67741  2.69355  4.24690  2.90347  2.73739  3.18146  2.89801  2.37887  2.77519  2.98518  4.58477  3.61503
          0.02276  4.18987  4.91222  0.61958  0.77255  0.00000        *
      1   3.25222  4.75661  4.40951  4.03909  3.39126  4.08269  4.70091  2.60085  3.78687  1.94755  0.87716  4.27371  4.55506  4.15310  3.95236  3.62896  3.56913  2.64181  5.26720  4.05226      1 m - - -
          2.68618  4.42225  2.77519  2.73123  3.46354  2.40513  3.72494  3.29354  2.67741  2.69355  4.24690  2.90347  2.73739  3.18146  2.89801  2.37887  2.77519  2.98518  4.58477  3.61503
          0.02276  4.18987  4.91222  0.61958  0.77255  0.48576  0.95510
      2   3.29562  5.24422  3.49093  3.06777  4.70484  3.73606  3.98019  4.15785  0.67250  3.65898  4.61469  3.47357  4.22328  3.16177  2.54913  3.32356  3.53061  3.85194  5.63649  4.50155      2 K - - -
          2.68618  4.42225  2.77519  2.73123  3.46354  2.40513  3.72494  3.29354  2.67741  2.69355  4.24690  2.90347  2.73739  3.18146  2.89801  2.37887  2.77519  2.98518  4.58477  3.61503
          0.02276  4.18987  4.91222  0.61958  0.77255  0.48576  0.95510
      3   3.06814  4.53666  4.55675  4.24109  3.80509  4.04348  4.99558  2.09190  4.11452  2.44351  3.73220  4.37728  4.59470  4.45659  4.29516  3.57621  3.42714  0.70040  5.63939  4.38629      3 v - - -
          2.68618  4.42225  2.77519  2.73123  3.46354  2.40513  3.72494  3.29354  2.67741  2.69355  4.24690  2.90347  2.73739  3.18146  2.89801  2.37887  2.77519  2.98518  4.58477  3.61503
          0.02276  4.18987  4.91222  0.61958  0.77255  0.48576  0.95510
      4   0.63821  4.38336  3.81718  3.63781  4.40030  3.19683  4.61755  3.57590  3.66322  3.44164  4.44765  3.69681  3.96722  3.97650  3.88271  2.73571  3.03580  3.17318  5.79420  4.63502      4 A - - -
          2.68618  4.42225  2.77519  2.73123  3.46354  2.40513  3.72494  3.29354  2.67741  2.69355  4.24690  2.90347  2.73739  3.18146  2.89801  2.37887  2.77519  2.98518  4.58477  3.61503
          0.02276  4.18987  4.91222  0.61958  0.77255  0.48576  0.95510
      5   3.06814  4.53666  4.55675  4.24109  3.80509  4.04348  4.99558  2.09190  4.11452  2.44351  3.73220  4.37728  4.59470  4.45659  4.29516  3.57621  3.42714  0.70040  5.63939  4.38629      5 v - - -
          2.68618  4.42225  2.77519  2.73123  3.46354  2.40513  3.72494  3.29354  2.67741  2.69355  4.24690  2.90347  2.73739  3.18146  2.89801  2.37887  2.77519  2.98518  4.58477  3.61503
          0.02276  4.18987  4.91222  0.61958  0.77255  0.48576  0.95510
      6   3.06814  4.53666  4.55675  4.24109  3.80509  4.04348  4.99558  2.09190  4.11452  2.44351  3.73220  4.37728  4.59470  4.45659  4.29516  3.57621  3.42714  0.70040  5.63939  4.38629      6 v - - -
          2.68618  4.42225  2.77519  2.73123  3.46354  2.40513  3.72494  3.29354  2.67741  2.69355  4.24690  2.90347  2.73739  3.18146  2.89801  2.37887  2.77519  2.98518  4.58477  3.61503
          0.02276  4.18987  4.91222  0.61958  0.77255  0.48576  0.95510
      7   3.53219  4.90705  4.69875  4.35172  3.28930  4.38188  4.90956  2.52153  4.11714  0.56381  3.23352  4.59702  4.76998  4.40760  4.23639  4.00847  3.81594  2.63910  5.27109  4.06384      7 L - - -
          2.68618  4.42225  2.77519  2.73123  3.46354  2.40513  3.72494  3.29354  2.67741  2.69355  4.24690  2.90347  2.73739  3.18146  2.89801  2.37887  2.77519  2.98518  4.58477  3.61503
          0.02276  4.18987  4.91222  0.61958  0.77255  0.48576  0.95510
      8   3.53219  4.90705  4.69875  4.35172  3.28930  4.38188  4.90956  2.52153  4.11714  0.56381  3.23352  4.59702  4.76998  4.40760  4.23639  4.00847  3.81594  2.63910  5.27109  4.06384      8 L - - -
          2.68618  4.42225  2.77519  2.73123  3.46354  2.40513  3.72494  3.29354  2.67741  2.69355  4.24690  2.90347  2.73739  3.18146  2.89801  2.37887  2.77519  2.98518  4.58477  3.61503
          0.02276  4.18987  4.91222  0.61958  0.77255  0.48576  0.95510
      9   3.06814  4.53666  4.55675  4.24109  3.80509  4.04348  4.99558  2.09190  4.11452  2.44351  3.73220  4.37728  4.59470  4.45659  4.29516  3.57621  3.42714  0.70040  5.63939  4.38629      9 v - - -
          2.68618  4.42225  2.77519  2.73123  3.46354  2.40513  3.72494  3.29354  2.67741  2.69355  4.24690  2.90347  2.73739  3.18146  2.89801  2.37887  2.77519  2.98518  4.58477  3.61503
          0.02276  4.18987  4.91222  0.61958  0.77255  0.48576  0.95510
     10   2.50290  4.42108  3.51861  3.36211  4.41329  3.14686  4.45616  3.98573  3.45836  3.68510  4.59157  3.52531  3.91437  3.78381  3.72517  0.69670  3.00903  3.44843  5.76176  4.50243     10 s - - -
          2.68618  4.42225  2.77519  2.73123  3.46354  2.40513  3.72494  3.29354  2.67741  2.69355  4.24690  2.90347  2.73739  3.18146  2.89801  2.37887  2.77519  2.98518  4.58477  3.61503
          0.02276  4.18987  4.91222  0.61958  0.77255  0.48576  0.95510
     11   3.53219  4.90705  4.69875  4.35172  3.28930  4.38188  4.90956  2.52153  4.11714  0.56381  3.23352  4.59702  4.76998  4.40760  4.23639  4.00847  3.81594  2.63910  5.27109  4.06384     11 L - - -
          2.68618  4.42225  2.77519  2.73123  3.46354  2.40513  3.72494  3.29354  2.67741  2.69355  4.24690  2.90347  2.73739  3.18146  2.89801  2.37887  2.77519  2.98518  4.58477  3.61503
          0.02276  4.18987  4.91222  0.61958  0.77255  0.48576  0.95510
     12   3.53219  4.90705  4.69875  4.35172  3.28930  4.38188  4.90956  2.52153  4.11714  0.56381  3.23352  4.59702  4.76998  4.40760  4.23639  4.00847  3.81594  2.63910  5.27109  4.06384     12 L - - -
          2.68618  4.42225  2.77519  2.73123  3.46354  2.40513  3.72494  3.29354  2.67741  2.69355  4.24690  2.90347  2.73739  3.18146  2.89801  2.37887  2.77519  2.98518  4.58477  3.61503
          0.02276  4.18987  4.91222  0.61958  0.77255  0.48576  0.95510
     13   0.63821  4.38336  3.81718  3.63781  4.40030  3.19683  4.61755  3.57590  3.66322  3.44164  4.44765  3.69681  3.96722  3.97650  3.88271  2.73571  3.03580  3.17318  5.79420  4.63502     13 A - - -
          2.68618  4.42225  2.77519  2.73123  3.46354  2.40513  3.72494  3.29354  2.67741  2.69355  4.24690  2.90347  2.73739  3.18146  2.89801  2.37887  2.77519  2.98518  4.58477  3.61503
          0.02276  4.18987  4.91222  0.61958  0.77255  0.48576  0.95510
     14   3.06814  4.53666  4.55675  4.24109  3.80509  4.04348  4.99558  2.09190  4.11452  2.44351  3.73220  4.37728  4.59470  4.45659  4.29516  3.57621  3.42714  0.70040  5.63939  4.38629     14 v - - -
          2.68618  4.42225  2.77519  2.73123  3.46354  2.40513  3.72494  3.29354  2.67741  2.69355  4.24690  2.90347  2.73739  3.18146  2.89801  2.37887  2.77519  2.98518  4.58477  3.61503
          0.02276  4.18987  4.91222  0.61958  0.77255  0.48576  0.95510
     15   2.61912  4.46078  3.74967  3.53206  4.28883  3.28581  4.52002  3.45705  3.48154  3.30872  4.34787  3.67861  4.01894  3.86246  3.71613  2.82516  0.72895  3.11550  5.69669  4.50919     15 t - - -
          2.68618  4.42225  2.77519  2.73123  3.46354  2.40513  3.72494  3.29354  2.67741  2.69355  4.24690  2.90347  2.73739  3.18146  2.89801  2.37887  2.77519  2.98518  4.58477  3.61503
          0.02276  4.18987  4.91222  0.61958  0.77255  0.48576  0.95510
     16   3.73833  5.09708  4.32357  4.12283  2.38109  4.21303  3.81570  3.70781  3.97247  3.07660  4.35100  4.13723  4.68411  4.19909  4.08593  3.83855  4.02918  3.59463  4.03332  0.56656     16 Y - - -
          2.68618  4.42225  2.77519  2.73123  3.46354  2.40513  3.72494  3.29354  2.67741  2.69355  4.24690  2.90347  2.73739  3.18146  2.89801  2.37887  2.77519  2.98518  4.58477  3.61503
          0.02276  4.18987  4.91222  0.61958  0.77255  0.48576  0.95510
     17   0.63821  4.38336  3.81718  3.63781  4.40030  3.19683  4.61755  3.57590  3.66322  3.44164  4.44765  3.69681  3.96722  3.97650  3.88271  2.73571  3.03580  3.17318  5.79420  4.63502     17 A - - -
          2.68618  4.42225  2.77519  2.73123  3.46354  2.40513  3.72494  3.29354  2.67741  2.69355  4.24690  2.90347  2.73739  3.18146  2.89801  2.37887  2.77519  2.98518  4.58477  3.61503
          0.01538  4.18249        *  0.61958  0.77255  0.00000        *
//
HMMER3/f [3.4 | Aug 2023]
NAME  DivergentMRCLSIFVLL
LENG  19
ALPH  amino
RF    no
MM    no
CONS  yes
CS    no
MAP   yes
DATE  Sat Jul  6 16:38:18 2024
NSEQ  2
EFFN  2.000000
CKSUM 3684328309
STATS LOCAL MSV       -6.3128  0.73046
STATS LOCAL VITERBI   -6.6019  0.73046
STATS LOCAL FORWARD   -3.7254  0.73046
HMM          A        C        D        E        F        G        H        I        K        L        M        N        P        Q        R        S        T        V        W        Y   
            m->m     m->i     m->d     i->m     i->i     d->m     d->d
  COMPO   2.55453  3.01308  4.73662  4.51171  2.68707  4.15517  5.12658  2.53203  4.29852  1.49945  3.00659  4.59828  4.73205  4.68242  3.01762  2.28075  3.86307  1.70596  5.68196  4.37270
          2.68618  4.42225  2.77519  2.73123  3.46354  2.40513  3.72494  3.29354  2.67741  2.69355  4.24690  2.90347  2.73739  3.18146  2.89801  2.37887  2.77519  2.98518  4.58477  3.61503
          0.01467  4.62483  5.34718  0.61958  0.77255  0.00000        *
      1   3.78609  5.23920  4.99896  4.71640  3.82551  4.49683  5.27913  3.09658  4.44245  2.35395  0.43643  4.88347  5.01099  4.79366  4.54476  4.18152  4.13368  3.18226  5.71684  4.53313      1 M - - -
          2.68618  4.42225  2.77519  2.73123  3.46354  2.40513  3.72494  3.29354  2.67741  2.69355  4.24690  2.90347  2.73739  3.18146  2.89801  2.37887  2.77519  2.98518  4.58477  3.61503
          0.01467  4.62483  5.34718  0.61958  0.77255  0.48576  0.95510
      2   4.09153  5.75008  4.67229  4.09411  5.31638  4.34678  4.67762  4.97541  2.93879  4.35023  5.37643  4.37234  4.85576  3.90366  0.27042  4.17197  4.33362  4.67489  6.11461  5.14175      2 R - - -
          2.68618  4.42225  2.77519  2.73123  3.46354  2.40513  3.72494  3.29354  2.67741  2.69355  4.24690  2.90347  2.73739  3.18146  2.89801  2.37887  2.77519  2.98518  4.58477  3.61503
          0.01467  4.62483  5.34718  0.61958  0.77255  0.48576  0.95510
      3   3.73892  0.18629  5.29659  5.23586  5.17003  4.14618  5.73912  4.53847  5.11382  4.36616  5.52662  5.06740  4.89226  5.42506  5.08320  4.00499  4.26526  4.20589  6.32785  5.43292      3 C - - -
          2.68618  4.42225  2.77519  2.73123  3.46354  2.40513  3.72494  3.29354  2.67741  2.69355  4.24690  2.90347  2.73739  3.18146  2.89801  2.37887  2.77519  2.98518  4.58477  3.61503
          0.01467  4.62483  5.34718  0.61958  0.77255  0.48576  0.95510
      4   4.12723  5.39816  5.40081  5.09880  3.61818  4.93777  5.54137  2.90258  4.87682  0.30752  3.49923  5.31733  5.28030  5.04552  4.90691  4.69892  4.40337  3.12238  5.70016  4.58094      4 L - - -
          2.68618  4.42225  2.77519  2.73123  3.46354  2.40513  3.72494  3.29354  2.67741  2.69355  4.24690  2.90347  2.73739  3.18146  2.89801  2.37887  2.77519  2.98518  4.58477  3.61503
          0.01467  4.62483  5.34718  0.61958  0.77255  0.48576  0.95510
      5   2.87755  4.77801  4.08812  4.00356  4.97298  3.50443  5.04700  4.63743  4.13784  4.31116  5.20151  4.04209  4.31192  4.42291  4.34624  0.36096  3.42109  3.98257  6.28115  5.08376      5 S - - -
          2.68618  4.42225  2.77519  2.73123  3.46354  2.40513  3.72494  3.29354  2.67741  2.69355  4.24690  2.90347  2.73739  3.18146  2.89801  2.37887  2.77519  2.98518  4.58477  3.61503
          0.01467  4.62483  5.34718  0.61958  0.77255  0.48576  0.95510
      6   3.69784  4.98155  5.31546  5.00583  4.01721  4.82673  5.66089  0.45120  4.86180  2.50308  3.89050  5.16483  5.23925  5.16590  4.98478  4.45434  4.00240  2.15231  6.01857  4.79529      6 I - - -
          2.68618  4.42225  2.77519  2.73123  3.46354  2.40513  3.72494  3.29354  2.67741  2.69355  4.24690  2.90347  2.73739  3.18146  2.89801  2.37887  2.77519  2.98518  4.58477  3.61503
          0.01467  4.62483  5.34718  0.61958  0.77255  0.48576  0.95510
      7   4.38877  5.57620  5.30043  5.19973  0.29844  4.78438  4.45008  3.90182  5.11091  3.11347  4.53908  4.96436  5.26053  5.08259  5.04331  4.57886  4.70693  3.93753  4.57071  2.88357      7 F - - -
          2.68618  4.42225  2.77519  2.73123  3.46354  2.40513  3.72494  3.29354  2.67741  2.69355  4.24690  2.90347  2.73739  3.18146  2.89801  2.37887  2.77519  2.98518  4.58477  3.61503
          0.01467  4.62483  5.34718  0.61958  0.77255  0.48576  0.95510
      8   3.48020  4.88506  5.13802  4.87715  4.24638  4.48140  5.59995  2.32145  4.76955  2.83193  4.14161  4.94179  5.04021  5.09894  4.90810  4.07890  3.84676  0.41190  6.13252  4.89734      8 V - - -
          2.68618  4.42225  2.77519  2.73123  3.46354  2.40513  3.72494  3.29354  2.67741  2.69355  4.24690  2.90347  2.73739  3.18146  2.89801  2.37887  2.77519  2.98518  4.58477  3.61503
          0.01467  4.62483  5.34718  0.61958  0.77255  0.48576  0.95510
      9   4.12723  5.39816  5.40081  5.09880  3.61818  4.93777  5.54137  2.90258  4.87682  0.30752  3.49923  5.31733  5.28030  5.04552  4.90691  4.69892  4.40337  3.12238  5.70016  4.58094      9 L - - -
          2.68618  4.42225  2.77519  2.73123  3.46354  2.40513  3.72494  3.29354  2.67741  2.69355  4.24690  2.90347  2.73739  3.18146  2.89801  2.37887  2.77519  2.98518  4.58477  3.61503
          0.01467  4.62483  5.34718  0.61958  0.77255  0.48576  0.95510
     10   4.12723  5.39816  5.40081  5.09880  3.61818  4.93777  5.54137  2.90258  4.87682  0.30752  3.49923  5.31733  5.28030  5.04552  4.90691  4.69892  4.40337  3.12238  5.70016  4.58094     10 L - - -
          2.68618  4.42225  2.77519  2.73123  3.46354  2.40513  3.72494  3.29354  2.67741  2.69355  4.24690  2.90347  2.73739  3.18146  2.89801  2.37887  2.77519  2.98518  4.58477  3.61503
          0.01467  4.62483  5.34718  0.61958  0.77255  0.48576  0.95510
     11   3.48020  4.88506  5.13802  4.87715  4.24638  4.48140  5.59995  2.32145  4.76955  2.83193  4.14161  4.94179  5.04021  5.09894  4.90810  4.07890  3.84676  0.41190  6.13252  4.89734     11 V - - -
          2.68618  4.42225  2.77519  2.73123  3.46354  2.40513  3.72494  3.29354  2.67741  2.69355  4.24690  2.90347  2.73739  3.18146  2.89801  2.37887  2.77519  2.98518  4.58477  3.61503
          0.01467  4.62483  5.34718  0.61958  0.77255  0.48576  0.95510
     12   4.12723  5.39816  5.40081  5.09880  3.61818  4.93777  5.54137  2.90258  4.87682  0.30752  3.49923  5.31733  5.28030  5.04552  4.90691  4.69892  4.40337  3.12238  5.70016  4.58094     12 L - - -
          2.68618  4.42225  2.77519  2.73123  3.46354  2.40513  3.72494  3.29354  2.67741  2.69355  4.24690  2.90347  2.73739  3.18146  2.89801  2.37887  2.77519  2.98518  4.58477  3.61503
          0.01467  4.62483  5.34718  0.61958  0.77255  0.48576  0.95510
     13   4.12723  5.39816  5.40081  5.09880  3.61818  4.93777  5.54137  2.90258  4.87682  0.30752  3.49923  5.31733  5.28030  5.04552  4.90691  4.69892  4.40337  3.12238  5.70016  4.58094     13 L - - -
          2.68618  4.42225  2.77519  2.73123  3.46354  2.40513  3.72494  3.29354  2.67741  2.69355  4.24690  2.90347  2.73739  3.18146  2.89801  2.37887  2.77519  2.98518  4.58477  3.61503
          0.01467  4.62483  5.34718  0.61958  0.77255  0.48576  0.95510
     14   3.48020  4.88506  5.13802  4.87715  4.24638  4.48140  5.59995  2.32145  4.76955  2.83193  4.14161  4.94179  5.04021  5.09894  4.90810  4.07890  3.84676  0.41190  6.13252  4.89734     14 V - - -
          2.68618  4.42225  2.77519  2.73123  3.46354  2.40513  3.72494  3.29354  2.67741  2.69355  4.24690  2.90347  2.73739  3.18146  2.89801  2.37887  2.77519  2.98518  4.58477  3.61503
          0.01467  4.62483  5.34718  0.61958  0.77255  0.48576  0.95510
     15   2.87755  4.77801  4.08812  4.00356  4.97298  3.50443  5.04700  4.63743  4.13784  4.31116  5.20151  4.04209  4.31192  4.42291  4.34624  0.36096  3.42109  3.98257  6.28115  5.08376     15 S - - -
          2.68618  4.42225  2.77519  2.73123  3.46354  2.40513  3.72494  3.29354  2.67741  2.69355  4.24690  2.90347  2.73739  3.18146  2.89801  2.37887  2.77519  2.98518  4.58477  3.61503
          0.01467  4.62483  5.34718  0.61958  0.77255  0.48576  0.95510
     16   3.01348  4.71960  4.22003  3.87571  1.24697  3.80826  4.27344  3.50018  3.84574  3.09856  4.15290  3.98402  4.41641  4.07215  4.06972  1.25639  3.40165  3.25761  4.78735  3.19393     16 f - - -
          2.68618  4.42225  2.77519  2.73123  3.46354  2.40513  3.72494  3.29354  2.67741  2.69355  4.24690  2.90347  2.73739  3.18146  2.89801  2.37887  2.77519  2.98518  4.58477  3.61503
          0.01467  4.62483  5.34718  0.61958  0.77255  0.48576  0.95510
     17   1.23345  4.53141  4.61939  4.24863  4.17026  3.78898  4.98575  2.58000  4.16108  2.95765  4.06177  4.24389  4.45457  4.42090  4.35100  3.23616  3.30097  1.11246  5.83673  4.64005     17 v - - -
          2.68618  4.42225  2.77519  2.73123  3.46354  2.40513  3.72494  3.29354  2.67741  2.69355  4.24690  2.90347  2.73739  3.18146  2.89801  2.37887  2.77519  2.98518  4.58477  3.61503
          0.01467  4.62483  5.34718  0.61958  0.77255  0.48576  0.95510
     18   3.48020  4.88506  5.13802  4.87715  4.24638  4.48140  5.59995  2.32145  4.76955  2.83193  4.14161  4.94179  5.04021  5.09894  4.90810  4.07890  3.84676  0.41190  6.13252  4.89734     18 V - - -
          2.68618  4.42225  2.77519  2.73123  3.46354  2.40513  3.72494  3.29354  2.67741  2.69355  4.24690  2.90347  2.73739  3.18146  2.89801  2.37887  2.77519  2.98518  4.58477  3.61503
          0.01467  4.62483  5.34718  0.61958  0.77255  0.48576  0.95510
     19   0.32372  4.76536  4.42980  4.32857  5.00499  3.55951  5.22620  4.27004  4.37081  4.10495  5.08789  4.22499  4.36948  4.63911  4.51684  3.12947  3.46009  3.76842  6.33337  5.25783     19 A - - -
          2.68618  4.42225  2.77519  2.73123  3.46354  2.40513  3.72494  3.29354  2.67741  2.69355  4.24690  2.90347  2.73739  3.18146  2.89801  2.37887  2.77519  2.98518  4.58477  3.61503
          0.00990  4.62006        *  0.61958  0.77255  0.00000        *
//
HMMER3/f [3.4 | Aug 2023]
NAME  DivergentMRFLHFLIVA
LENG  41
ALPH  amino
RF    no
MM    no
CONS  yes
CS    no
MAP   yes
DATE  Sat Jul  6 16:37:42 2024
NSEQ  2
EFFN  1.355469
CKSUM 415172386
STATS LOCAL MSV       -7.6227  0.71948
STATS LOCAL VITERBI   -8.0632  0.71948
STATS LOCAL FORWARD   -4.1452  0.71948
HMM          A        C        D        E        F        G        H        I        K        L        M        N        P        Q        R        S        T        V        W        Y   
            m->m     m->i     m->d     i->m     i->i     d->m     d->d
  COMPO   2.33097  4.73137  3.75253  2.99245  2.73431  3.07530  3.31536  2.80168  3.22352  1.99732  3.06976  3.80713  2.97141  3.56666  3.01832  2.33779  3.02338  2.63583  5.33568  4.01503
          2.68618  4.42225  2.77519  2.73123  3.46354  2.40513  3.72494  3.29354  2.67741  2.69355  4.24690  2.90347  2.73739  3.18146  2.89801  2.37887  2.77519  2.98518  4.58477  3.61503
          0.39783  4.36693  1.15348  0.61958  0.77255  0.00000        *
      1   3.07051  4.60053  4.18451  3.78879  3.26727  3.92762  4.49523  2.45550  3.54961  1.84454  1.15846  4.05050  4.39019  3.92408  3.74005  3.43192  3.37893  2.47571  5.12382  3.89579      1 m - - -
          2.68618  4.42225  2.77519  2.73123  3.46354  2.40513  3.72494  3.29354  2.67741  2.69355  4.24690  2.90347  2.73739  3.18146  2.89801  2.37887  2.77519  2.98518  4.58477  3.61503
          0.02768  3.99677  4.71912  0.61958  0.77255  0.86638  0.54554
      2   3.29672  4.72295  4.38862  4.03044  3.18669  4.13907  4.64726  2.39903  3.79695  0.73606  3.17335  4.29381  4.55397  4.13548  3.95212  3.72651  3.58583  2.46837  5.10963  3.86118      2 l - - -
          2.68618  4.42225  2.77519  2.73123  3.46354  2.40513  3.72494  3.29354  2.67741  2.69355  4.24690  2.90347  2.73739  3.18146  2.89801  2.37887  2.77519  2.98518  4.58477  3.61503
          0.02768  3.99677  4.71912  0.61958  0.77255  0.86638  0.54554
      3   2.92362  4.65884  3.54446  3.40244  4.38471  3.33938  4.46861  3.96341  3.47063  3.57625  4.63230  3.69599  0.62584  3.85562  3.70097  3.09530  3.37524  3.59439  5.53590  4.50750      3 P - - -
          2.68618  4.42225  2.77519  2.73123  3.46354  2.40513  3.72494  3.29354  2.67741  2.69355  4.24690  2.90347  2.73739  3.18146  2.89801  2.37887  2.77519  2.98518  4.58477  3.61503
          0.02768  3.99677  4.71912  0.61958  0.77255  0.86638  0.54554
      4   2.37976  4.30105  3.31828  3.14122  4.20191  3.02881  4.24695  3.74201  3.22340  3.45314  4.36974  3.34510  3.77817  3.56324  3.50463  0.91797  2.86945  3.24977  5.56473  4.28647      4 s - - -
          2.68618  4.42225  2.77519  2.73123  3.46354  2.40513  3.72494  3.29354  2.67741  2.69355  4.24690  2.90347  2.73739  3.18146  2.89801  2.37887  2.77519  2.98518  4.58477  3.61503
          0.02768  3.99677  4.71912  0.61958  0.77255  0.86638  0.54554
      5   2.48345  4.32826  3.54248  3.30207  4.08258  3.16297  4.30939  3.22502  3.24749  3.08406  4.12779  3.49030  3.87707  3.63642  3.49923  2.68626  0.97739  2.90655  5.50942  4.29968      5 t - - -
          2.68618  4.42225  2.77519  2.73123  3.46354  2.40513  3.72494  3.29354  2.67741  2.69355  4.24690  2.90347  2.73739  3.18146  2.89801  2.37887  2.77519  2.98518  4.58477  3.61503
          0.02768  3.99677  4.71912  0.61958  0.77255  0.86638  0.54554
      6   3.06344  5.19564  2.54601  0.86079  4.55810  3.35724  3.95668  4.03688  2.85316  3.63468  4.60471  3.00937  3.96817  3.17069  3.27378  3.03409  3.36911  3.70845  5.70628  4.43033      6 e - - -
          2.68618  4.42225  2.77519  2.73123  3.46354  2.40513  3.72494  3.29354  2.67741  2.69355  4.24690  2.90347  2.73739  3.18146  2.89801  2.37887  2.77519  2.98518  4.58477  3.61503
          0.02768  3.99677  4.71912  0.61958  0.77255  0.86638  0.54554
      7   3.29672  4.72295  4.38862  4.03044  3.18669  4.13907  4.64726  2.39903  3.79695  0.73606  3.17335  4.29381  4.55397  4.13548  3.95212  3.72651  3.58583  2.46837  5.10963  3.86118      7 l - - -
          2.68618  4.42225  2.77519  2.73123  3.46354  2.40513  3.72494  3.29354  2.67741  2.69355  4.24690  2.90347  2.73739  3.18146  2.89801  2.37887  2.77519  2.98518  4.58477  3.61503
          0.02768  3.99677  4.71912  0.61958  0.77255  0.86638  0.54554
      8   3.29672  4.72295  4.38862  4.03044  3.18669  4.13907  4.64726  2.39903  3.79695  0.73606  3.17335  4.29381  4.55397  4.13548  3.95212  3.72651  3.58583  2.46837  5.10963  3.86118      8 l - - -
          2.68618  4.42225  2.77519  2.73123  3.46354  2.40513  3.72494  3.29354  2.67741  2.69355  4.24690  2.90347  2.73739  3.18146  2.89801  2.37887  2.77519  2.98518  4.58477  3.61503
          0.02768  3.99677  4.71912  0.61958  0.77255  0.86638  0.54554
      9   3.13877  4.93180  3.25437  3.02819  3.37745  3.55747  0.90521  3.86088  2.86811  3.33864  4.39239  3.43194  4.11755  3.39643  3.12567  3.20873  3.44693  3.59372  4.84059  3.32510      9 h - - -
          2.68618  4.42225  2.77519  2.73123  3.46354  2.40513  3.72494  3.29354  2.67741  2.69355  4.24690  2.90347  2.73739  3.18146  2.89801  2.37887  2.77519  2.98518  4.58477  3.61503
          0.02768  3.99677  4.71912  0.61958  0.77255  0.86638  0.54554
     10   2.92362  4.65884  3.54446  3.40244  4.38471  3.33938  4.46861  3.96341  3.47063  3.57625  4.63230  3.69599  0.62584  3.85562  3.70097  3.09530  3.37524  3.59439  5.53590  4.50750     10 P - - -
          2.68618  4.42225  2.77519  2.73123  3.46354  2.40513  3.72494  3.29354  2.67741  2.69355  4.24690  2.90347  2.73739  3.18146  2.89801  2.37887  2.77519  2.98518  4.58477  3.61503
          0.02768  3.99677  4.71912  0.61958  0.77255  0.86638  0.54554
     11   2.37976  4.30105  3.31828  3.14122  4.20191  3.02881  4.24695  3.74201  3.22340  3.45314  4.36974  3.34510  3.77817  3.56324  3.50463  0.91797  2.86945  3.24977  5.56473  4.28647     11 s - - -
          2.68618  4.42225  2.77519  2.73123  3.46354  2.40513  3.72494  3.29354  2.67741  2.69355  4.24690  2.90347  2.73739  3.18146  2.89801  2.37887  2.77519  2.98518  4.58477  3.61503
          0.02768  3.99677  4.71912  0.61958  0.77255  0.86638  0.54554
     12   3.08873  5.05432  3.27279  2.87284  4.46920  3.56320  3.83294  3.90662  0.88008  3.44533  4.40148  3.29131  4.05592  3.01838  2.46190  3.12339  3.33346  3.60789  5.47386  4.30514     12 k - - -
          2.68618  4.42225  2.77519  2.73123  3.46354  2.40513  3.72494  3.29354  2.67741  2.69355  4.24690  2.90347  2.73739  3.18146  2.89801  2.37887  2.77519  2.98518  4.58477  3.61503
          0.02768  3.99677  4.71912  0.61958  0.77255  0.86638  0.54554
     13   2.92362  4.65884  3.54446  3.40244  4.38471  3.33938  4.46861  3.96341  3.47063  3.57625  4.63230  3.69599  0.62584  3.85562  3.70097  3.09530  3.37524  3.59439  5.53590  4.50750     13 P - - -
          2.68618  4.42225  2.77519  2.73123  3.46354  2.40513  3.72494  3.29354  2.67741  2.69355  4.24690  2.90347  2.73739  3.18146  2.89801  2.37887  2.77519  2.98518  4.58477  3.61503
          0.02768  3.99677  4.71912  0.61958  0.77255  0.86638  0.54554
     14   0.84847  4.25780  3.59205  3.39072  4.17926  3.07868  4.39763  3.32362  3.41026  3.19934  4.21874  3.50788  3.82981  3.74031  3.65125  2.60764  2.89369  2.95646  5.59398  4.40850     14 a - - -
          2.68618  4.42225  2.77519  2.73123  3.46354  2.40513  3.72494  3.29354  2.67741  2.69355  4.24690  2.90347  2.73739  3.18146  2.89801  2.37887  2.77519  2.98518  4.58477  3.61503
          0.02768  3.99677  4.71912  0.61958  0.77255  0.86638  0.54554
     15   2.98416  4.97069  2.98981  2.74789  4.15541  3.45102  3.90681  3.80657  2.56040  3.29643  4.32216  3.20820  4.00713  1.02828  2.84156  3.02730  3.28168  3.52892  5.40604  4.10854     15 q - - -
          2.68618  4.42225  2.77519  2.73123  3.46354  2.40513  3.72494  3.29354  2.67741  2.69355  4.24690  2.90347  2.73739  3.18146  2.89801  2.37887  2.77519  2.98518  4.58477  3.61503
          0.02768  3.99677  4.71912  0.61958  0.77255  0.86638  0.54554
     16   3.12852  4.51470  4.50910  4.13078  3.46027  4.19816  4.83709  0.93609  3.96128  2.02254  3.37797  4.35886  4.61878  4.29770  4.14381  3.70672  3.42604  1.85674  5.37576  4.12379     16 i - - -
          2.68618  4.42225  2.77519  2.73123  3.46354  2.40513  3.72494  3.29354  2.67741  2.69355  4.24690  2.90347  2.73739  3.18146  2.89801  2.37887  2.77519  2.98518  4.58477  3.61503
          0.02768  3.99677  4.71912  0.61958  0.77255  0.86638  0.54554
     17   2.48345  4.32826  3.54248  3.30207  4.08258  3.16297  4.30939  3.22502  3.24749  3.08406  4.12779  3.49030  3.87707  3.63642  3.49923  2.68626  0.97739  2.90655  5.50942  4.29968     17 t - - -
          2.68618  4.42225  2.77519  2.73123  3.46354  2.40513  3.72494  3.29354  2.67741  2.69355  4.24690  2.90347  2.73739  3.18146  2.89801  2.37887  2.77519  2.98518  4.58477  3.61503
          0.02768  3.99677  4.71912  0.61958  0.77255  0.86638  0.54554
     18   2.37976  4.30105  3.31828  3.14122  4.20191  3.02881  4.24695  3.74201  3.22340  3.45314  4.36974  3.34510  3.77817  3.56324  3.50463  0.91797  2.86945  3.24977  5.56473  4.28647     18 s - - -
          2.68618  4.42225  2.77519  2.73123  3.46354  2.40513  3.72494  3.29354  2.67741  2.69355  4.24690  2.90347  2.73739  3.18146  2.89801  2.37887  2.77519  2.98518  4.58477  3.61503
          0.02768  3.99677  4.71912  0.61958  0.77255  0.86638  0.54554
     19   2.37976  4.30105  3.31828  3.14122  4.20191  3.02881  4.24695  3.74201  3.22340  3.45314  4.36974  3.34510  3.77817  3.56324  3.50463  0.91797  2.86945  3.24977  5.56473  4.28647     19 s - - -
          2.68618  4.42225  2.77519  2.73123  3.46354  2.40513  3.72494  3.29354  2.67741  2.69355  4.24690  2.90347  2.73739  3.18146  2.89801  2.37887  2.77519  2.98518  4.58477  3.61503
          0.02768  3.99677  4.71912  0.61958  0.77255  0.86638  0.54554
     20   3.14951  4.97731  3.65322  3.14011  4.36355  3.61191  3.92026  3.91500  2.29572  3.40842  4.40654  3.48973  4.10951  3.13545  0.80425  3.22841  3.40769  3.63388  5.39687  4.26517     20 r - - -
          2.68618  4.42225  2.77519  2.73123  3.46354  2.40513  3.72494  3.29354  2.67741  2.69355  4.24690  2.90347  2.73739  3.18146  2.89801  2.37887  2.77519  2.98518  4.58477  3.61503
          0.02768  3.99677  4.71912  0.61958  0.77255  0.30513  1.33572
     21   3.44833  4.93128  4.63597  4.29663  3.54110  4.23995  4.91745  2.77307  4.03297  2.08281  0.66914  4.50431  4.72665  4.39311  4.17379  3.83545  3.77606  2.83259  5.42897  4.22558     21 M - - -
          2.68618  4.42225  2.77519  2.73123  3.46354  2.40513  3.72494  3.29354  2.67741  2.69355  4.24690  2.90347  2.73739  3.18146  2.89801  2.37887  2.77519  2.98518  4.58477  3.61503
          0.01903  4.36693  5.08927  0.61958  0.77255  0.48576  0.95510
     22   3.66443  5.41016  4.21369  3.65330  4.89810  4.01752  4.31682  4.50200  2.61157  3.92691  4.93692  3.96262  4.51701  3.53300  0.43160  3.73989  3.90983  4.20939  5.79076  4.74525     22 R - - -
          2.68618  4.42225  2.77519  2.73123  3.46354  2.40513  3.72494  3.29354  2.67741  2.69355  4.24690  2.90347  2.73739  3.18146  2.89801  2.37887  2.77519  2.98518  4.58477  3.61503
          0.01903  4.36693  5.08927  0.61958  0.77255  0.48576  0.95510
     23   3.96573  5.22726  4.92974  4.76130  0.45539  4.48489  4.20253  3.46176  4.66496  2.72583  4.12982  4.61932  4.94964  4.70053  4.66054  4.19113  4.27577  3.48472  4.35002  2.67380     23 F - - -
          2.68618  4.42225  2.77519  2.73123  3.46354  2.40513  3.72494  3.29354  2.67741  2.69355  4.24690  2.90347  2.73739  3.18146  2.89801  2.37887  2.77519  2.98518  4.58477  3.61503
          0.01903  4.36693  5.08927  0.61958  0.77255  0.48576  0.95510
     24   3.76494  5.09593  4.98540  4.65430  3.40758  4.60730  5.16131  2.66083  4.42148  0.44112  3.32200  4.88568  4.97444  4.66459  4.50530  4.28156  4.04519  2.82130  5.43550  4.26451     24 L - - -
          2.68618  4.42225  2.77519  2.73123  3.46354  2.40513  3.72494  3.29354  2.67741  2.69355  4.24690  2.90347  2.73739  3.18146  2.89801  2.37887  2.77519  2.98518  4.58477  3.61503
          0.01903  4.36693  5.08927  0.61958  0.77255  0.48576  0.95510
     25   3.70463  5.37886  3.77151  3.60689  3.77163  3.98054  0.42933  4.49170  3.44416  3.90665  5.01096  3.98495  4.57156  3.98781  3.66526  3.77983  4.03662  4.21715  5.21937  3.71421     25 H - - -
          2.68618  4.42225  2.77519  2.73123  3.46354  2.40513  3.72494  3.29354  2.67741  2.69355  4.24690  2.90347  2.73739  3.18146  2.89801  2.37887  2.77519  2.98518  4.58477  3.61503
          0.01903  4.36693  5.08927  0.61958  0.77255  0.48576  0.95510
     26   3.96573  5.22726  4.92974  4.76130  0.45539  4.48489  4.20253  3.46176  4.66496  2.72583  4.12982  4.61932  4.94964  4.70053  4.66054  4.19113  4.27577  3.48472  4.35002  2.67380     26 F - - -
          2.68618  4.42225  2.77519  2.73123  3.46354  2.40513  3.72494  3.29354  2.67741  2.69355  4.24690  2.90347  2.73739  3.18146  2.89801  2.37887  2.77519  2.98518  4.58477  3.61503
          0.01903  4.36693  5.08927  0.61958  0.77255  0.48576  0.95510
     27   3.76494  5.09593  4.98540  4.65430  3.40758  4.60730  5.16131  2.66083  4.42148  0.44112  3.32200  4.88568  4.97444  4.66459  4.50530  4.28156  4.04519  2.82130  5.43550  4.26451     27 L - - -
          2.68618  4.42225  2.77519  2.73123  3.46354  2.40513  3.72494  3.29354  2.67741  2.69355  4.24690  2.90347  2.73739  3.18146  2.89801  2.37887  2.77519  2.98518  4.58477  3.61503
          0.01903  4.36693  5.08927  0.61958  0.77255  0.48576  0.95510
     28   3.44496  4.76229  4.99149  4.64831  3.76315  4.56964  5.31376  0.61452  4.48957  2.27447  3.64899  4.83117  4.97844  4.80340  4.63473  4.13899  3.74482  1.98759  5.73685  4.50265     28 I - - -
          2.68618  4.42225  2.77519  2.73123  3.46354  2.40513  3.72494  3.29354  2.67741  2.69355  4.24690  2.90347  2.73739  3.18146  2.89801  2.37887  2.77519  2.98518  4.58477  3.61503
          0.01903  4.36693  5.08927  0.61958  0.77255  0.48576  0.95510
     29   3.22711  4.66562  4.79417  4.49865  3.97201  4.22006  5.23556  2.16379  4.37767  2.58726  3.88426  4.60437  4.77241  4.71356  4.54055  3.77642  3.58827  0.56632  5.83044  4.58391     29 V - - -
          2.68618  4.42225  2.77519  2.73123  3.46354  2.40513  3.72494  3.29354  2.67741  2.69355  4.24690  2.90347  2.73739  3.18146  2.89801  2.37887  2.77519  2.98518  4.58477  3.61503
          0.01903  4.36693  5.08927  0.61958  0.77255  0.48576  0.95510
     30   0.48661  4.52306  4.05058  3.89958  4.63031  3.32881  4.84953  3.83827  3.93137  3.69341  4.68984  3.89679  4.11653  4.22793  4.12470  2.87957  3.19261  3.39879  6.00137  4.87190     30 A - - -
          2.68618  4.42225  2.77519  2.73123  3.46354  2.40513  3.72494  3.29354  2.67741  2.69355  4.24690  2.90347  2.73739  3.18146  2.89801  2.37887  2.77519  2.98518  4.58477  3.61503
          0.01903  4.36693  5.08927  0.61958  0.77255  0.48576  0.95510
     31   3.22711  4.66562  4.79417  4.49865  3.97201  4.22006  5.23556  2.16379  4.37767  2.58726  3.88426  4.60437  4.77241  4.71356  4.54055  3.77642  3.58827  0.56632  5.83044  4.58391     31 V - - -
          2.68618  4.42225  2.77519  2.73123  3.46354  2.40513  3.72494  3.29354  2.67741  2.69355  4.24690  2.90347  2.73739  3.18146  2.89801  2.37887  2.77519  2.98518  4.58477  3.61503
          0.01903  4.36693  5.08927  0.61958  0.77255  0.48576  0.95510
     32   3.76494  5.09593  4.98540  4.65430  3.40758  4.60730  5.16131  2.66083  4.42148  0.44112  3.32200  4.88568  4.97444  4.66459  4.50530  4.28156  4.04519  2.82130  5.43550  4.26451     32 L - - -
          2.68618  4.42225  2.77519  2.73123  3.46354  2.40513  3.72494  3.29354  2.67741  2.69355  4.24690  2.90347  2.73739  3.18146  2.89801  2.37887  2.77519  2.98518  4.58477  3.61503
          0.01903  4.36693  5.08927  0.61958  0.77255  0.48576  0.95510
     33   3.76494  5.09593  4.98540  4.65430  3.40758  4.60730  5.16131  2.66083  4.42148  0.44112  3.32200  4.88568  4.97444  4.66459  4.50530  4.28156  4.04519  2.82130  5.43550  4.26451     33 L - - -
          2.68618  4.42225  2.77519  2.73123  3.46354  2.40513  3.72494  3.29354  2.67741  2.69355  4.24690  2.90347  2.73739  3.18146  2.89801  2.37887  2.77519  2.98518  4.58477  3.61503
          0.01903  4.36693  5.08927  0.61958  0.77255  0.48576  0.95510
     34   0.48661  4.52306  4.05058  3.89958  4.63031  3.32881  4.84953  3.83827  3.93137  3.69341  4.68984  3.89679  4.11653  4.22793  4.12470  2.87957  3.19261  3.39879  6.00137  4.87190     34 A - - -
          2.68618  4.42225  2.77519  2.73123  3.46354  2.40513  3.72494  3.29354  2.67741  2.69355  4.24690  2.90347  2.73739  3.18146  2.89801  2.37887  2.77519  2.98518  4.58477  3.61503
          0.01903  4.36693  5.08927  0.61958  0.77255  0.48576  0.95510
     35   2.63968  4.55190  3.73188  3.60163  4.62796  3.27722  4.67926  4.23513  3.71246  3.92447  4.82389  3.71898  4.06185  4.02324  3.95948  0.53584  3.16154  3.65241  5.96208  4.72425     35 S - - -
          2.68618  4.42225  2.77519  2.73123  3.46354  2.40513  3.72494  3.29354  2.67741  2.69355  4.24690  2.90347  2.73739  3.18146  2.89801  2.37887  2.77519  2.98518  4.58477  3.61503
          0.01903  4.36693  5.08927  0.61958  0.77255  0.48576  0.95510
     36   3.96573  5.22726  4.92974  4.76130  0.45539  4.48489  4.20253  3.46176  4.66496  2.72583  4.12982  4.61932  4.94964  4.70053  4.66054  4.19113  4.27577  3.48472  4.35002  2.67380     36 F - - -
          2.68618  4.42225  2.77519  2.73123  3.46354  2.40513  3.72494  3.29354  2.67741  2.69355  4.24690  2.90347  2.73739  3.18146  2.89801  2.37887  2.77519  2.98518  4.58477  3.61503
          0.01903  4.36693  5.08927  0.61958  0.77255  0.48576  0.95510
     37   3.44833  4.93128  4.63597  4.29663  3.54110  4.23995  4.91745  2.77307  4.03297  2.08281  0.66914  4.50431  4.72665  4.39311  4.17379  3.83545  3.77606  2.83259  5.42897  4.22558     37 M - - -
          2.68618  4.42225  2.77519  2.73123  3.46354  2.40513  3.72494  3.29354  2.67741  2.69355  4.24690  2.90347  2.73739  3.18146  2.89801  2.37887  2.77519  2.98518  4.58477  3.61503
          0.01903  4.36693  5.08927  0.61958  0.77255  0.48576  0.95510
     38   3.49344  5.61784  2.83044  0.48477  5.04465  3.67945  4.34908  4.60912  3.30413  4.15512  5.13951  3.34972  4.31661  3.57442  3.74373  3.44109  3.81161  4.25183  6.11535  4.88154     38 E - - -
          2.68618  4.42225  2.77519  2.73123  3.46354  2.40513  3.72494  3.29354  2.67741  2.69355  4.24690  2.90347  2.73739  3.18146  2.89801  2.37887  2.77519  2.98518  4.58477  3.61503
          0.01903  4.36693  5.08927  0.61958  0.77255  0.48576  0.95510
     39   2.63968  4.55190  3.73188  3.60163  4.62796  3.27722  4.67926  4.23513  3.71246  3.92447  4.82389  3.71898  4.06185  4.02324  3.95948  0.53584  3.16154  3.65241  5.96208  4.72425     39 S - - -
          2.68618  4.42225  2.77519  2.73123  3.46354  2.40513  3.72494  3.29354  2.67741  2.69355  4.24690  2.90347  2.73739  3.18146  2.89801  2.37887  2.77519  2.98518  4.58477  3.61503
          0.01903  4.36693  5.08927  0.61958  0.77255  0.48576  0.95510
     40   3.39602  5.09331  4.16741  4.14095  5.21936  0.25740  5.20052  4.96897  4.38708  4.54698  5.54659  4.33439  4.49600  4.67291  4.54115  3.58613  3.91388  4.40114  6.15477  5.34755     40 G - - -
          2.68618  4.42225  2.77519  2.73123  3.46354  2.40513  3.72494  3.29354  2.67741  2.69355  4.24690  2.90347  2.73739  3.18146  2.89801  2.37887  2.77519  2.98518  4.58477  3.61503
          0.01903  4.36693  5.08927  0.61958  0.77255  0.48576  0.95510
     41   0.48661  4.52306  4.05058  3.89958  4.63031  3.32881  4.84953  3.83827  3.93137  3.69341  4.68984  3.89679  4.11653  4.22793  4.12470  2.87957  3.19261  3.39879  6.00137  4.87190     41 A - - -
          2.68618  4.42225  2.77519  2.73123  3.46354  2.40513  3.72494  3.29354  2.67741  2.69355  4.24690  2.90347  2.73739  3.18146  2.89801  2.37887  2.77519  2.98518  4.58477  3.61503
          0.01285  4.36074        *  0.61958  0.77255  0.00000        *
//
HMMER3/f [3.4 | Aug 2023]
NAME  DivergentMRFYIGLMAA
LENG  21
ALPH  amino
RF    no
MM    no
CONS  yes
CS    no
MAP   yes
DATE  Sat Jul  6 16:37:20 2024
NSEQ  2
EFFN  2.000000
CKSUM 2820577506
STATS LOCAL MSV       -6.6028  0.72373
STATS LOCAL VITERBI   -6.6314  0.72373
STATS LOCAL FORWARD   -4.4136  0.72373
HMM          A        C        D        E        F        G        H        I        K        L        M        N        P        Q        R        S        T        V        W        Y   
            m->m     m->i     m->d     i->m     i->i     d->m     d->d
  COMPO   2.38830  5.15445  3.09948  4.33162  2.97995  2.88071  5.04200  2.65173  4.14552  1.77678  2.28555  4.48366  4.70010  4.58658  2.51752  2.48212  2.49743  3.03521  5.67765  3.10055
          2.68618  4.42225  2.77519  2.73123  3.46354  2.40513  3.72494  3.29354  2.67741  2.69355  4.24690  2.90347  2.73739  3.18146  2.89801  2.37887  2.77519  2.98518  4.58477  3.61503
          0.01467  4.62483  5.34718  0.61958  0.77255  0.00000        *
      1   3.78609  5.23920  4.99896  4.71640  3.82551  4.49683  5.27913  3.09658  4.44245  2.35395  0.43643  4.88347  5.01099  4.79366  4.54476  4.18152  4.13368  3.18226  5.71684  4.53313      1 M - - -
          2.68618  4.42225  2.77519  2.73123  3.46354  2.40513  3.72494  3.29354  2.67741  2.69355  4.24690  2.90347  2.73739  3.18146  2.89801  2.37887  2.77519  2.98518  4.58477  3.61503
          0.01467  4.62483  5.34718  0.61958  0.77255  0.48576  0.95510
      2   4.09153  5.75008  4.67229  4.09411  5.31638  4.34678  4.67762  4.97541  2.93879  4.35023  5.37643  4.37234  4.85576  3.90366  0.27042  4.17197  4.33362  4.67489  6.11461  5.14175      2 R - - -
          2.68618  4.42225  2.77519  2.73123  3.46354  2.40513  3.72494  3.29354  2.67741  2.69355  4.24690  2.90347  2.73739  3.18146  2.89801  2.37887  2.77519  2.98518  4.58477  3.61503
          0.01467  4.62483  5.34718  0.61958  0.77255  0.48576  0.95510
      3   4.38877  5.57620  5.30043  5.19973  0.29844  4.78438  4.45008  3.90182  5.11091  3.11347  4.53908  4.96436  5.26053  5.08259  5.04331  4.57886  4.70693  3.93753  4.57071  2.88357      3 F - - -
          2.68618  4.42225  2.77519  2.73123  3.46354  2.40513  3.72494  3.29354  2.67741  2.69355  4.24690  2.90347  2.73739  3.18146  2.89801  2.37887  2.77519  2.98518  4.58477  3.61503
          0.01467  4.62483  5.34718  0.61958  0.77255  0.48576  0.95510
      4   4.48405  5.66309  5.02611  4.93690  2.71395  4.76669  4.22439  4.42472  4.78888  3.67297  5.01973  4.75733  5.24256  4.89081  4.79413  4.52241  4.78413  4.33352  4.36824  0.28092      4 Y - - -
          2.68618  4.42225  2.77519  2.73123  3.46354  2.40513  3.72494  3.29354  2.67741  2.69355  4.24690  2.90347  2.73739  3.18146  2.89801  2.37887  2.77519  2.98518  4.58477  3.61503
          0.01467  4.62483  5.34718  0.61958  0.77255  0.48576  0.95510
      5   3.69784  4.98155  5.31546  5.00583  4.01721  4.82673  5.66089  0.45120  4.86180  2.50308  3.89050  5.16483  5.23925  5.16590  4.98478  4.45434  4.00240  2.15231  6.01857  4.79529      5 I - - -
          2.68618  4.42225  2.77519  2.73123  3.46354  2.40513  3.72494  3.29354  2.67741  2.69355  4.24690  2.90347  2.73739  3.18146  2.89801  2.37887  2.77519  2.98518  4.58477  3.61503
          0.01467  4.62483  5.34718  0.61958  0.77255  0.48576  0.95510
      6   3.84125  5.47999  4.65486  4.66631  5.68016  0.15181  5.67046  5.52655  4.93955  5.04946  6.07339  4.82272  4.88165  5.20581  5.03385  4.04240  4.37307  4.91201  6.51694  5.82696      6 G - - -
          2.68618  4.42225  2.77519  2.73123  3.46354  2.40513  3.72494  3.29354  2.67741  2.69355  4.24690  2.90347  2.73739  3.18146  2.89801  2.37887  2.77519  2.98518  4.58477  3.61503
          0.01467  4.62483  5.34718  0.61958  0.77255  0.48576  0.95510
      7   4.12723  5.39816  5.40081  5.09880  3.61818  4.93777  5.54137  2.90258  4.87682  0.30752  3.49923  5.31733  5.28030  5.04552  4.90691  4.69892  4.40337  3.12238  5.70016  4.58094      7 L - - -
          2.68618  4.42225  2.77519  2.73123  3.46354  2.40513  3.72494  3.29354  2.67741  2.69355  4.24690  2.90347  2.73739  3.18146  2.89801  2.37887  2.77519  2.98518  4.58477  3.61503
          0.01467  4.62483  5.34718  0.61958  0.77255  0.48576  0.95510
      8   3.78609  5.23920  4.99896  4.71640  3.82551  4.49683  5.27913  3.09658  4.44245  2.35395  0.43643  4.88347  5.01099  4.79366  4.54476  4.18152  4.13368  3.18226  5.71684  4.53313      8 M - - -
          2.68618  4.42225  2.77519  2.73123  3.46354  2.40513  3.72494  3.29354  2.67741  2.69355  4.24690  2.90347  2.73739  3.18146  2.89801  2.37887  2.77519  2.98518  4.58477  3.61503
          0.01467  4.62483  5.34718  0.61958  0.77255  0.48576  0.95510
      9   0.32372  4.76536  4.42980  4.32857  5.00499  3.55951  5.22620  4.27004  4.37081  4.10495  5.08789  4.22499  4.36948  4.63911  4.51684  3.12947  3.46009  3.76842  6.33337  5.25783      9 A - - -
          2.68618  4.42225  2.77519  2.73123  3.46354  2.40513  3.72494  3.29354  2.67741  2.69355  4.24690  2.90347  2.73739  3.18146  2.89801  2.37887  2.77519  2.98518  4.58477  3.61503
          0.01467  4.62483  5.34718  0.61958  0.77255  0.48576  0.95510
     10   0.32372  4.76536  4.42980  4.32857  5.00499  3.55951  5.22620  4.27004  4.37081  4.10495  5.08789  4.22499  4.36948  4.63911  4.51684  3.12947  3.46009  3.76842  6.33337  5.25783     10 A - - -
          2.68618  4.42225  2.77519  2.73123  3.46354  2.40513  3.72494  3.29354  2.67741  2.69355  4.24690  2.90347  2.73739  3.18146  2.89801  2.37887  2.77519  2.98518  4.58477  3.61503
          0.01467  4.62483  5.34718  0.61958  0.77255  0.48576  0.95510
     11   4.12723  5.39816  5.40081  5.09880  3.61818  4.93777  5.54137  2.90258  4.87682  0.30752  3.49923  5.31733  5.28030  5.04552  4.90691  4.69892  4.40337  3.12238  5.70016  4.58094     11 L - - -
          2.68618  4.42225  2.77519  2.73123  3.46354  2.40513  3.72494  3.29354  2.67741  2.69355  4.24690  2.90347  2.73739  3.18146  2.89801  2.37887  2.77519  2.98518  4.58477  3.61503
          0.01467  4.62483  5.34718  0.61958  0.77255  0.48576  0.95510
     12   3.78609  5.23920  4.99896  4.71640  3.82551  4.49683  5.27913  3.09658  4.44245  2.35395  0.43643  4.88347  5.01099  4.79366  4.54476  4.18152  4.13368  3.18226  5.71684  4.53313     12 M - - -
          2.68618  4.42225  2.77519  2.73123  3.46354  2.40513  3.72494  3.29354  2.67741  2.69355  4.24690  2.90347  2.73739  3.18146  2.89801  2.37887  2.77519  2.98518  4.58477  3.61503
          0.01467  4.62483  5.34718  0.61958  0.77255  0.48576  0.95510
     13   4.12723  5.39816  5.40081  5.09880  3.61818  4.93777  5.54137  2.90258  4.87682  0.30752  3.49923  5.31733  5.28030  5.04552  4.90691  4.69892  4.40337  3.12238  5.70016  4.58094     13 L - - -
          2.68618  4.42225  2.77519  2.73123  3.46354  2.40513  3.72494  3.29354  2.67741  2.69355  4.24690  2.90347  2.73739  3.18146  2.89801  2.37887  2.77519  2.98518  4.58477  3.61503
          0.01467  4.62483  5.34718  0.61958  0.77255  0.48576  0.95510
     14   3.04414  4.87155  4.35068  4.21532  4.89213  3.66881  5.13994  4.14202  4.17893  3.96810  5.00600  4.23490  4.44590  4.53729  4.35178  3.25814  0.35496  3.73038  6.23308  5.12388     14 T - - -
          2.68618  4.42225  2.77519  2.73123  3.46354  2.40513  3.72494  3.29354  2.67741  2.69355  4.24690  2.90347  2.73739  3.18146  2.89801  2.37887  2.77519  2.98518  4.58477  3.61503
          0.01467  4.62483  5.34718  0.61958  0.77255  0.48576  0.95510
     15   2.87755  4.77801  4.08812  4.00356  4.97298  3.50443  5.04700  4.63743  4.13784  4.31116  5.20151  4.04209  4.31192  4.42291  4.34624  0.36096  3.42109  3.98257  6.28115  5.08376     15 S - - -
          2.68618  4.42225  2.77519  2.73123  3.46354  2.40513  3.72494  3.29354  2.67741  2.69355  4.24690  2.90347  2.73739  3.18146  2.89801  2.37887  2.77519  2.98518  4.58477  3.61503
          0.01467  4.62483  5.34718  0.61958  0.77255  0.48576  0.95510
     16   3.55624  4.75973  5.61645  5.16596  4.12674  5.15792  5.94396  0.99680  5.10633  2.54080  3.85773  5.32905  5.39296  5.37175  5.28137  4.60381  3.82245  0.92995  6.26240  5.03639     16 v - - -
          2.68618  4.42225  2.77519  2.73123  3.46354  2.40513  3.72494  3.29354  2.67741  2.69355  4.24690  2.90347  2.73739  3.18146  2.89801  2.37887  2.77519  2.98518  4.58477  3.61503
          0.01467  4.62483  5.34718  0.61958  0.77255  0.48576  0.95510
     17   4.12723  5.39816  5.40081  5.09880  3.61818  4.93777  5.54137  2.90258  4.87682  0.30752  3.49923  5.31733  5.28030  5.04552  4.90691  4.69892  4.40337  3.12238  5.70016  4.58094     17 L - - -
          2.68618  4.42225  2.77519  2.73123  3.46354  2.40513  3.72494  3.29354  2.67741  2.69355  4.24690  2.90347  2.73739  3.18146  2.89801  2.37887  2.77519  2.98518  4.58477  3.61503
          0.01467  4.62483  5.34718  0.61958  0.77255  0.48576  0.95510
     18   4.09153  5.75008  4.67229  4.09411  5.31638  4.34678  4.67762  4.97541  2.93879  4.35023  5.37643  4.37234  4.85576  3.90366  0.27042  4.17197  4.33362  4.67489  6.11461  5.14175     18 R - - -
          2.68618  4.42225  2.77519  2.73123  3.46354  2.40513  3.72494  3.29354  2.67741  2.69355  4.24690  2.90347  2.73739  3.18146  2.89801  2.37887  2.77519  2.98518  4.58477  3.61503
          0.01467  4.62483  5.34718  0.61958  0.77255  0.48576  0.95510
     19   3.04414  4.87155  4.35068  4.21532  4.89213  3.66881  5.13994  4.14202  4.17893  3.96810  5.00600  4.23490  4.44590  4.53729  4.35178  3.25814  0.35496  3.73038  6.23308  5.12388     19 T - - -
          2.68618  4.42225  2.77519  2.73123  3.46354  2.40513  3.72494  3.29354  2.67741  2.69355  4.24690  2.90347  2.73739  3.18146  2.89801  2.37887  2.77519  2.98518  4.58477  3.61503
          0.01467  4.62483  5.34718  0.61958  0.77255  0.48576  0.95510
     20   4.01052  6.06349  0.26136  3.13020  5.59274  3.98247  4.84911  5.39974  4.10339  4.87690  5.92735  3.70557  4.68335  4.12652  4.67577  3.92547  4.37982  4.97238  6.57594  5.41591     20 D - - -
          2.68618  4.42225  2.77519  2.73123  3.46354  2.40513  3.72494  3.29354  2.67741  2.69355  4.24690  2.90347  2.73739  3.18146  2.89801  2.37887  2.77519  2.98518  4.58477  3.61503
          0.01467  4.62483  5.34718  0.61958  0.77255  0.48576  0.95510
     21   2.87755  4.77801  4.08812  4.00356  4.97298  3.50443  5.04700  4.63743  4.13784  4.31116  5.20151  4.04209  4.31192  4.42291  4.34624  0.36096  3.42109  3.98257  6.28115  5.08376     21 S - - -
          2.68618  4.42225  2.77519  2.73123  3.46354  2.40513  3.72494  3.29354  2.67741  2.69355  4.24690  2.90347  2.73739  3.18146  2.89801  2.37887  2.77519  2.98518  4.58477  3.61503
          0.00990  4.62006        *  0.61958  0.77255  0.00000        *
//
HMMER3/f [3.4 | Aug 2023]
NAME  DivergentMSKLVILAVL
LENG  18
ALPH  amino
RF    no
MM    no
CONS  yes
CS    no
MAP   yes
DATE  Sat Jul  6 16:37:11 2024
NSEQ  1
EFFN  1.000000
CKSUM 3038338594
STATS LOCAL MSV       -6.6370  0.75862
STATS LOCAL VITERBI   -7.1846  0.75862
STATS LOCAL FORWARD   -2.9145  0.75862
HMM          A        C        D        E        F        G        H        I        K        L        M        N        P        Q        R        S        T        V        W        Y   
            m->m     m->i     m->d     i->m     i->i     d->m     d->d
  COMPO   2.35356  4.67388  4.12665  3.87207  3.69923  3.74915  4.69969  2.40377  3.04490  1.47799  3.08166  4.06851  3.02258  4.10363  3.86775  2.84873  2.88721  1.86881  5.46165  4.27251
          2.68618  4.42225  2.77519  2.73123  3.46354  2.40513  3.72494  3.29354  2.67741  2.69355  4.24690  2.90347  2.73739  3.18146  2.89801  2.37887  2.77519  2.98518  4.58477  3.61503
          0.02276  4.18987  4.91222  0.61958  0.77255  0.00000        *
      1   3.25222  4.75661  4.40951  4.03909  3.39126  4.08269  4.70091  2.60085  3.78687  1.94755  0.87716  4.27371  4.55506  4.15310  3.95236  3.62896  3.56913  2.64181  5.26720  4.05226      1 m - - -
          2.68618  4.42225  2.77519  2.73123  3.46354  2.40513  3.72494  3.29354  2.67741  2.69355  4.24690  2.90347  2.73739  3.18146  2.89801  2.37887  2.77519  2.98518  4.58477  3.61503
          0.02276  4.18987  4.91222  0.61958  0.77255  0.48576  0.95510
      2   2.50290  4.42108  3.51861  3.36211  4.41329  3.14686  4.45616  3.98573  3.45836  3.68510  4.59157  3.52531  3.91437  3.78381  3.72517  0.69670  3.00903  3.44843  5.76176  4.50243      2 s - - -
          2.68618  4.42225  2.77519  2.73123  3.46354  2.40513  3.72494  3.29354  2.67741  2.69355  4.24690  2.90347  2.73739  3.18146  2.89801  2.37887  2.77519  2.98518  4.58477  3.61503
          0.02276  4.18987  4.91222  0.61958  0.77255  0.48576  0.95510
      3   3.29562  5.24422  3.49093  3.06777  4.70484  3.73606  3.98019  4.15785  0.67250  3.65898  4.61469  3.47357  4.22328  3.16177  2.54913  3.32356  3.53061  3.85194  5.63649  4.50155      3 K - - -
          2.68618  4.42225  2.77519  2.73123  3.46354  2.40513  3.72494  3.29354  2.67741  2.69355  4.24690  2.90347  2.73739  3.18146  2.89801  2.37887  2.77519  2.98518  4.58477  3.61503
          0.02276  4.18987  4.91222  0.61958  0.77255  0.48576  0.95510
      4   3.53219  4.90705  4.69875  4.35172  3.28930  4.38188  4.90956  2.52153  4.11714  0.56381  3.23352  4.59702  4.76998  4.40760  4.23639  4.00847  3.81594  2.63910  5.27109  4.06384      4 L - - -
          2.68618  4.42225  2.77519  2.73123  3.46354  2.40513  3.72494  3.29354  2.67741  2.69355  4.24690  2.90347  2.73739  3.18146  2.89801  2.37887  2.77519  2.98518  4.58477  3.61503
          0.02276  4.18987  4.91222  0.61958  0.77255  0.48576  0.95510
      5   3.06814  4.53666  4.55675  4.24109  3.80509  4.04348  4.99558  2.09190  4.11452  2.44351  3.73220  4.37728  4.59470  4.45659  4.29516  3.57621  3.42714  0.70040  5.63939  4.38629      5 v - - -
          2.68618  4.42225  2.77519  2.73123  3.46354  2.40513  3.72494  3.29354  2.67741  2.69355  4.24690  2.90347  2.73739  3.18146  2.89801  2.37887  2.77519  2.98518  4.58477  3.61503
          0.02276  4.18987  4.91222  0.61958  0.77255  0.48576  0.95510
      6   3.28749  4.63384  4.76460  4.40209  3.60940  4.39337  5.08283  0.75301  4.23704  2.14257  3.50787  4.60518  4.80492  4.55994  4.39921  3.93013  3.58532  1.90852  5.55767  4.31609      6 i - - -
          2.68618  4.42225  2.77519  2.73123  3.46354  2.40513  3.72494  3.29354  2.67741  2.69355  4.24690  2.90347  2.73739  3.18146  2.89801  2.37887  2.77519  2.98518  4.58477  3.61503
          0.02276  4.18987  4.91222  0.61958  0.77255  0.48576  0.95510
      7   3.53219  4.90705  4.69875  4.35172  3.28930  4.38188  4.90956  2.52153  4.11714  0.56381  3.23352  4.59702  4.76998  4.40760  4.23639  4.00847  3.81594  2.63910  5.27109  4.06384      7 L - - -
          2.68618  4.42225  2.77519  2.73123  3.46354  2.40513  3.72494  3.29354  2.67741  2.69355  4.24690  2.90347  2.73739  3.18146  2.89801  2.37887  2.77519  2.98518  4.58477  3.61503
          0.02276  4.18987  4.91222  0.61958  0.77255  0.48576  0.95510
      8   0.63821  4.38336  3.81718  3.63781  4.40030  3.19683  4.61755  3.57590  3.66322  3.44164  4.44765  3.69681  3.96722  3.97650  3.88271  2.73571  3.03580  3.17318  5.79420  4.63502      8 A - - -
          2.68618  4.42225  2.77519  2.73123  3.46354  2.40513  3.72494  3.29354  2.67741  2.69355  4.24690  2.90347  2.73739  3.18146  2.89801  2.37887  2.77519  2.98518  4.58477  3.61503
          0.02276  4.18987  4.91222  0.61958  0.77255  0.48576  0.95510
      9   3.06814  4.53666  4.55675  4.24109  3.80509  4.04348  4.99558  2.09190  4.11452  2.44351  3.73220  4.37728  4.59470  4.45659  4.29516  3.57621  3.42714  0.70040  5.63939  4.38629      9 v - - -
          2.68618  4.42225  2.77519  2.73123  3.46354  2.40513  3.72494  3.29354  2.67741  2.69355  4.24690  2.90347  2.73739  3.18146  2.89801  2.37887  2.77519  2.98518  4.58477  3.61503
          0.02276  4.18987  4.91222  0.61958  0.77255  0.48576  0.95510
     10   3.53219  4.90705  4.69875  4.35172  3.28930  4.38188  4.90956  2.52153  4.11714  0.56381  3.23352  4.59702  4.76998  4.40760  4.23639  4.00847  3.81594  2.63910  5.27109  4.06384     10 L - - -
          2.68618  4.42225  2.77519  2.73123  3.46354  2.40513  3.72494  3.29354  2.67741  2.69355  4.24690  2.90347  2.73739  3.18146  2.89801  2.37887  2.77519  2.98518  4.58477  3.61503
          0.02276  4.18987  4.91222  0.61958  0.77255  0.48576  0.95510
     11   3.06814  4.53666  4.55675  4.24109  3.80509  4.04348  4.99558  2.09190  4.11452  2.44351  3.73220  4.37728  4.59470  4.45659  4.29516  3.57621  3.42714  0.70040  5.63939  4.38629     11 v - - -
          2.68618  4.42225  2.77519  2.73123  3.46354  2.40513  3.72494  3.29354  2.67741  2.69355  4.24690  2.90347  2.73739  3.18146  2.89801  2.37887  2.77519  2.98518  4.58477  3.61503
          0.02276  4.18987  4.91222  0.61958  0.77255  0.48576  0.95510
     12   3.53219  4.90705  4.69875  4.35172  3.28930  4.38188  4.90956  2.52153  4.11714  0.56381  3.23352  4.59702  4.76998  4.40760  4.23639  4.00847  3.81594  2.63910  5.27109  4.06384     12 L - - -
          2.68618  4.42225  2.77519  2.73123  3.46354  2.40513  3.72494  3.29354  2.67741  2.69355  4.24690  2.90347  2.73739  3.18146  2.89801  2.37887  2.77519  2.98518  4.58477  3.61503
          0.02276  4.18987  4.91222  0.61958  0.77255  0.48576  0.95510
     13   3.53219  4.90705  4.69875  4.35172  3.28930  4.38188  4.90956  2.52153  4.11714  0.56381  3.23352  4.59702  4.76998  4.40760  4.23639  4.00847  3.81594  2.63910  5.27109  4.06384     13 L - - -
          2.68618  4.42225  2.77519  2.73123  3.46354  2.40513  3.72494  3.29354  2.67741  2.69355  4.24690  2.90347  2.73739  3.18146  2.89801  2.37887  2.77519  2.98518  4.58477  3.61503
          0.02276  4.18987  4.91222  0.61958  0.77255  0.48576  0.95510
     14   3.23070  4.92185  3.87384  3.76704  4.71566  3.59203  4.80764  4.35681  3.85437  3.94292  5.01397  4.03637  0.40440  4.23275  4.05325  3.41067  3.69911  3.96322  5.80181  4.84428     14 P - - -
          2.68618  4.42225  2.77519  2.73123  3.46354  2.40513  3.72494  3.29354  2.67741  2.69355  4.24690  2.90347  2.73739  3.18146  2.89801  2.37887  2.77519  2.98518  4.58477  3.61503
          0.02276  4.18987  4.91222  0.61958  0.77255  0.48576  0.95510
     15   3.53219  4.90705  4.69875  4.35172  3.28930  4.38188  4.90956  2.52153  4.11714  0.56381  3.23352  4.59702  4.76998  4.40760  4.23639  4.00847  3.81594  2.63910  5.27109  4.06384     15 L - - -
          2.68618  4.42225  2.77519  2.73123  3.46354  2.40513  3.72494  3.29354  2.67741  2.69355  4.24690  2.90347  2.73739  3.18146  2.89801  2.37887  2.77519  2.98518  4.58477  3.61503
          0.02276  4.18987  4.91222  0.61958  0.77255  0.48576  0.95510
     16   3.06814  4.53666  4.55675  4.24109  3.80509  4.04348  4.99558  2.09190  4.11452  2.44351  3.73220  4.37728  4.59470  4.45659  4.29516  3.57621  3.42714  0.70040  5.63939  4.38629     16 v - - -
          2.68618  4.42225  2.77519  2.73123  3.46354  2.40513  3.72494  3.29354  2.67741  2.69355  4.24690  2.90347  2.73739  3.18146  2.89801  2.37887  2.77519  2.98518  4.58477  3.61503
          0.02276  4.18987  4.91222  0.61958  0.77255  0.48576  0.95510
     17   2.61912  4.46078  3.74967  3.53206  4.28883  3.28581  4.52002  3.45705  3.48154  3.30872  4.34787  3.67861  4.01894  3.86246  3.71613  2.82516  0.72895  3.11550  5.69669  4.50919     17 t - - -
          2.68618  4.42225  2.77519  2.73123  3.46354  2.40513  3.72494  3.29354  2.67741  2.69355  4.24690  2.90347  2.73739  3.18146  2.89801  2.37887  2.77519  2.98518  4.58477  3.61503
          0.02276  4.18987  4.91222  0.61958  0.77255  0.48576  0.95510
     18   0.63821  4.38336  3.81718  3.63781  4.40030  3.19683  4.61755  3.57590  3.66322  3.44164  4.44765  3.69681  3.96722  3.97650  3.88271  2.73571  3.03580  3.17318  5.79420  4.63502     18 A - - -
          2.68618  4.42225  2.77519  2.73123  3.46354  2.40513  3.72494  3.29354  2.67741  2.69355  4.24690  2.90347  2.73739  3.18146  2.89801  2.37887  2.77519  2.98518  4.58477  3.61503
          0.01538  4.18249        *  0.61958  0.77255  0.00000        *
//
HMMER3/f [3.4 | Aug 2023]
NAME  DivergentMSTLGMTLLX
LENG  19
ALPH  amino
RF    no
MM    no
CONS  yes
CS    no
MAP   yes
DATE  Sat Jul  6 16:37:00 2024
NSEQ  4
EFFN  4.000000
CKSUM 3828961261
STATS LOCAL MSV       -6.3489  0.72338
STATS LOCAL VITERBI   -6.4026  0.72338
STATS LOCAL FORWARD   -4.0486  0.72338
HMM          A        C        D        E        F        G        H        I        K        L        M        N        P        Q        R        S        T        V        W        Y   
            m->m     m->i     m->d     i->m     i->i     d->m     d->d
  COMPO   2.80956  5.52644  4.08310  4.54223  4.39255  2.80885  5.47648  2.83053  4.58675  1.02192  2.54432  3.36916  2.32102  4.89920  4.77352  2.84715  2.60596  3.34231  6.14093  5.11395
          2.68618  4.42225  2.77519  2.73123  3.46354  2.40513  3.72494  3.29354  2.67741  2.69355  4.24690  2.90347  2.73739  3.18146  2.89801  2.37887  2.77519  2.98518  4.58477  3.61503
          0.00858  5.15864  5.88099  0.61958  0.77255  0.00000        *
      1   4.64481  6.02761  5.81918  5.67216  4.64934  5.11052  6.14082  4.03101  5.43191  3.18771  0.16065  5.77301  5.68852  5.75700  5.44971  5.03154  5.04037  4.16092  6.46873  5.35415      1 M - - -
          2.68618  4.42225  2.77519  2.73123  3.46354  2.40513  3.72494  3.29354  2.67741  2.69355  4.24690  2.90347  2.73739  3.18146  2.89801  2.37887  2.77519  2.98518  4.58477  3.61503
          0.00858  5.15864  5.88099  0.61958  0.77255  0.48576  0.95510
      2   3.48291  5.35395  4.92936  4.93521  5.74889  4.08558  5.87396  5.53331  5.11190  5.16623  6.03882  4.79831  4.92226  5.33069  5.21964  0.15816  4.05785  4.73385  6.97619  5.89655      2 S - - -
          2.68618  4.42225  2.77519  2.73123  3.46354  2.40513  3.72494  3.29354  2.67741  2.69355  4.24690  2.90347  2.73739  3.18146  2.89801  2.37887  2.77519  2.98518  4.58477  3.61503
          0.00858  5.15864  5.88099  0.61958  0.77255  0.48576  0.95510
      3   3.74785  5.54475  5.24247  5.21589  5.79205  4.30866  6.03224  5.21341  5.21228  4.97013  5.99995  5.06893  5.11712  5.52252  5.28479  3.96874  0.13957  4.67902  6.98520  6.03187      3 T - - -
          2.68618  4.42225  2.77519  2.73123  3.46354  2.40513  3.72494  3.29354  2.67741  2.69355  4.24690  2.90347  2.73739  3.18146  2.89801  2.37887  2.77519  2.98518  4.58477  3.61503
          0.00858  5.15864  5.88099  0.61958  0.77255  0.48576  0.95510
      4   4.91943  6.07804  6.20575  5.96913  4.17473  5.59449  6.33051  3.51589  5.80807  0.14441  4.01175  6.19412  5.91567  5.82414  5.73219  5.58379  5.18804  3.83852  6.31563  5.30148      4 L - - -
          2.68618  4.42225  2.77519  2.73123  3.46354  2.40513  3.72494  3.29354  2.67741  2.69355  4.24690  2.90347  2.73739  3.18146  2.89801  2.37887  2.77519  2.98518  4.58477  3.61503
          0.00858  5.15864  5.88099  0.61958  0.77255  0.48576  0.95510
      5   4.79833  6.28986  5.65024  5.71313  6.57347  0.05510  6.57443  6.61222  6.00544  6.00343  7.09064  5.82205  5.67176  6.24443  5.97376  5.02273  5.34161  5.94139  7.21822  6.75812      5 G - - -
          2.68618  4.42225  2.77519  2.73123  3.46354  2.40513  3.72494  3.29354  2.67741  2.69355  4.24690  2.90347  2.73739  3.18146  2.89801  2.37887  2.77519  2.98518  4.58477  3.61503
          0.00858  5.15864  5.88099  0.61958  0.77255  0.48576  0.95510
      6   4.19198  5.41841  6.11778  5.61065  3.88798  5.58097  6.04712  1.48754  5.43001  2.17565  0.69865  5.78262  5.71203  5.44731  5.44181  5.02175  4.43126  2.73604  6.10636  5.06832      6 m - - -
          2.68629  4.42236  2.77530  2.73134  3.46365  2.40524  3.72505  3.29365  2.67752  2.69366  4.24700  2.90357  2.73750  3.18157  2.89811  2.37898  2.77355  2.98529  4.58488  3.61514
          0.26791  1.46001  5.88099  0.10117  2.34113  0.48576  0.95510
      7   4.91943  6.07804  6.20575  5.96913  4.17473  5.59449  6.33051  3.51589  5.80807  0.14441  4.01175  6.19412  5.91567  5.82414  5.73219  5.58379  5.18804  3.83852  6.31563  5.30148      8 L - - -
          2.68618  4.42225  2.77519  2.73123  3.46354  2.40513  3.72494  3.29354  2.67741  2.69355  4.24690  2.90347  2.73739  3.18146  2.89801  2.37887  2.77519  2.98518  4.58477  3.61503
          0.00858  5.15864  5.88099  0.61958  0.77255  0.48576  0.95510
      8   4.91943  6.07804  6.20575  5.96913  4.17473  5.59449  6.33051  3.51589  5.80807  0.14441  4.01175  6.19412  5.91567  5.82414  5.73219  5.58379  5.18804  3.83852  6.31563  5.30148      9 L - - -
          2.68618  4.42225  2.77519  2.73123  3.46354  2.40513  3.72494  3.29354  2.67741  2.69355  4.24690  2.90347  2.73739  3.18146  2.89801  2.37887  2.77519  2.98518  4.58477  3.61503
          0.00858  5.15864  5.88099  0.61958  0.77255  0.48576  0.95510
      9   3.80311  5.12476  5.59586  5.04498  3.77265  5.04918  5.44267  1.49147  4.87225  0.93939  3.58787  5.18420  1.87726  4.96847  4.92765  4.41217  4.04019  2.78676  5.75861  4.67443     10 l - - -
          2.68618  4.42225  2.77519  2.73123  3.46354  2.40513  3.72494  3.29354  2.67741  2.69355  4.24690  2.90347  2.73739  3.18146  2.89801  2.37887  2.77519  2.98518  4.58477  3.61503
          0.00858  5.15864  5.88099  0.61958  0.77255  0.48576  0.95510
     10   4.02780  5.20037  6.15711  5.68472  4.29185  5.68430  6.37701  0.93136  5.63427  1.42968  4.00687  5.85534  5.82219  5.77317  5.74107  5.13106  4.27760  1.35003  6.51286  5.39005     11 i - - -
          2.68618  4.42225  2.77519  2.73123  3.46354  2.40513  3.72494  3.29354  2.67741  2.69355  4.24690  2.90347  2.73739  3.18146  2.89801  2.37887  2.77519  2.98518  4.58477  3.61503
          0.00858  5.15864  5.88099  0.61958  0.77255  0.48576  0.95510
     11   0.64316  5.06384  5.07518  4.75598  4.33274  4.21439  5.39947  3.40321  4.60954  1.44111  4.25139  4.71409  4.88639  4.86223  4.74447  3.68920  3.81593  3.28867  6.10926  4.94088     12 A - - -
          2.68618  4.42225  2.77519  2.73123  3.46354  2.40513  3.72494  3.29354  2.67741  2.69355  4.24690  2.90347  2.73739  3.18146  2.89801  2.37887  2.77519  2.98518  4.58477  3.61503
          0.00858  5.15864  5.88099  0.61958  0.77255  0.48576  0.95510
     12   4.91943  6.07804  6.20575  5.96913  4.17473  5.59449  6.33051  3.51589  5.80807  0.14441  4.01175  6.19412  5.91567  5.82414  5.73219  5.58379  5.18804  3.83852  6.31563  5.30148     13 L - - -
          2.68618  4.42225  2.77519  2.73123  3.46354  2.40513  3.72494  3.29354  2.67741  2.69355  4.24690  2.90347  2.73739  3.18146  2.89801  2.37887  2.77519  2.98518  4.58477  3.61503
          0.00858  5.15864  5.88099  0.61958  0.77255  0.48576  0.95510
     13   4.91943  6.07804  6.20575  5.96913  4.17473  5.59449  6.33051  3.51589  5.80807  0.14441  4.01175  6.19412  5.91567  5.82414  5.73219  5.58379  5.18804  3.83852  6.31563  5.30148     14 L - - -
          2.68618  4.42225  2.77519  2.73123  3.46354  2.40513  3.72494  3.29354  2.67741  2.69355  4.24690  2.90347  2.73739  3.18146  2.89801  2.37887  2.77519  2.98518  4.58477  3.61503
          0.00858  5.15864  5.88099  0.61958  0.77255  0.48576  0.95510
     14   4.91943  6.07804  6.20575  5.96913  4.17473  5.59449  6.33051  3.51589  5.80807  0.14441  4.01175  6.19412  5.91567  5.82414  5.73219  5.58379  5.18804  3.83852  6.31563  5.30148     15 L - - -
          2.68618  4.42225  2.77519  2.73123  3.46354  2.40513  3.72494  3.29354  2.67741  2.69355  4.24690  2.90347  2.73739  3.18146  2.89801  2.37887  2.77519  2.98518  4.58477  3.61503
          0.00858  5.15864  5.88099  0.61958  0.77255  0.48576  0.95510
     15   5.05729  6.42579  5.73817  5.78480  6.50109  5.05594  6.59427  6.56747  5.97179  5.92399  7.10105  5.95881  0.05262  6.29187  5.94310  5.28930  5.57523  6.04327  7.18148  6.67383     16 P - - -
          2.68618  4.42225  2.77519  2.73123  3.46354  2.40513  3.72494  3.29354  2.67741  2.69355  4.24690  2.90347  2.73739  3.18146  2.89801  2.37887  2.77519  2.98518  4.58477  3.61503
          0.00858  5.15864  5.88099  0.61958  0.77255  0.48576  0.95510
     16   4.91943  6.07804  6.20575  5.96913  4.17473  5.59449  6.33051  3.51589  5.80807  0.14441  4.01175  6.19412  5.91567  5.82414  5.73219  5.58379  5.18804  3.83852  6.31563  5.30148     17 L - - -
          2.68618  4.42225  2.77519  2.73123  3.46354  2.40513  3.72494  3.29354  2.67741  2.69355  4.24690  2.90347  2.73739  3.18146  2.89801  2.37887  2.77519  2.98518  4.58477  3.61503
          0.00858  5.15864  5.88099  0.61958  0.77255  0.48576  0.95510
     17   1.00780  5.29850  1.70928  3.23056  5.18821  3.79595  4.61993  4.61292  3.55696  4.23373  5.04209  3.67637  4.45155  3.80054  4.03022  3.24417  1.76087  4.10752  6.44000  5.09982     18 a - - -
          2.68618  4.42225  2.77519  2.73123  3.46354  2.40513  3.72494  3.29354  2.67741  2.69355  4.24690  2.90347  2.73739  3.18146  2.89801  2.37887  2.77519  2.98518  4.58477  3.61503
          0.00858  5.15864  5.88099  0.61958  0.77255  0.48576  0.95510
     18   3.29070  5.30551  3.75388  3.67718  5.44929  3.87494  5.04530  4.96841  4.01006  4.62278  5.47031  0.62747  4.63398  4.29323  4.36453  3.41723  1.52648  4.36059  6.72842  5.43471     19 N - - -
          2.68618  4.42225  2.77519  2.73123  3.46354  2.40513  3.72494  3.29354  2.67741  2.69355  4.24690  2.90347  2.73739  3.18146  2.89801  2.37887  2.77519  2.98518  4.58477  3.61503
          0.26791  5.15864  1.47282  0.61958  0.77255  0.48576  0.95510
     19   4.56642  6.03194  5.25921  5.27844  6.05285  4.67055  6.15738  6.00571  5.44482  5.43301  6.58149  5.46434  0.08629  5.78201  5.47799  4.78385  5.08026  5.50856  6.83768  6.21301     20 P - - -
          2.68373  4.42264  2.77408  2.73008  3.46392  2.40551  3.72533  3.29393  2.67779  2.69393  4.24728  2.90385  2.73778  3.18185  2.89839  2.37925  2.77558  2.98557  4.58516  3.61542
          0.74893  0.64031        *  0.68787  0.69845  0.00000        *
//
HMMER3/f [3.4 | Aug 2023]
NAME  DivergentMTAKATLLVL
LENG  22
ALPH  amino
RF    no
MM    no
CONS  yes
CS    no
MAP   yes
DATE  Sat Jul  6 16:36:35 2024
NSEQ  1
EFFN  1.000000
CKSUM 190805628
STATS LOCAL MSV       -7.1446  0.74856
STATS LOCAL VITERBI   -7.3090  0.74856
STATS LOCAL FORWARD   -3.3780  0.74856
HMM          A        C        D        E        F        G        H        I        K        L        M        N        P        Q        R        S        T        V        W        Y   
            m->m     m->i     m->d     i->m     i->i     d->m     d->d
  COMPO   1.99417  4.58449  3.93565  3.71327  3.87749  2.83538  4.61779  2.87661  3.08266  1.92432  2.91497  3.88290  4.15337  3.99846  3.79878  2.28612  2.35058  2.06215  5.53151  4.34590
          2.68618  4.42225  2.77519  2.73123  3.46354  2.40513  3.72494  3.29354  2.67741  2.69355  4.24690  2.90347  2.73739  3.18146  2.89801  2.37887  2.77519  2.98518  4.58477  3.61503
          0.02276  4.18987  4.91222  0.61958  0.77255  0.00000        *
      1   3.25222  4.75661  4.40951  4.03909  3.39126  4.08269  4.70091  2.60085  3.78687  1.94755  0.87716  4.27371  4.55506  4.15310  3.95236  3.62896  3.56913  2.64181  5.26720  4.05226      1 m - - -
          2.68618  4.42225  2.77519  2.73123  3.46354  2.40513  3.72494  3.29354  2.67741  2.69355  4.24690  2.90347  2.73739  3.18146  2.89801  2.37887  2.77519  2.98518  4.58477  3.61503
          0.02276  4.18987  4.91222  0.61958  0.77255  0.48576  0.95510
      2   2.61912  4.46078  3.74967  3.53206  4.28883  3.28581  4.52002  3.45705  3.48154  3.30872  4.34787  3.67861  4.01894  3.86246  3.71613  2.82516  0.72895  3.11550  5.69669  4.50919      2 t - - -
          2.68618  4.42225  2.77519  2.73123  3.46354  2.40513  3.72494  3.29354  2.67741  2.69355  4.24690  2.90347  2.73739  3.18146  2.89801  2.37887  2.77519  2.98518  4.58477  3.61503
          0.02276  4.18987  4.91222  0.61958  0.77255  0.48576  0.95510
      3   0.63821  4.38336  3.81718  3.63781  4.40030  3.19683  4.61755  3.57590  3.66322  3.44164  4.44765  3.69681  3.96722  3.97650  3.88271  2.73571  3.03580  3.17318  5.79420  4.63502      3 A - - -
          2.68618  4.42225  2.77519  2.73123  3.46354  2.40513  3.72494  3.29354  2.67741  2.69355  4.24690  2.90347  2.73739  3.18146  2.89801  2.37887  2.77519  2.98518  4.58477  3.61503
          0.02276  4.18987  4.91222  0.61958  0.77255  0.48576  0.95510
      4   3.29562  5.24422  3.49093  3.06777  4.70484  3.73606  3.98019  4.15785  0.67250  3.65898  4.61469  3.47357  4.22328  3.16177  2.54913  3.32356  3.53061  3.85194  5.63649  4.50155      4 K - - -
          2.68618  4.42225  2.77519  2.73123  3.46354  2.40513  3.72494  3.29354  2.67741  2.69355  4.24690  2.90347  2.73739  3.18146  2.89801  2.37887  2.77519  2.98518  4.58477  3.61503
          0.02276  4.18987  4.91222  0.61958  0.77255  0.48576  0.95510
      5   0.63821  4.38336  3.81718  3.63781  4.40030  3.19683  4.61755  3.57590  3.66322  3.44164  4.44765  3.69681  3.96722  3.97650  3.88271  2.73571  3.03580  3.17318  5.79420  4.63502      5 A - - -
          2.68618  4.42225  2.77519  2.73123  3.46354  2.40513  3.72494  3.29354  2.67741  2.69355  4.24690  2.90347  2.73739  3.18146  2.89801  2.37887  2.77519  2.98518  4.58477  3.61503
          0.02276  4.18987  4.91222  0.61958  0.77255  0.48576  0.95510
      6   2.61912  4.46078  3.74967  3.53206  4.28883  3.28581  4.52002  3.45705  3.48154  3.30872  4.34787  3.67861  4.01894  3.86246  3.71613  2.82516  0.72895  3.11550  5.69669  4.50919      6 t - - -
          2.68618  4.42225  2.77519  2.73123  3.46354  2.40513  3.72494  3.29354  2.67741  2.69355  4.24690  2.90347  2.73739  3.18146  2.89801  2.37887  2.77519  2.98518  4.58477  3.61503
          0.02276  4.18987  4.91222  0.61958  0.77255  0.48576  0.95510
      7   3.53219  4.90705  4.69875  4.35172  3.28930  4.38188  4.90956  2.52153  4.11714  0.56381  3.23352  4.59702  4.76998  4.40760  4.23639  4.00847  3.81594  2.63910  5.27109  4.06384      7 L - - -
          2.68618  4.42225  2.77519  2.73123  3.46354  2.40513  3.72494  3.29354  2.67741  2.69355  4.24690  2.90347  2.73739  3.18146  2.89801  2.37887  2.77519  2.98518  4.58477  3.61503
          0.02276  4.18987  4.91222  0.61958  0.77255  0.48576  0.95510
      8   3.53219  4.90705  4.69875  4.35172  3.28930  4.38188  4.90956  2.52153  4.11714  0.56381  3.23352  4.59702  4.76998  4.40760  4.23639  4.00847  3.81594  2.63910  5.27109  4.06384      8 L - - -
          2.68618  4.42225  2.77519  2.73123  3.46354  2.40513  3.72494  3.29354  2.67741  2.69355  4.24690  2.90347  2.73739  3.18146  2.89801  2.37887  2.77519  2.98518  4.58477  3.61503
          0.02276  4.18987  4.91222  0.61958  0.77255  0.48576  0.95510
      9   3.06814  4.53666  4.55675  4.24109  3.80509  4.04348  4.99558  2.09190  4.11452  2.44351  3.73220  4.37728  4.59470  4.45659  4.29516  3.57621  3.42714  0.70040  5.63939  4.38629      9 v - - -
          2.68618  4.42225  2.77519  2.73123  3.46354  2.40513  3.72494  3.29354  2.67741  2.69355  4.24690  2.90347  2.73739  3.18146  2.89801  2.37887  2.77519  2.98518  4.58477  3.61503
          0.02276  4.18987  4.91222  0.61958  0.77255  0.48576  0.95510
     10   3.53219  4.90705  4.69875  4.35172  3.28930  4.38188  4.90956  2.52153  4.11714  0.56381  3.23352  4.59702  4.76998  4.40760  4.23639  4.00847  3.81594  2.63910  5.27109  4.06384     10 L - - -
          2.68618  4.42225  2.77519  2.73123  3.46354  2.40513  3.72494  3.29354  2.67741  2.69355  4.24690  2.90347  2.73739  3.18146  2.89801  2.37887  2.77519  2.98518  4.58477  3.61503
          0.02276  4.18987  4.91222  0.61958  0.77255  0.48576  0.95510
     11   0.63821  4.38336  3.81718  3.63781  4.40030  3.19683  4.61755  3.57590  3.66322  3.44164  4.44765  3.69681  3.96722  3.97650  3.88271  2.73571  3.03580  3.17318  5.79420  4.63502     11 A - - -
          2.68618  4.42225  2.77519  2.73123  3.46354  2.40513  3.72494  3.29354  2.67741  2.69355  4.24690  2.90347  2.73739  3.18146  2.89801  2.37887  2.77519  2.98518  4.58477  3.61503
          0.02276  4.18987  4.91222  0.61958  0.77255  0.48576  0.95510
     12   3.53219  4.90705  4.69875  4.35172  3.28930  4.38188  4.90956  2.52153  4.11714  0.56381  3.23352  4.59702  4.76998  4.40760  4.23639  4.00847  3.81594  2.63910  5.27109  4.06384     12 L - - -
          2.68618  4.42225  2.77519  2.73123  3.46354  2.40513  3.72494  3.29354  2.67741  2.69355  4.24690  2.90347  2.73739  3.18146  2.89801  2.37887  2.77519  2.98518  4.58477  3.61503
          0.02276  4.18987  4.91222  0.61958  0.77255  0.48576  0.95510
     13   3.06814  4.53666  4.55675  4.24109  3.80509  4.04348  4.99558  2.09190  4.11452  2.44351  3.73220  4.37728  4.59470  4.45659  4.29516  3.57621  3.42714  0.70040  5.63939  4.38629     13 v - - -
          2.68618  4.42225  2.77519  2.73123  3.46354  2.40513  3.72494  3.29354  2.67741  2.69355  4.24690  2.90347  2.73739  3.18146  2.89801  2.37887  2.77519  2.98518  4.58477  3.61503
          0.02276  4.18987  4.91222  0.61958  0.77255  0.48576  0.95510
     14   3.06814  4.53666  4.55675  4.24109  3.80509  4.04348  4.99558  2.09190  4.11452  2.44351  3.73220  4.37728  4.59470  4.45659  4.29516  3.57621  3.42714  0.70040  5.63939  4.38629     14 v - - -
          2.68618  4.42225  2.77519  2.73123  3.46354  2.40513  3.72494  3.29354  2.67741  2.69355  4.24690  2.90347  2.73739  3.18146  2.89801  2.37887  2.77519  2.98518  4.58477  3.61503
          0.02276  4.18987  4.91222  0.61958  0.77255  0.48576  0.95510
     15   3.25222  4.75661  4.40951  4.03909  3.39126  4.08269  4.70091  2.60085  3.78687  1.94755  0.87716  4.27371  4.55506  4.15310  3.95236  3.62896  3.56913  2.64181  5.26720  4.05226     15 m - - -
          2.68618  4.42225  2.77519  2.73123  3.46354  2.40513  3.72494  3.29354  2.67741  2.69355  4.24690  2.90347  2.73739  3.18146  2.89801  2.37887  2.77519  2.98518  4.58477  3.61503
          0.02276  4.18987  4.91222  0.61958  0.77255  0.48576  0.95510
     16   0.63821  4.38336  3.81718  3.63781  4.40030  3.19683  4.61755  3.57590  3.66322  3.44164  4.44765  3.69681  3.96722  3.97650  3.88271  2.73571  3.03580  3.17318  5.79420  4.63502     16 A - - -
          2.68618  4.42225  2.77519  2.73123  3.46354  2.40513  3.72494  3.29354  2.67741  2.69355  4.24690  2.90347  2.73739  3.18146  2.89801  2.37887  2.77519  2.98518  4.58477  3.61503
          0.02276  4.18987  4.91222  0.61958  0.77255  0.48576  0.95510
     17   2.61912  4.46078  3.74967  3.53206  4.28883  3.28581  4.52002  3.45705  3.48154  3.30872  4.34787  3.67861  4.01894  3.86246  3.71613  2.82516  0.72895  3.11550  5.69669  4.50919     17 t - - -
          2.68618  4.42225  2.77519  2.73123  3.46354  2.40513  3.72494  3.29354  2.67741  2.69355  4.24690  2.90347  2.73739  3.18146  2.89801  2.37887  2.77519  2.98518  4.58477  3.61503
          0.02276  4.18987  4.91222  0.61958  0.77255  0.48576  0.95510
     18   2.50290  4.42108  3.51861  3.36211  4.41329  3.14686  4.45616  3.98573  3.45836  3.68510  4.59157  3.52531  3.91437  3.78381  3.72517  0.69670  3.00903  3.44843  5.76176  4.50243     18 s - - -
          2.68618  4.42225  2.77519  2.73123  3.46354  2.40513  3.72494  3.29354  2.67741  2.69355  4.24690  2.90347  2.73739  3.18146  2.89801  2.37887  2.77519  2.98518  4.58477  3.61503
          0.02276  4.18987  4.91222  0.61958  0.77255  0.48576  0.95510
     19   3.10948  4.84107  3.84719  3.79257  4.90565  0.37306  4.88139  4.59443  4.01632  4.20398  5.19076  4.01300  4.24120  4.31596  4.20612  3.29233  3.61514  4.06116  5.90481  5.02236     19 G - - -
          2.68618  4.42225  2.77519  2.73123  3.46354  2.40513  3.72494  3.29354  2.67741  2.69355  4.24690  2.90347  2.73739  3.18146  2.89801  2.37887  2.77519  2.98518  4.58477  3.61503
          0.02276  4.18987  4.91222  0.61958  0.77255  0.48576  0.95510
     20   3.06814  4.53666  4.55675  4.24109  3.80509  4.04348  4.99558  2.09190  4.11452  2.44351  3.73220  4.37728  4.59470  4.45659  4.29516  3.57621  3.42714  0.70040  5.63939  4.38629     20 v - - -
          2.68618  4.42225  2.77519  2.73123  3.46354  2.40513  3.72494  3.29354  2.67741  2.69355  4.24690  2.90347  2.73739  3.18146  2.89801  2.37887  2.77519  2.98518  4.58477  3.61503
          0.02276  4.18987  4.91222  0.61958  0.77255  0.48576  0.95510
     21   2.50290  4.42108  3.51861  3.36211  4.41329  3.14686  4.45616  3.98573  3.45836  3.68510  4.59157  3.52531  3.91437  3.78381  3.72517  0.69670  3.00903  3.44843  5.76176  4.50243     21 s - - -
          2.68618  4.42225  2.77519  2.73123  3.46354  2.40513  3.72494  3.29354  2.67741  2.69355  4.24690  2.90347  2.73739  3.18146  2.89801  2.37887  2.77519  2.98518  4.58477  3.61503
          0.02276  4.18987  4.91222  0.61958  0.77255  0.48576  0.95510
     22   2.50290  4.42108  3.51861  3.36211  4.41329  3.14686  4.45616  3.98573  3.45836  3.68510  4.59157  3.52531  3.91437  3.78381  3.72517  0.69670  3.00903  3.44843  5.76176  4.50243     22 s - - -
          2.68618  4.42225  2.77519  2.73123  3.46354  2.40513  3.72494  3.29354  2.67741  2.69355  4.24690  2.90347  2.73739  3.18146  2.89801  2.37887  2.77519  2.98518  4.58477  3.61503
          0.01538  4.18249        *  0.61958  0.77255  0.00000        *
//
HMMER3/f [3.4 | Aug 2023]
NAME  DivergentMTFLLLLVSV
LENG  22
ALPH  amino
RF    no
MM    no
CONS  yes
CS    no
MAP   yes
DATE  Sat Jul  6 16:36:28 2024
NSEQ  3
EFFN  2.469727
CKSUM 4257843190
STATS LOCAL MSV       -6.5217  0.72031
STATS LOCAL VITERBI   -6.6843  0.72031
STATS LOCAL FORWARD   -4.1613  0.72031
HMM          A        C        D        E        F        G        H        I        K        L        M        N        P        Q        R        S        T        V        W        Y   
            m->m     m->i     m->d     i->m     i->i     d->m     d->d
  COMPO   2.82768  3.69591  4.80986  4.66780  2.99566  1.84996  4.16959  3.33997  4.60175  1.59473  2.03830  4.75979  4.83673  4.91240  4.71787  2.95915  2.47000  2.15747  5.88623  4.66056
          2.68618  4.42225  2.77519  2.73123  3.46354  2.40513  3.72494  3.29354  2.67741  2.69355  4.24690  2.90347  2.73739  3.18146  2.89801  2.37887  2.77519  2.98518  4.58477  3.61503
          0.27123  4.77813  1.47339  0.61958  0.77255  0.00000        *
      1   3.64575  5.11058  4.85167  4.54532  3.70389  4.39175  5.13049  2.95853  4.27408  2.23636  0.51901  4.72835  4.89436  4.62895  4.39187  4.03893  3.98502  3.03407  5.59619  4.40409      1 M - - -
          2.68618  4.42225  2.77519  2.73123  3.46354  2.40513  3.72494  3.29354  2.67741  2.69355  4.24690  2.90347  2.73739  3.18146  2.89801  2.37887  2.77519  2.98518  4.58477  3.61503
          0.01626  4.52316  5.24551  0.61958  0.77255  0.89678  0.52405
      2   3.66297  5.32587  4.46123  4.45849  5.49932  0.18649  5.48611  5.30690  4.72211  4.85271  5.86637  4.62885  4.72866  4.99587  4.84071  3.85974  4.18991  4.70988  6.37530  5.63864      2 G - - -
          2.68618  4.42225  2.77519  2.73123  3.46354  2.40513  3.72494  3.29354  2.67741  2.69355  4.24690  2.90347  2.73739  3.18146  2.89801  2.37887  2.77519  2.98518  4.58477  3.61503
          0.01626  4.52316  5.24551  0.61958  0.77255  0.89678  0.52405
      3   3.66297  5.32587  4.46123  4.45849  5.49932  0.18649  5.48611  5.30690  4.72211  4.85271  5.86637  4.62885  4.72866  4.99587  4.84071  3.85974  4.18991  4.70988  6.37530  5.63864      3 G - - -
          2.68618  4.42225  2.77519  2.73123  3.46354  2.40513  3.72494  3.29354  2.67741  2.69355  4.24690  2.90347  2.73739  3.18146  2.89801  2.37887  2.77519  2.98518  4.58477  3.61503
          0.01626  4.52316  5.24551  0.61958  0.77255  0.89678  0.52405
      4   3.98171  5.27583  5.23802  4.92396  3.53003  4.80765  5.39028  2.80226  4.69632  0.35468  3.42305  5.14634  5.15897  4.89497  4.74773  4.53226  4.25938  2.99922  5.59260  4.45307      4 L - - -
          2.68618  4.42225  2.77519  2.73123  3.46354  2.40513  3.72494  3.29354  2.67741  2.69355  4.24690  2.90347  2.73739  3.18146  2.89801  2.37887  2.77519  2.98518  4.58477  3.61503
          0.01626  4.52316  5.24551  0.61958  0.77255  0.89678  0.52405
      5   3.66297  5.32587  4.46123  4.45849  5.49932  0.18649  5.48611  5.30690  4.72211  4.85271  5.86637  4.62885  4.72866  4.99587  4.84071  3.85974  4.18991  4.70988  6.37530  5.63864      5 G - - -
          2.68618  4.42225  2.77519  2.73123  3.46354  2.40513  3.72494  3.29354  2.67741  2.69355  4.24690  2.90347  2.73739  3.18146  2.89801  2.37887  2.77519  2.98518  4.58477  3.61503
          0.01626  4.52316  5.24551  0.61958  0.77255  0.89678  0.52405
      6   3.37729  4.79418  5.00282  4.72781  4.13391  4.37768  5.45464  2.25210  4.61413  2.73052  4.03524  4.80795  4.93339  4.94582  4.76202  3.95809  3.74149  0.46771  6.01047  4.77033      6 V - - -
          2.68618  4.42225  2.77519  2.73123  3.46354  2.40513  3.72494  3.29354  2.67741  2.69355  4.24690  2.90347  2.73739  3.18146  2.89801  2.37887  2.77519  2.98518  4.58477  3.61503
          0.01626  4.52316  5.24551  0.61958  0.77255  0.29450  1.36612
      7   4.01387  5.44892  5.22896  4.98471  4.03175  4.66366  5.51561  3.33032  4.71134  2.55743  0.33224  5.12879  5.19631  5.05634  4.78977  4.41014  4.37490  3.43055  5.91476  4.74599      7 M - - -
          2.68618  4.42225  2.77519  2.73123  3.46354  2.40513  3.72494  3.29354  2.67741  2.69355  4.24690  2.90347  2.73739  3.18146  2.89801  2.37887  2.77519  2.98518  4.58477  3.61503
          0.01258  4.77813  5.50048  0.61958  0.77255  0.48576  0.95510
      8   3.22969  5.05006  4.59710  4.49516  5.14096  3.83709  5.39114  4.43160  4.46642  4.24294  5.28002  4.46417  4.62660  4.81337  4.61178  3.44606  0.27181  3.98823  6.44689  5.37616      8 T - - -
          2.68618  4.42225  2.77519  2.73123  3.46354  2.40513  3.72494  3.29354  2.67741  2.69355  4.24690  2.90347  2.73739  3.18146  2.89801  2.37887  2.77519  2.98518  4.58477  3.61503
          0.01258  4.77813  5.50048  0.61958  0.77255  0.48576  0.95510
      9   4.64762  5.79078  5.51879  5.45476  0.23205  4.96446  4.61674  4.18246  5.37352  3.36444  4.80098  5.17484  5.44836  5.31236  5.27163  4.81563  4.97049  4.22344  4.72678  3.03599      9 F - - -
          2.68618  4.42225  2.77519  2.73123  3.46354  2.40513  3.72494  3.29354  2.67741  2.69355  4.24690  2.90347  2.73739  3.18146  2.89801  2.37887  2.77519  2.98518  4.58477  3.61503
          0.01258  4.77813  5.50048  0.61958  0.77255  0.48576  0.95510
     10   4.35139  5.58848  5.64181  5.35870  3.76275  5.13200  5.77023  3.06485  5.14901  0.24777  3.62819  5.57465  5.46387  5.27195  5.14717  4.95317  4.62530  3.31742  5.86912  4.78036     10 L - - -
          2.68618  4.42225  2.77519  2.73123  3.46354  2.40513  3.72494  3.29354  2.67741  2.69355  4.24690  2.90347  2.73739  3.18146  2.89801  2.37887  2.77519  2.98518  4.58477  3.61503
          0.01258  4.77813  5.50048  0.61958  0.77255  0.48576  0.95510
     11   4.35139  5.58848  5.64181  5.35870  3.76275  5.13200  5.77023  3.06485  5.14901  0.24777  3.62819  5.57465  5.46387  5.27195  5.14717  4.95317  4.62530  3.31742  5.86912  4.78036     11 L - - -
          2.68618  4.42225  2.77519  2.73123  3.46354  2.40513  3.72494  3.29354  2.67741  2.69355  4.24690  2.90347  2.73739  3.18146  2.89801  2.37887  2.77519  2.98518  4.58477  3.61503
          0.01258  4.77813  5.50048  0.61958  0.77255  0.48576  0.95510
     12   4.35139  5.58848  5.64181  5.35870  3.76275  5.13200  5.77023  3.06485  5.14901  0.24777  3.62819  5.57465  5.46387  5.27195  5.14717  4.95317  4.62530  3.31742  5.86912  4.78036     12 L - - -
          2.68618  4.42225  2.77519  2.73123  3.46354  2.40513  3.72494  3.29354  2.67741  2.69355  4.24690  2.90347  2.73739  3.18146  2.89801  2.37887  2.77519  2.98518  4.58477  3.61503
          0.01258  4.77813  5.50048  0.61958  0.77255  0.48576  0.95510
     13   4.35139  5.58848  5.64181  5.35870  3.76275  5.13200  5.77023  3.06485  5.14901  0.24777  3.62819  5.57465  5.46387  5.27195  5.14717  4.95317  4.62530  3.31742  5.86912  4.78036     13 L - - -
          2.68618  4.42225  2.77519  2.73123  3.46354  2.40513  3.72494  3.29354  2.67741  2.69355  4.24690  2.90347  2.73739  3.18146  2.89801  2.37887  2.77519  2.98518  4.58477  3.61503
          0.01258  4.77813  5.50048  0.61958  0.77255  0.48576  0.95510
     14   3.64326  5.03251  5.34074  5.10167  4.42610  4.63960  5.82153  2.44309  5.00521  2.99693  4.31367  5.14517  5.20412  5.33151  5.13029  4.26487  4.01371  0.33853  6.32233  5.09650     14 V - - -
          2.68618  4.42225  2.77519  2.73123  3.46354  2.40513  3.72494  3.29354  2.67741  2.69355  4.24690  2.90347  2.73739  3.18146  2.89801  2.37887  2.77519  2.98518  4.58477  3.61503
          0.01258  4.77813  5.50048  0.61958  0.77255  0.48576  0.95510
     15   3.03794  4.93046  4.31969  4.26351  5.19102  3.65817  5.28096  4.89136  4.41187  4.55459  5.43962  4.25107  4.47689  4.67913  4.59301  0.28449  3.59267  4.19234  6.47990  5.31194     15 S - - -
          2.68618  4.42225  2.77519  2.73123  3.46354  2.40513  3.72494  3.29354  2.67741  2.69355  4.24690  2.90347  2.73739  3.18146  2.89801  2.37887  2.77519  2.98518  4.58477  3.61503
          0.01258  4.77813  5.50048  0.61958  0.77255  0.48576  0.95510
     16   3.64326  5.03251  5.34074  5.10167  4.42610  4.63960  5.82153  2.44309  5.00521  2.99693  4.31367  5.14517  5.20412  5.33151  5.13029  4.26487  4.01371  0.33853  6.32233  5.09650     16 V - - -
          2.68618  4.42225  2.77519  2.73123  3.46354  2.40513  3.72494  3.29354  2.67741  2.69355  4.24690  2.90347  2.73739  3.18146  2.89801  2.37887  2.77519  2.98518  4.58477  3.61503
          0.01258  4.77813  5.50048  0.61958  0.77255  0.48576  0.95510
     17   3.31871  0.83997  4.49191  4.15054  4.00118  3.99384  1.41715  4.04891  3.84175  3.70339  4.69004  4.28530  4.63842  4.30920  4.02991  3.53146  3.72788  3.73989  5.49577  4.04884     17 c - - -
          2.68618  4.42225  2.77519  2.73123  3.46354  2.40513  3.72494  3.29354  2.67741  2.69355  4.24690  2.90347  2.73739  3.18146  2.89801  2.37887  2.77519  2.98518  4.58477  3.61503
          0.01258  4.77813  5.50048  0.61958  0.77255  0.48576  0.95510
     18   4.01387  5.44892  5.22896  4.98471  4.03175  4.66366  5.51561  3.33032  4.71134  2.55743  0.33224  5.12879  5.19631  5.05634  4.78977  4.41014  4.37490  3.43055  5.91476  4.74599     18 M - - -
          2.68618  4.42225  2.77519  2.73123  3.46354  2.40513  3.72494  3.29354  2.67741  2.69355  4.24690  2.90347  2.73739  3.18146  2.89801  2.37887  2.77519  2.98518  4.58477  3.61503
          0.01258  4.77813  5.50048  0.61958  0.77255  0.48576  0.95510
     19   4.01387  5.44892  5.22896  4.98471  4.03175  4.66366  5.51561  3.33032  4.71134  2.55743  0.33224  5.12879  5.19631  5.05634  4.78977  4.41014  4.37490  3.43055  5.91476  4.74599     19 M - - -
          2.68618  4.42225  2.77519  2.73123  3.46354  2.40513  3.72494  3.29354  2.67741  2.69355  4.24690  2.90347  2.73739  3.18146  2.89801  2.37887  2.77519  2.98518  4.58477  3.61503
          0.01258  4.77813  5.50048  0.61958  0.77255  0.48576  0.95510
     20   0.25337  4.92786  4.67035  4.60018  5.24264  3.71546  5.46242  4.54822  4.64867  4.36733  5.34135  4.43448  4.53598  4.89810  4.76307  3.29709  3.63672  4.00527  6.53974  5.50192     20 A - - -
          2.68618  4.42225  2.77519  2.73123  3.46354  2.40513  3.72494  3.29354  2.67741  2.69355  4.24690  2.90347  2.73739  3.18146  2.89801  2.37887  2.77519  2.98518  4.58477  3.61503
          0.01258  4.77813  5.50048  0.61958  0.77255  0.48576  0.95510
     21   3.22969  5.05006  4.59710  4.49516  5.14096  3.83709  5.39114  4.43160  4.46642  4.24294  5.28002  4.46417  4.62660  4.81337  4.61178  3.44606  0.27181  3.98823  6.44689  5.37616     21 T - - -
          2.68618  4.42225  2.77519  2.73123  3.46354  2.40513  3.72494  3.29354  2.67741  2.69355  4.24690  2.90347  2.73739  3.18146  2.89801  2.37887  2.77519  2.98518  4.58477  3.61503
          0.01258  4.77813  5.50048  0.61958  0.77255  0.48576  0.95510
     22   4.11412  5.71397  4.94670  4.97707  5.94777  0.11212  5.94263  5.85266  5.26143  5.33886  6.37959  5.11489  5.11220  5.51739  5.31837  4.32189  4.65164  5.21503  6.72611  6.10590     22 G - - -
          2.68618  4.42225  2.77519  2.73123  3.46354  2.40513  3.72494  3.29354  2.67741  2.69355  4.24690  2.90347  2.73739  3.18146  2.89801  2.37887  2.77519  2.98518  4.58477  3.61503
          0.00848  4.77404        *  0.61958  0.77255  0.00000        *
//
HMMER3/f [3.4 | Aug 2023]
NAME  DivergentMTLTFLLVVA
LENG  19
ALPH  amino
RF    no
MM    no
CONS  yes
CS    no
MAP   yes
DATE  Sat Jul  6 16:36:16 2024
NSEQ  1
EFFN  1.000000
CKSUM 3457554297
STATS LOCAL MSV       -7.1790  0.74608
STATS LOCAL VITERBI   -7.2417  0.74608
STATS LOCAL FORWARD   -3.0507  0.74608
HMM          A        C        D        E        F        G        H        I        K        L        M        N        P        Q        R        S        T        V        W        Y   
            m->m     m->i     m->d     i->m     i->i     d->m     d->d
  COMPO   2.63402  2.63076  4.09561  3.86387  2.97741  3.65768  3.30846  2.86204  3.74440  1.65702  2.78031  4.02454  4.25243  4.11122  3.92877  3.27577  1.93357  2.32039  5.30966  4.01828
          2.68618  4.42225  2.77519  2.73123  3.46354  2.40513  3.72494  3.29354  2.67741  2.69355  4.24690  2.90347  2.73739  3.18146  2.89801  2.37887  2.77519  2.98518  4.58477  3.61503
          0.02276  4.18987  4.91222  0.61958  0.77255  0.00000        *
      1   3.25222  4.75661  4.40951  4.03909  3.39126  4.08269  4.70091  2.60085  3.78687  1.94755  0.87716  4.27371  4.55506  4.15310  3.95236  3.62896  3.56913  2.64181  5.26720  4.05226      1 m - - -
          2.68618  4.42225  2.77519  2.73123  3.46354  2.40513  3.72494  3.29354  2.67741  2.69355  4.24690  2.90347  2.73739  3.18146  2.89801  2.37887  2.77519  2.98518  4.58477  3.61503
          0.02276  4.18987  4.91222  0.61958  0.77255  0.48576  0.95510
      2   2.61912  4.46078  3.74967  3.53206  4.28883  3.28581  4.52002  3.45705  3.48154  3.30872  4.34787  3.67861  4.01894  3.86246  3.71613  2.82516  0.72895  3.11550  5.69669  4.50919      2 t - - -
          2.68618  4.42225  2.77519  2.73123  3.46354  2.40513  3.72494  3.29354  2.67741  2.69355  4.24690  2.90347  2.73739  3.18146  2.89801  2.37887  2.77519  2.98518  4.58477  3.61503
          0.02276  4.18987  4.91222  0.61958  0.77255  0.48576  0.95510
      3   3.53219  4.90705  4.69875  4.35172  3.28930  4.38188  4.90956  2.52153  4.11714  0.56381  3.23352  4.59702  4.76998  4.40760  4.23639  4.00847  3.81594  2.63910  5.27109  4.06384      3 L - - -
          2.68618  4.42225  2.77519  2.73123  3.46354  2.40513  3.72494  3.29354  2.67741  2.69355  4.24690  2.90347  2.73739  3.18146  2.89801  2.37887  2.77519  2.98518  4.58477  3.61503
          0.02276  4.18987  4.91222  0.61958  0.77255  0.48576  0.95510
      4   2.61912  4.46078  3.74967  3.53206  4.28883  3.28581  4.52002  3.45705  3.48154  3.30872  4.34787  3.67861  4.01894  3.86246  3.71613  2.82516  0.72895  3.11550  5.69669  4.50919      4 t - - -
          2.68618  4.42225  2.77519  2.73123  3.46354  2.40513  3.72494  3.29354  2.67741  2.69355  4.24690  2.90347  2.73739  3.18146  2.89801  2.37887  2.77519  2.98518  4.58477  3.61503
          0.02276  4.18987  4.91222  0.61958  0.77255  0.48576  0.95510
      5   3.69320  5.00473  4.67777  4.46296  0.60712  4.28590  4.06097  3.19071  4.36534  2.49165  3.87959  4.39336  4.74507  4.44771  4.40581  3.93901  3.99841  3.20303  4.23541  2.57067      5 F - - -
          2.68618  4.42225  2.77519  2.73123  3.46354  2.40513  3.72494  3.29354  2.67741  2.69355  4.24690  2.90347  2.73739  3.18146  2.89801  2.37887  2.77519  2.98518  4.58477  3.61503
          0.02276  4.18987  4.91222  0.61958  0.77255  0.48576  0.95510
      6   3.53219  4.90705  4.69875  4.35172  3.28930  4.38188  4.90956  2.52153  4.11714  0.56381  3.23352  4.59702  4.76998  4.40760  4.23639  4.00847  3.81594  2.63910  5.27109  4.06384      6 L - - -
          2.68618  4.42225  2.77519  2.73123  3.46354  2.40513  3.72494  3.29354  2.67741  2.69355  4.24690  2.90347  2.73739  3.18146  2.89801  2.37887  2.77519  2.98518  4.58477  3.61503
          0.02276  4.18987  4.91222  0.61958  0.77255  0.48576  0.95510
      7   3.53219  4.90705  4.69875  4.35172  3.28930  4.38188  4.90956  2.52153  4.11714  0.56381  3.23352  4.59702  4.76998  4.40760  4.23639  4.00847  3.81594  2.63910  5.27109  4.06384      7 L - - -
          2.68618  4.42225  2.77519  2.73123  3.46354  2.40513  3.72494  3.29354  2.67741  2.69355  4.24690  2.90347  2.73739  3.18146  2.89801  2.37887  2.77519  2.98518  4.58477  3.61503
          0.02276  4.18987  4.91222  0.61958  0.77255  0.48576  0.95510
      8   3.06814  4.53666  4.55675  4.24109  3.80509  4.04348  4.99558  2.09190  4.11452  2.44351  3.73220  4.37728  4.59470  4.45659  4.29516  3.57621  3.42714  0.70040  5.63939  4.38629      8 v - - -
          2.68618  4.42225  2.77519  2.73123  3.46354  2.40513  3.72494  3.29354  2.67741  2.69355  4.24690  2.90347  2.73739  3.18146  2.89801  2.37887  2.77519  2.98518  4.58477  3.61503
          0.02276  4.18987  4.91222  0.61958  0.77255  0.48576  0.95510
      9   3.06814  4.53666  4.55675  4.24109  3.80509  4.04348  4.99558  2.09190  4.11452  2.44351  3.73220  4.37728  4.59470  4.45659  4.29516  3.57621  3.42714  0.70040  5.63939  4.38629      9 v - - -
          2.68618  4.42225  2.77519  2.73123  3.46354  2.40513  3.72494  3.29354  2.67741  2.69355  4.24690  2.90347  2.73739  3.18146  2.89801  2.37887  2.77519  2.98518  4.58477  3.61503
          0.02276  4.18987  4.91222  0.61958  0.77255  0.48576  0.95510
     10   0.63821  4.38336  3.81718  3.63781  4.40030  3.19683  4.61755  3.57590  3.66322  3.44164  4.44765  3.69681  3.96722  3.97650  3.88271  2.73571  3.03580  3.17318  5.79420  4.63502     10 A - - -
          2.68618  4.42225  2.77519  2.73123  3.46354  2.40513  3.72494  3.29354  2.67741  2.69355  4.24690  2.90347  2.73739  3.18146  2.89801  2.37887  2.77519  2.98518  4.58477  3.61503
          0.02276  4.18987  4.91222  0.61958  0.77255  0.48576  0.95510
     11   3.53219  4.90705  4.69875  4.35172  3.28930  4.38188  4.90956  2.52153  4.11714  0.56381  3.23352  4.59702  4.76998  4.40760  4.23639  4.00847  3.81594  2.63910  5.27109  4.06384     11 L - - -
          2.68618  4.42225  2.77519  2.73123  3.46354  2.40513  3.72494  3.29354  2.67741  2.69355  4.24690  2.90347  2.73739  3.18146  2.89801  2.37887  2.77519  2.98518  4.58477  3.61503
          0.02276  4.18987  4.91222  0.61958  0.77255  0.48576  0.95510
     12   3.00466  0.47450  4.57818  4.39870  4.33313  3.54972  4.97771  3.54355  4.23313  3.43780  4.57334  4.30380  4.27967  4.56637  4.29664  3.27520  3.49877  3.26299  5.66639  4.61507     12 C - - -
          2.68618  4.42225  2.77519  2.73123  3.46354  2.40513  3.72494  3.29354  2.67741  2.69355  4.24690  2.90347  2.73739  3.18146  2.89801  2.37887  2.77519  2.98518  4.58477  3.61503
          0.02276  4.18987  4.91222  0.61958  0.77255  0.48576  0.95510
     13   3.25222  4.75661  4.40951  4.03909  3.39126  4.08269  4.70091  2.60085  3.78687  1.94755  0.87716  4.27371  4.55506  4.15310  3.95236  3.62896  3.56913  2.64181  5.26720  4.05226     13 m - - -
          2.68618  4.42225  2.77519  2.73123  3.46354  2.40513  3.72494  3.29354  2.67741  2.69355  4.24690  2.90347  2.73739  3.18146  2.89801  2.37887  2.77519  2.98518  4.58477  3.61503
          0.02276  4.18987  4.91222  0.61958  0.77255  0.48576  0.95510
     14   3.53219  4.90705  4.69875  4.35172  3.28930  4.38188  4.90956  2.52153  4.11714  0.56381  3.23352  4.59702  4.76998  4.40760  4.23639  4.00847  3.81594  2.63910  5.27109  4.06384     14 L - - -
          2.68618  4.42225  2.77519  2.73123  3.46354  2.40513  3.72494  3.29354  2.67741  2.69355  4.24690  2.90347  2.73739  3.18146  2.89801  2.37887  2.77519  2.98518  4.58477  3.61503
          0.02276  4.18987  4.91222  0.61958  0.77255  0.48576  0.95510
     15   2.61912  4.46078  3.74967  3.53206  4.28883  3.28581  4.52002  3.45705  3.48154  3.30872  4.34787  3.67861  4.01894  3.86246  3.71613  2.82516  0.72895  3.11550  5.69669  4.50919     15 t - - -
          2.68618  4.42225  2.77519  2.73123  3.46354  2.40513  3.72494  3.29354  2.67741  2.69355  4.24690  2.90347  2.73739  3.18146  2.89801  2.37887  2.77519  2.98518  4.58477  3.61503
          0.02276  4.18987  4.91222  0.61958  0.77255  0.48576  0.95510
     16   2.61912  4.46078  3.74967  3.53206  4.28883  3.28581  4.52002  3.45705  3.48154  3.30872  4.34787  3.67861  4.01894  3.86246  3.71613  2.82516  0.72895  3.11550  5.69669  4.50919     16 t - - -
          2.68618  4.42225  2.77519  2.73123  3.46354  2.40513  3.72494  3.29354  2.67741  2.69355  4.24690  2.90347  2.73739  3.18146  2.89801  2.37887  2.77519  2.98518  4.58477  3.61503
          0.02276  4.18987  4.91222  0.61958  0.77255  0.48576  0.95510
     17   3.00466  0.47450  4.57818  4.39870  4.33313  3.54972  4.97771  3.54355  4.23313  3.43780  4.57334  4.30380  4.27967  4.56637  4.29664  3.27520  3.49877  3.26299  5.66639  4.61507     17 C - - -
          2.68618  4.42225  2.77519  2.73123  3.46354  2.40513  3.72494  3.29354  2.67741  2.69355  4.24690  2.90347  2.73739  3.18146  2.89801  2.37887  2.77519  2.98518  4.58477  3.61503
          0.02276  4.18987  4.91222  0.61958  0.77255  0.48576  0.95510
     18   3.40950  5.14835  3.49960  3.30281  3.56002  3.76069  0.61957  4.16319  3.13974  3.61095  4.68829  3.69450  4.33610  3.67660  3.38020  3.48092  3.72865  3.89256  5.01736  3.50433     18 H - - -
          2.68618  4.42225  2.77519  2.73123  3.46354  2.40513  3.72494  3.29354  2.67741  2.69355  4.24690  2.90347  2.73739  3.18146  2.89801  2.37887  2.77519  2.98518  4.58477  3.61503
          0.02276  4.18987  4.91222  0.61958  0.77255  0.48576  0.95510
     19   2.61912  4.46078  3.74967  3.53206  4.28883  3.28581  4.52002  3.45705  3.48154  3.30872  4.34787  3.67861  4.01894  3.86246  3.71613  2.82516  0.72895  3.11550  5.69669  4.50919     19 t - - -
          2.68618  4.42225  2.77519  2.73123  3.46354  2.40513  3.72494  3.29354  2.67741  2.69355  4.24690  2.90347  2.73739  3.18146  2.89801  2.37887  2.77519  2.98518  4.58477  3.61503
          0.01538  4.18249        *  0.61958  0.77255  0.00000        *
//
HMMER3/f [3.4 | Aug 2023]
NAME  G2
LENG  21
ALPH  amino
RF    no
MM    no
CONS  yes
CS    no
MAP   yes
DATE  Sat Jul  6 16:35:03 2024
NSEQ  10
EFFN  9.848633
CKSUM 1247118826
STATS LOCAL MSV       -6.2083  0.72039
STATS LOCAL VITERBI   -6.3258  0.72039
STATS LOCAL FORWARD   -4.3447  0.72039
HMM          A        C        D        E        F        G        H        I        K        L        M        N        P        Q        R        S        T        V        W        Y   
            m->m     m->i     m->d     i->m     i->i     d->m     d->d
  COMPO   2.40536  4.89058  2.91762  4.03469  2.76665  2.92714  5.78025  3.26127  4.99448  1.40171  2.89178  4.79330  5.35084  5.34789  3.00157  2.76091  2.17294  2.46208  5.15145  3.55445
          2.68618  4.42225  2.77519  2.73123  3.46354  2.40513  3.72494  3.29354  2.67741  2.69355  4.24690  2.90347  2.73739  3.18146  2.89801  2.37887  2.77519  2.98518  4.58477  3.61503
          0.00387  5.95145  6.67380  0.61958  0.77255  0.00000        *
      1   6.08606  7.28028  6.99605  6.99461  6.22481  6.09990  7.42095  5.84497  6.93612  4.89000  0.03249  7.10416  6.73486  7.21723  6.82801  6.43900  6.53110  5.98071  7.70209  6.80914      1 M - - -
          2.68618  4.42225  2.77519  2.73123  3.46354  2.40513  3.72494  3.29354  2.67741  2.69355  4.24690  2.90347  2.73739  3.18146  2.89801  2.37887  2.77519  2.98518  4.58477  3.61503
          0.00387  5.95145  6.67380  0.61958  0.77255  0.48576  0.95510
      2   4.00584  6.44481  3.86876  1.27559  5.87168  4.57075  4.78771  5.31748  3.36528  4.74750  5.54505  2.54121  5.03497  3.90850  0.96552  3.94609  2.42668  4.89710  6.82292  5.48059      2 r - - -
          2.68628  4.42235  2.77530  2.73134  3.46030  2.40523  3.72505  3.29364  2.67751  2.69365  4.24700  2.90357  2.73750  3.18157  2.89811  2.37897  2.77530  2.98529  4.58487  3.61513
          0.10740  2.29692  6.67380  0.10504  2.30547  0.48576  0.95510
      3   4.51045  2.24389  6.53136  6.19933  0.40888  5.50904  5.72360  3.72430  6.02050  3.62252  4.94056  5.85801  6.01779  5.99784  5.97085  4.96162  4.86470  2.24605  5.89858  4.28781      4 F - - -
          2.68618  4.42225  2.77519  2.73123  3.46354  2.40513  3.72494  3.29354  2.67741  2.69355  4.24690  2.90347  2.73739  3.18146  2.89801  2.37887  2.77519  2.98518  4.58477  3.61503
          0.00387  5.95145  6.67380  0.61958  0.77255  0.48576  0.95510
      4   6.08929  6.93602  6.77822  6.71878  2.06697  6.43299  5.00156  5.67423  6.17697  4.74267  6.15594  5.92153  6.67911  6.05940  1.21143  5.86520  6.26522  5.63892  5.07910  0.64512      5 Y - - -
          2.68618  4.42225  2.77519  2.73123  3.46354  2.40513  3.72494  3.29354  2.67741  2.69355  4.24690  2.90347  2.73739  3.18146  2.89801  2.37887  2.77519  2.98518  4.58477  3.61503
          0.00387  5.95145  6.67380  0.61958  0.77255  0.48576  0.95510
      5   5.38690  6.81538  6.59010  5.76046  5.19385  5.93597  6.05464  4.62296  4.33082  0.48883  5.03701  5.93868  6.28236  5.29451  1.17504  5.68038  5.58019  4.89875  7.00829  5.96338      6 L - - -
          2.68618  4.42225  2.77519  2.73123  3.46354  2.40513  3.72494  3.29354  2.67741  2.69355  4.24690  2.90347  2.73739  3.18146  2.89801  2.37887  2.77519  2.98518  4.58477  3.61503
          0.00387  5.95145  6.67380  0.61958  0.77255  0.48576  0.95510
      6   6.10742  7.11700  7.22041  7.07083  5.22499  6.45841  7.42140  4.62312  7.04220  0.04566  5.03628  7.34619  6.82578  6.93896  6.85568  6.83636  6.36851  5.03306  7.32643  6.46632      7 L - - -
          2.68618  4.42225  2.77519  2.73123  3.46354  2.40513  3.72494  3.29354  2.67741  2.69355  4.24690  2.90347  2.73739  3.18146  2.89801  2.37887  2.77519  2.98518  4.58477  3.61503
          0.00387  5.95145  6.67380  0.61958  0.77255  0.48576  0.95510
      7   2.27657  5.22729  5.76747  5.25208  4.47399  4.79167  5.53679  3.47302  5.06946  0.82065  4.44121  5.16306  5.30959  5.21363  5.10730  2.21394  4.06561  1.54876  6.07709  4.91068      8 l - - -
          2.68618  4.42225  2.77519  2.73123  3.46354  2.40513  3.72494  3.29354  2.67741  2.69355  4.24690  2.90347  2.73739  3.18146  2.89801  2.37887  2.77519  2.98518  4.58477  3.61503
          0.00387  5.95145  6.67380  0.61958  0.77255  0.48576  0.95510
      8   4.98065  6.68678  6.56774  6.62116  7.10706  5.41563  7.27899  6.85623  6.67618  6.43726  7.45067  6.36490  6.21709  6.90975  6.61439  5.21015  0.03660  6.14750  8.01188  7.34842      9 T - - -
          2.68618  4.42225  2.77519  2.73123  3.46354  2.40513  3.72494  3.29354  2.67741  2.69355  4.24690  2.90347  2.73739  3.18146  2.89801  2.37887  2.77519  2.98518  4.58477  3.61503
          0.00387  5.95145  6.67380  0.61958  0.77255  0.48576  0.95510
      9   5.22415  6.53108  6.87293  6.77956  6.15264  5.94010  7.46534  3.99833  6.80516  4.72411  6.06252  6.77227  6.56017  7.10255  6.81346  5.87217  5.62651  0.05909  7.83974  6.83749     10 V - - -
          2.68618  4.42225  2.77519  2.73123  3.46354  2.40513  3.72494  3.29354  2.67741  2.69355  4.24690  2.90347  2.73739  3.18146  2.89801  2.37887  2.77519  2.98518  4.58477  3.61503
          0.00387  5.95145  6.67380  0.61958  0.77255  0.48576  0.95510
     10   0.70605  5.66625  6.17362  6.19890  6.56343  4.46752  6.70541  6.00478  6.10850  5.75847  6.51307  5.40849  5.35369  6.16987  6.04614  3.97951  0.83133  5.08221  7.90391  6.92306     11 a - - -
          2.68618  4.42225  2.77519  2.73123  3.46354  2.40513  3.72494  3.29354  2.67741  2.69355  4.24690  2.90347  2.73739  3.18146  2.89801  2.37887  2.77519  2.98518  4.58477  3.61503
          0.00387  5.95145  6.67380  0.61958  0.77255  0.48576  0.95510
     11   6.10742  7.11700  7.22041  7.07083  5.22499  6.45841  7.42140  4.62312  7.04220  0.04566  5.03628  7.34619  6.82578  6.93896  6.85568  6.83636  6.36851  5.03306  7.32643  6.46632     12 L - - -
          2.68618  4.42225  2.77519  2.73123  3.46354  2.40513  3.72494  3.29354  2.67741  2.69355  4.24690  2.90347  2.73739  3.18146  2.89801  2.37887  2.77519  2.98518  4.58477  3.61503
          0.00387  5.95145  6.67380  0.61958  0.77255  0.48576  0.95510
     12   5.64945  6.68671  7.41194  6.96425  1.75039  6.99102  6.57393  3.82157  6.86077  0.29000  4.20237  7.06973  6.76055  6.36208  6.60728  6.55620  5.81157  4.28171  6.37711  5.03902     13 L - - -
          2.68618  4.42225  2.77519  2.73123  3.46354  2.40513  3.72494  3.29354  2.67741  2.69355  4.24690  2.90347  2.73739  3.18146  2.89801  2.37887  2.77519  2.98518  4.58477  3.61503
          0.00387  5.95145  6.67380  0.61958  0.77255  0.48576  0.95510
     13   6.10742  7.11700  7.22041  7.07083  5.22499  6.45841  7.42140  4.62312  7.04220  0.04566  5.03628  7.34619  6.82578  6.93896  6.85568  6.83636  6.36851  5.03306  7.32643  6.46632     14 L - - -
          2.68618  4.42225  2.77519  2.73123  3.46354  2.40513  3.72494  3.29354  2.67741  2.69355  4.24690  2.90347  2.73739  3.18146  2.89801  2.37887  2.77519  2.98518  4.58477  3.61503
          0.00387  5.95145  6.67380  0.61958  0.77255  0.48576  0.95510
     14   1.31774  5.49317  5.80857  5.48801  5.52694  4.46568  6.05498  2.17239  5.37124  4.62064  5.49911  5.17009  5.25221  5.53730  5.47590  2.01753  0.91150  4.34616  6.98904  5.85455     15 t - - -
          2.68618  4.42225  2.77519  2.73123  3.46354  2.40513  3.72494  3.29354  2.67741  2.69355  4.24690  2.90347  2.73739  3.18146  2.89801  2.37887  2.77519  2.98518  4.58477  3.61503
          0.00387  5.95145  6.67380  0.61958  0.77255  0.48576  0.95510
     15   3.77187  5.17743  5.65258  5.07594  4.09877  4.89468  5.26812  3.47313  4.86708  1.23688  4.16846  5.07819  5.28501  5.00852  4.90451  1.10005  4.02663  2.23312  2.37078  4.49165     16 s - - -
          2.68618  4.42225  2.77519  2.73123  3.46354  2.40513  3.72494  3.29354  2.67741  2.69355  4.24690  2.90347  2.73739  3.18146  2.89801  2.37887  2.77519  2.98518  4.58477  3.61503
          0.00387  5.95145  6.67380  0.61958  0.77255  0.48576  0.95510
     16   4.08832  5.38540  6.12636  5.58021  1.23329  5.41591  5.86601  1.64468  5.42141  3.39217  4.51776  5.59787  5.74477  5.58240  5.47069  2.48530  4.33899  1.16293  6.29018  5.05332     17 v - - -
          2.68618  4.42225  2.77519  2.73123  3.46354  2.40513  3.72494  3.29354  2.67741  2.69355  4.24690  2.90347  2.73739  3.18146  2.89801  2.37887  2.77519  2.98518  4.58477  3.61503
          0.00387  5.95145  6.67380  0.61958  0.77255  0.48576  0.95510
     17   3.69880  5.21025  5.48900  4.95192  4.34205  4.72468  5.34997  3.64208  4.77518  1.66181  2.18452  4.98411  5.21318  4.96208  4.87343  2.21652  0.87307  3.49331  5.94495  4.78168     18 t - - -
          2.68618  4.42225  2.77519  2.73123  3.46354  2.40513  3.72494  3.29354  2.67741  2.69355  4.24690  2.90347  2.73739  3.18146  2.89801  2.37887  2.77519  2.98518  4.58477  3.61503
          0.00387  5.95145  6.67380  0.61958  0.77255  0.48576  0.95510
     18   3.89609  5.80835  5.81306  5.88106  6.70961  0.49512  6.71147  6.31096  6.11955  5.97176  6.70844  5.42200  5.45068  6.15638  6.12509  1.13715  4.49574  5.29503  7.96800  7.00518     19 G - - -
          2.68618  4.42225  2.77519  2.73123  3.46354  2.40513  3.72494  3.29354  2.67741  2.69355  4.24690  2.90347  2.73739  3.18146  2.89801  2.37887  2.77519  2.98518  4.58477  3.61503
          0.00387  5.95145  6.67380  0.61958  0.77255  0.48576  0.95510
     19   2.31267  5.82795  2.28811  4.26255  5.67633  0.93126  5.64385  1.24525  4.82106  4.71818  5.62637  4.62096  5.27076  4.94127  5.23075  4.06932  4.35651  4.42949  7.10383  5.84295     20 g - - -
          2.68618  4.42225  2.77519  2.73123  3.46354  2.40513  3.72494  3.29354  2.67741  2.69355  4.24690  2.90347  2.73739  3.18146  2.89801  2.37887  2.77519  2.98518  4.58477  3.61503
          0.00387  5.95145  6.67380  0.61958  0.77255  0.48576  0.95510
     20   6.30385  7.69678  0.02537  5.43606  7.58908  5.88223  7.02062  7.78852  6.47638  7.00151  8.21854  5.99827  6.57102  6.46174  6.84522  6.28274  6.69372  7.33409  8.13890  7.55692     21 D - - -
          2.68618  4.42225  2.77519  2.73123  3.46354  2.40513  3.72494  3.29354  2.67741  2.69355  4.24690  2.90347  2.73739  3.18146  2.89801  2.37887  2.77519  2.98518  4.58477  3.61503
          0.00387  5.95145  6.67380  0.61958  0.77255  0.48576  0.95510
     21   0.22669  5.65992  6.11830  6.16556  6.60631  4.45254  6.70991  6.14335  6.13869  5.84199  6.56290  5.39048  5.34219  6.17216  6.07235  1.97822  4.34724  5.13315  7.93735  6.95414     22 A - - -
          2.68464  4.42264  2.77559  2.73163  3.46393  2.40552  3.72534  3.29393  2.67780  2.69394  4.24729  2.90386  2.73576  3.18186  2.89840  2.37926  2.77559  2.98297  4.58516  3.61542
          0.13465  2.07166        *  1.05767  0.42658  0.00000        *
//
HMMER3/f [3.4 | Aug 2023]
NAME  Insulin
LENG  23
ALPH  amino
RF    no
MM    no
CONS  yes
CS    no
MAP   yes
DATE  Sat Jul  6 16:34:43 2024
NSEQ  9
EFFN  3.405762
CKSUM 2958446125
STATS LOCAL MSV       -6.4058  0.72025
STATS LOCAL VITERBI   -6.7219  0.72025
STATS LOCAL FORWARD   -4.1864  0.72025
HMM          A        C        D        E        F        G        H        I        K        L        M        N        P        Q        R        S        T        V        W        Y   
            m->m     m->i     m->d     i->m     i->i     d->m     d->d
  COMPO   2.84115  3.58686  4.89793  4.65555  2.47102  2.75507  4.40595  3.63598  4.36866  1.37817  2.90514  4.70460  4.87087  3.37527  4.10651  2.39942  2.44429  2.57891  5.60165  2.71251
          2.68618  4.42225  2.77519  2.73123  3.46354  2.40513  3.72494  3.29354  2.67741  2.69355  4.24690  2.90347  2.73739  3.18146  2.89801  2.37887  2.77519  2.98518  4.58477  3.61503
          0.00979  5.02751  5.74986  0.61958  0.77255  0.00000        *
      1   4.41890  5.82149  5.61477  5.43499  4.42130  4.95238  5.92192  3.77192  5.17785  2.95194  0.20774  5.54776  5.51543  5.51050  5.21665  4.81046  4.80274  3.89294  6.27009  5.13359      1 M - - -
          2.68618  4.42225  2.77519  2.73123  3.46354  2.40513  3.72494  3.29354  2.67741  2.69355  4.24690  2.90347  2.73739  3.18146  2.89801  2.37887  2.77519  2.98518  4.58477  3.61503
          0.00979  5.02751  5.74986  0.61958  0.77255  0.48576  0.95510
      2   1.64785  4.81132  4.81833  4.65280  5.29936  3.63384  5.45397  4.55515  4.61823  4.39327  5.24529  4.36502  4.47161  4.83398  4.75525  3.12967  0.51239  3.93325  6.68912  5.58389      2 T - - -
          2.68618  4.42225  2.77519  2.73123  3.46354  2.40513  3.72494  3.29354  2.67741  2.69355  4.24690  2.90347  2.73739  3.18146  2.89801  2.37887  2.77519  2.98518  4.58477  3.61503
          0.00979  5.02751  5.74986  0.61958  0.77255  0.48576  0.95510
      3   3.56159  5.36771  5.01739  4.96707  5.56543  4.13908  5.81168  4.93742  4.95399  4.71595  5.74914  4.85700  4.94300  5.27797  5.05173  3.78111  0.17548  4.43578  6.80111  5.80431      3 T - - -
          2.68618  4.42225  2.77519  2.73123  3.46354  2.40513  3.72494  3.29354  2.67741  2.69355  4.24690  2.90347  2.73739  3.18146  2.89801  2.37887  2.77519  2.98518  4.58477  3.61503
          0.00979  5.02751  5.74986  0.61958  0.77255  0.48576  0.95510
      4   3.10898  4.96501  4.42708  4.16746  4.56106  3.83695  5.04086  4.04908  4.08691  2.26366  4.75533  4.24702  4.57472  4.43474  4.31561  0.47331  3.59030  3.70917  6.09048  4.76425      4 S - - -
          2.68618  4.42225  2.77519  2.73123  3.46354  2.40513  3.72494  3.29354  2.67741  2.69355  4.24690  2.90347  2.73739  3.18146  2.89801  2.37887  2.77519  2.98518  4.58477  3.61503
          0.00979  5.02751  5.74986  0.61958  0.77255  0.48576  0.95510
      5   3.33904  5.08511  4.71673  4.46713  1.43334  4.07623  4.71082  4.12050  4.45726  3.66675  4.74936  4.42714  4.76689  4.63886  4.62827  0.71002  3.79390  3.82171  5.14983  3.51786      5 s - - -
          2.68618  4.42225  2.77519  2.73123  3.46354  2.40513  3.72494  3.29354  2.67741  2.69355  4.24690  2.90347  2.73739  3.18146  2.89801  2.37887  2.77519  2.98518  4.58477  3.61503
          0.00979  5.02751  5.74986  0.61958  0.77255  0.48576  0.95510
      6   4.10390  1.92711  5.49089  5.26167  3.04371  4.77039  4.53120  4.22639  5.01011  3.72083  4.92236  4.93628  5.30736  5.08342  5.00170  4.30112  4.46787  4.05415  4.70098  0.45821      6 Y - - -
          2.68618  4.42225  2.77519  2.73123  3.46354  2.40513  3.72494  3.29354  2.67741  2.69355  4.24690  2.90347  2.73739  3.18146  2.89801  2.37887  2.77519  2.98518  4.58477  3.61503
          0.00979  5.02751  5.74986  0.61958  0.77255  0.48576  0.95510
      7   5.06948  6.14163  5.86606  5.85142  0.15441  5.25626  4.91288  4.65766  5.78649  3.79550  5.24570  5.52144  5.75326  5.68443  5.63691  5.20390  5.39884  4.70222  5.01202  3.31922      7 F - - -
          2.68618  4.42225  2.77519  2.73123  3.46354  2.40513  3.72494  3.29354  2.67741  2.69355  4.24690  2.90347  2.73739  3.18146  2.89801  2.37887  2.77519  2.98518  4.58477  3.61503
          0.00979  5.02751  5.74986  0.61958  0.77255  0.48576  0.95510
      8   4.72284  5.90765  6.01758  5.76531  4.02489  5.43889  6.13969  3.35347  5.58496  0.17404  3.87022  5.98502  5.76106  5.63574  5.53340  5.36784  4.99323  3.65396  6.15807  5.11838      8 L - - -
          2.68618  4.42225  2.77519  2.73123  3.46354  2.40513  3.72494  3.29354  2.67741  2.69355  4.24690  2.90347  2.73739  3.18146  2.89801  2.37887  2.77519  2.98518  4.58477  3.61503
          0.00979  5.02751  5.74986  0.61958  0.77255  0.48576  0.95510
      9   4.72284  5.90765  6.01758  5.76531  4.02489  5.43889  6.13969  3.35347  5.58496  0.17404  3.87022  5.98502  5.76106  5.63574  5.53340  5.36784  4.99323  3.65396  6.15807  5.11838      9 L - - -
          2.68618  4.42225  2.77519  2.73123  3.46354  2.40513  3.72494  3.29354  2.67741  2.69355  4.24690  2.90347  2.73739  3.18146  2.89801  2.37887  2.77519  2.98518  4.58477  3.61503
          0.00979  5.02751  5.74986  0.61958  0.77255  0.48576  0.95510
     10   3.75906  5.03916  5.71954  5.24191  4.06189  5.12228  5.78318  2.35408  5.09110  2.49703  1.62094  5.34945  5.42588  5.27789  5.18937  4.54703  4.03226  0.69973  6.10444  4.94822     10 v - - -
          2.68618  4.42225  2.77519  2.73123  3.46354  2.40513  3.72494  3.29354  2.67741  2.69355  4.24690  2.90347  2.73739  3.18146  2.89801  2.37887  2.77519  2.98518  4.58477  3.61503
          0.00979  5.02751  5.74986  0.61958  0.77255  0.48576  0.95510
     11   0.60408  4.79929  4.84677  4.66530  5.29877  3.62321  5.45115  4.58061  4.62560  4.40164  5.24119  4.36214  4.46131  4.83100  4.76325  3.11586  1.40747  3.94236  6.68482  5.58190     11 A - - -
          2.68618  4.42225  2.77519  2.73123  3.46354  2.40513  3.72494  3.29354  2.67741  2.69355  4.24690  2.90347  2.73739  3.18146  2.89801  2.37887  2.77519  2.98518  4.58477  3.61503
          0.00979  5.02751  5.74986  0.61958  0.77255  0.48576  0.95510
     12   4.72284  5.90765  6.01758  5.76531  4.02489  5.43889  6.13969  3.35347  5.58496  0.17404  3.87022  5.98502  5.76106  5.63574  5.53340  5.36784  4.99323  3.65396  6.15807  5.11838     12 L - - -
          2.68618  4.42225  2.77519  2.73123  3.46354  2.40513  3.72494  3.29354  2.67741  2.69355  4.24690  2.90347  2.73739  3.18146  2.89801  2.37887  2.77519  2.98518  4.58477  3.61503
          0.00979  5.02751  5.74986  0.61958  0.77255  0.48576  0.95510
     13   4.56242  6.09312  5.41264  5.46657  6.36461  0.06991  6.36433  6.35993  5.75925  5.78374  6.85436  5.58241  5.48174  6.00247  5.75681  4.78103  5.10498  5.69623  7.05296  6.54050     13 G - - -
          2.68618  4.42225  2.77519  2.73123  3.46354  2.40513  3.72494  3.29354  2.67741  2.69355  4.24690  2.90347  2.73739  3.18146  2.89801  2.37887  2.77519  2.98518  4.58477  3.61503
          0.00979  5.02751  5.74986  0.61958  0.77255  0.48576  0.95510
     14   4.72284  5.90765  6.01758  5.76531  4.02489  5.43889  6.13969  3.35347  5.58496  0.17404  3.87022  5.98502  5.76106  5.63574  5.53340  5.36784  4.99323  3.65396  6.15807  5.11838     14 L - - -
          2.68618  4.42225  2.77519  2.73123  3.46354  2.40513  3.72494  3.29354  2.67741  2.69355  4.24690  2.90347  2.73739  3.18146  2.89801  2.37887  2.77519  2.98518  4.58477  3.61503
          0.00979  5.02751  5.74986  0.61958  0.77255  0.48576  0.95510
     15   4.72284  5.90765  6.01758  5.76531  4.02489  5.43889  6.13969  3.35347  5.58496  0.17404  3.87022  5.98502  5.76106  5.63574  5.53340  5.36784  4.99323  3.65396  6.15807  5.11838     15 L - - -
          2.68618  4.42225  2.77519  2.73123  3.46354  2.40513  3.72494  3.29354  2.67741  2.69355  4.24690  2.90347  2.73739  3.18146  2.89801  2.37887  2.77519  2.98518  4.58477  3.61503
          0.00979  5.02751  5.74986  0.61958  0.77255  0.48576  0.95510
     16   4.72284  5.90765  6.01758  5.76531  4.02489  5.43889  6.13969  3.35347  5.58496  0.17404  3.87022  5.98502  5.76106  5.63574  5.53340  5.36784  4.99323  3.65396  6.15807  5.11838     16 L - - -
          2.68618  4.42225  2.77519  2.73123  3.46354  2.40513  3.72494  3.29354  2.67741  2.69355  4.24690  2.90347  2.73739  3.18146  2.89801  2.37887  2.77519  2.98518  4.58477  3.61503
          0.00979  5.02751  5.74986  0.61958  0.77255  0.48576  0.95510
     17   4.96071  6.02215  5.40960  5.29440  2.63006  5.35680  1.87032  4.77259  5.03314  3.90546  5.26742  4.92468  5.68057  5.04627  5.02189  4.82867  5.17400  4.69781  4.30445  0.43084     17 Y - - -
          2.68618  4.42225  2.77519  2.73123  3.46354  2.40513  3.72494  3.29354  2.67741  2.69355  4.24690  2.90347  2.73739  3.18146  2.89801  2.37887  2.77519  2.98518  4.58477  3.61503
          0.00979  5.02751  5.74986  0.61958  0.77255  0.48576  0.95510
     18   3.92916  5.29807  5.66747  5.46329  4.74302  4.90180  6.18328  2.68340  5.38940  3.29605  4.62252  5.47934  5.47747  5.71088  5.49353  4.57734  4.30643  0.24273  6.64110  5.43748     18 V - - -
          2.68618  4.42225  2.77519  2.73123  3.46354  2.40513  3.72494  3.29354  2.67741  2.69355  4.24690  2.90347  2.73739  3.18146  2.89801  2.37887  2.77519  2.98518  4.58477  3.61503
          0.00979  5.02751  5.74986  0.61958  0.77255  0.48576  0.95510
     19   3.22609  0.94222  4.50211  4.01203  2.45415  4.15002  4.49544  3.31984  3.81099  2.94714  3.99038  4.19643  4.63441  2.09909  4.01836  3.51493  3.52648  3.14025  5.11777  3.66972     19 c - - -
          2.68618  4.42225  2.77519  2.73123  3.46354  2.40513  3.72494  3.29354  2.67741  2.69355  4.24690  2.90347  2.73739  3.18146  2.89801  2.37887  2.77519  2.98518  4.58477  3.61503
          0.00979  5.02751  5.74986  0.61958  0.77255  0.48576  0.95510
     20   3.90251  5.96224  4.24675  3.59254  5.49553  4.39566  4.30810  4.88976  2.49558  4.23042  5.13384  3.95345  4.77868  0.66150  1.63753  3.87963  4.04988  4.56719  6.17007  5.05240     20 Q - - -
          2.68618  4.42225  2.77519  2.73123  3.46354  2.40513  3.72494  3.29354  2.67741  2.69355  4.24690  2.90347  2.73739  3.18146  2.89801  2.37887  2.77519  2.98518  4.58477  3.61503
          0.00979  5.02751  5.74986  0.61958  0.77255  0.48576  0.95510
     21   1.63293  4.81651  4.74173  4.61975  5.49012  3.59769  5.49142  4.96170  4.67672  4.67002  5.44378  4.33647  4.45013  4.85396  4.82265  0.47776  3.46290  4.14253  6.82934  5.72931     21 S - - -
          2.68628  4.42235  2.77530  2.73134  3.46364  2.40523  3.72505  3.29364  2.67751  2.69365  4.24700  2.90357  2.73750  3.18157  2.89811  2.37783  2.77530  2.98529  4.58487  3.61513
          1.06647  1.36646  0.91437  0.10446  2.31073  0.48576  0.95510
     22   4.21529  5.43277  5.15084  5.02333  0.35407  4.66257  4.34476  3.71855  4.93065  2.95110  4.36837  4.82331  5.13379  4.92713  4.88795  4.42016  4.53012  3.74961  4.47471  2.79123     23 F - - -
          2.68618  4.42225  2.77519  2.73123  3.46354  2.40513  3.72494  3.29354  2.67741  2.69355  4.24690  2.90347  2.73739  3.18146  2.89801  2.37887  2.77519  2.98518  4.58477  3.61503
          0.01630  4.52070  5.24304  0.61958  0.77255  1.25233  0.33664
     23   2.97292  4.72226  3.96512  3.65859  4.02315  1.09755  4.57004  3.35751  3.60709  1.40299  4.09623  3.90592  4.33567  3.95796  3.86106  3.20269  3.36325  3.14950  5.55346  4.30951     24 g - - -
          2.68618  4.42225  2.77519  2.73123  3.46354  2.40513  3.72494  3.29354  2.67741  2.69355  4.24690  2.90347  2.73739  3.18146  2.89801  2.37887  2.77519  2.98518  4.58477  3.61503
          0.01100  4.51540        *  0.61958  0.77255  0.00000        *
//
